Time,Car,Bus,Truck,Van,Pickup,Taxi,Motorcycle,Bicycle,Persons,EmergencyVehicles,TotalVehicles
0,71,0,5,0,0,0,0,0,0,0,76
1,64,0,6,0,0,0,0,0,0,0,70
2,63,0,5,0,0,0,0,0,0,0,68
3,54,0,5,0,0,0,0,0,0,0,59
4,54,0,5,0,0,0,0,0,0,0,59
5,45,0,5,0,0,0,0,0,0,0,50
6,49,0,5,0,0,0,0,0,0,0,54
7,50,0,5,0,0,0,0,0,0,0,55
8,51,0,7,0,0,0,0,0,0,0,58
9,58,0,9,0,0,0,0,0,0,0,67
10,65,0,6,0,0,0,0,0,0,0,71
11,62,0,7,0,0,0,0,0,0,0,69
12,56,0,6,0,0,0,0,0,0,0,62
13,58,0,10,0,0,0,0,0,0,0,68
14,53,0,10,0,0,0,0,0,0,0,63
15,67,0,10,0,0,0,0,0,0,0,77
16,55,0,10,0,0,0,0,0,0,0,65
17,51,0,10,0,0,0,0,0,0,0,61
18,50,0,10,0,0,0,0,0,0,0,60
19,48,0,9,0,0,0,0,0,0,0,57
20,55,0,10,0,0,0,0,0,0,0,65
21,50,0,9,0,0,0,0,0,0,0,59
22,45,0,5,0,0,0,0,0,0,0,50
23,41,0,6,0,0,0,0,0,0,0,47
24,36,0,10,0,0,0,0,0,0,0,46
25,29,0,15,0,0,0,0,0,0,0,44
26,25,0,19,0,0,0,0,0,0,0,44
27,26,0,18,0,0,0,0,0,0,0,44
28,29,0,17,0,0,0,0,0,0,0,46
29,34,0,7,0,0,0,0,0,0,0,41
30,31,0,2,0,0,0,0,0,0,0,33
31,26,0,1,0,0,0,0,0,0,0,27
32,23,1,4,0,0,0,0,0,0,0,28
33,20,0,8,0,0,0,0,0,0,0,28
34,23,0,13,0,0,0,0,0,0,0,36
35,20,0,13,0,0,0,0,0,0,0,33
36,18,0,12,0,0,0,0,0,0,0,30
37,11,0,14,0,0,0,0,0,0,0,25
38,13,0,7,0,0,0,0,0,0,0,20
39,21,0,7,0,0,0,0,0,0,0,28
40,18,0,6,0,0,0,0,0,0,0,24
41,19,0,12,0,0,0,0,0,0,0,31
42,18,0,14,0,0,0,0,0,0,0,32
43,19,0,14,0,0,0,0,0,0,0,33
44,19,0,10,0,0,0,0,0,0,0,29
45,15,0,10,0,0,0,0,0,0,0,25
46,19,0,10,0,0,0,0,0,0,0,29
47,25,0,10,0,0,0,0,0,0,0,35
48,28,0,4,0,0,0,0,0,0,0,32
49,28,0,0,0,0,0,0,0,0,0,28
50,23,0,0,0,0,0,0,0,0,0,23
51,19,0,0,0,0,0,0,0,0,0,19
52,18,0,0,0,0,0,0,0,0,0,18
53,22,0,0,0,0,0,0,0,0,0,22
54,25,0,0,0,0,0,0,0,0,0,25
55,24,0,0,0,0,0,0,0,0,0,24
56,19,0,0,0,0,0,0,0,0,0,19
57,21,0,0,0,0,0,0,0,0,0,21
58,22,0,0,0,0,0,0,0,0,0,22
59,25,0,0,0,0,0,0,0,0,0,25
60,19,0,0,0,0,0,0,0,0,0,19
61,25,0,0,0,0,0,0,0,0,0,25
62,21,0,0,0,0,0,0,0,0,0,21
63,21,0,0,0,0,0,0,0,0,0,21
64,25,0,0,0,0,0,0,0,0,0,25
65,27,0,0,0,0,0,0,0,0,0,27
66,26,0,0,0,0,0,0,0,0,0,26
67,23,0,0,0,0,0,0,0,0,0,23
68,22,0,0,0,0,0,0,0,0,0,22
69,22,0,0,0,0,0,0,0,0,0,22
70,29,0,1,0,0,0,0,0,0,0,30
71,27,0,0,0,0,0,0,0,0,0,27
72,30,0,0,0,0,0,0,0,0,0,30
73,31,0,0,0,0,0,0,0,0,0,31
74,32,0,0,0,0,0,0,0,0,0,32
75,31,0,0,0,0,0,0,0,0,0,31
76,32,0,0,0,0,0,0,0,0,0,32
77,37,0,0,0,0,0,0,0,0,0,37
78,40,0,0,0,0,0,0,0,0,0,40
79,43,0,0,0,0,0,0,0,0,0,43
80,39,0,0,0,0,0,0,0,0,0,39
81,46,0,0,0,0,0,0,0,0,0,46
82,38,0,0,0,0,0,0,0,0,0,38
83,36,0,0,0,0,0,0,0,0,0,36
84,37,0,0,0,0,0,0,0,0,0,37
85,44,0,0,0,0,0,0,0,0,0,44
86,44,0,0,0,0,0,0,0,0,0,44
87,45,0,0,0,0,0,0,0,0,0,45
88,48,0,0,0,0,0,0,0,0,0,48
89,50,0,0,0,0,0,0,0,0,0,50
90,50,0,0,0,0,0,0,0,0,0,50
91,44,0,0,0,0,0,0,0,0,0,44
92,49,0,0,0,0,0,0,0,0,0,49
93,50,0,0,0,0,0,0,0,0,0,50
94,50,0,0,0,0,0,0,0,0,0,50
95,53,0,0,0,0,0,0,0,0,0,53
96,50,0,5,0,0,0,0,0,0,0,55
97,51,0,5,0,0,0,0,0,0,0,56
98,58,0,1,0,0,0,0,0,0,0,59
99,67,0,0,0,0,0,0,0,0,0,67
100,61,0,0,0,0,0,0,0,0,0,61
101,60,0,0,0,0,0,0,0,0,0,60
102,60,0,0,0,0,0,0,0,0,0,60
103,56,0,0,0,0,0,0,0,0,0,56
104,58,0,4,0,0,0,0,0,0,0,62
105,58,0,5,0,0,0,0,0,0,0,63
106,54,0,5,0,0,0,0,0,0,0,59
107,57,0,5,0,0,0,0,0,0,0,62
108,63,0,5,0,0,0,0,0,0,0,68
109,56,0,7,0,0,0,0,0,0,0,63
110,57,0,3,0,0,0,0,0,0,0,60
111,53,0,0,0,0,0,0,0,0,0,53
112,56,0,0,0,0,0,0,0,0,0,56
113,63,0,2,0,0,0,0,0,0,0,65
114,63,0,0,0,0,0,0,0,0,0,63
115,64,0,0,0,0,0,0,0,1,0,64
116,58,0,0,0,0,0,0,0,0,0,58
117,58,0,0,0,0,0,0,0,0,0,58
118,54,0,5,0,0,0,0,0,0,0,59
119,51,0,10,0,0,0,0,0,0,0,61
120,56,0,8,0,0,0,0,0,0,0,64
121,59,0,0,0,0,0,0,0,0,0,59
122,62,0,0,0,0,0,0,0,0,0,62
123,63,0,2,0,0,0,0,0,0,0,65
124,65,0,1,0,0,0,0,0,0,0,66
125,55,0,1,0,0,0,0,0,0,0,56
126,45,0,4,0,0,0,0,0,0,0,49
127,49,0,5,0,0,0,0,0,0,0,54
128,53,0,1,0,0,0,0,0,0,0,54
129,44,0,0,0,0,0,0,0,0,0,44
130,44,0,0,0,0,0,0,0,0,0,44
131,39,0,0,0,0,0,0,0,0,0,39
132,40,0,0,0,0,0,0,0,0,0,40
133,48,0,0,0,0,0,0,0,0,0,48
134,42,0,1,0,0,0,0,0,0,0,43
135,40,0,0,0,0,0,0,0,0,0,40
136,36,0,0,0,0,0,0,0,0,0,36
137,32,0,0,0,0,0,0,0,0,0,32
138,36,0,0,0,0,0,0,0,0,0,36
139,42,0,2,0,0,0,0,0,0,0,44
140,44,0,2,0,0,0,0,0,0,0,46
141,35,0,4,0,0,0,0,0,0,0,39
142,32,0,7,0,0,0,0,0,0,0,39
143,24,0,6,0,0,0,0,0,0,0,30
144,23,0,7,0,0,0,0,0,0,0,30
145,9,0,13,0,0,0,0,0,0,0,22
146,11,0,14,0,0,0,0,0,0,0,25
147,18,1,8,0,0,0,0,0,0,0,27
148,22,0,5,0,0,0,0,0,0,0,27
149,22,0,5,0,0,0,0,0,0,0,27
150,35,0,6,0,0,0,0,0,0,0,41
151,34,0,9,0,0,0,0,0,0,0,43
152,34,0,13,0,0,0,0,0,0,0,47
153,41,0,9,0,0,0,0,0,0,0,50
154,36,0,8,0,0,0,0,0,0,0,44
155,26,0,10,0,0,0,0,0,0,0,36
156,25,0,10,0,0,0,0,0,0,0,35
157,16,0,7,0,0,0,0,0,0,0,23
158,20,0,10,0,0,0,0,0,0,0,30
159,24,0,9,0,0,0,0,0,0,0,33
160,22,0,4,0,0,0,0,0,0,0,26
161,26,0,0,0,0,0,0,0,0,0,26
162,27,0,0,0,0,0,0,0,0,0,27
163,30,0,0,0,0,0,0,0,0,0,30
164,26,0,0,0,0,0,0,0,0,0,26
165,28,0,0,0,0,0,0,0,0,0,28
166,33,0,0,0,0,0,0,0,0,0,33
167,29,0,0,0,0,0,0,0,0,0,29
168,24,0,0,0,0,0,0,0,0,0,24
169,31,0,0,0,0,0,0,0,0,0,31
170,24,0,0,0,0,0,0,0,0,0,24
171,23,0,0,0,0,0,0,0,0,0,23
172,19,0,0,0,0,0,0,0,0,0,19
173,19,0,0,0,0,0,0,0,0,0,19
174,20,0,0,0,0,0,0,0,0,0,20
175,16,0,0,0,0,0,0,0,0,0,16
176,12,0,0,0,0,0,0,0,0,0,12
177,14,0,1,0,0,0,0,0,0,0,15
178,14,0,5,0,0,0,0,0,0,0,19
179,13,0,5,0,0,0,0,0,0,0,18
180,15,0,9,0,0,0,0,0,0,0,24
181,17,0,5,0,0,0,0,0,0,0,22
182,16,0,5,0,0,0,0,0,0,0,21
183,13,0,5,0,0,0,0,0,0,0,18
184,15,0,7,0,0,0,0,0,0,0,22
185,19,0,5,0,0,0,0,0,0,0,24
186,26,0,5,0,0,0,0,0,0,0,31
187,24,0,6,0,0,0,0,0,0,0,30
188,21,0,7,0,0,0,0,0,0,0,28
189,24,0,5,0,0,0,0,0,0,0,29
190,28,0,3,0,0,0,0,0,0,0,31
191,26,0,2,0,0,0,0,0,0,0,28
192,38,0,0,0,0,0,0,0,0,0,38
193,31,0,0,0,0,0,0,0,0,0,31
194,38,0,0,0,0,0,0,0,0,0,38
195,31,0,0,0,0,0,0,0,0,0,31
196,35,0,0,0,0,0,0,0,0,0,35
197,40,0,0,0,0,0,0,0,0,0,40
198,38,0,0,0,0,0,0,0,0,0,38
199,42,0,0,0,0,0,0,0,0,0,42
200,40,0,0,0,0,0,0,0,0,0,40
201,40,0,0,0,0,0,0,0,0,0,40
202,40,0,0,0,0,0,0,0,0,0,40
203,42,0,0,0,0,0,0,0,0,0,42
204,42,0,0,0,0,0,0,0,0,0,42
205,43,0,0,0,0,0,0,0,0,0,43
206,46,0,0,0,0,0,0,0,0,0,46
207,48,0,0,0,0,0,0,0,0,0,48
208,50,0,0,0,0,0,0,0,0,0,50
209,50,0,5,0,0,0,0,0,0,0,55
210,51,0,9,0,0,0,0,0,0,0,60
211,11,0,2,0,0,0,0,0,0,0,13
212,45,0,0,0,0,0,0,0,0,0,45
213,68,0,0,0,0,0,0,0,0,0,68
214,73,0,1,0,0,0,0,0,0,0,74
215,71,0,4,0,0,0,0,0,0,0,75
216,70,0,6,0,0,0,0,0,0,0,76
217,77,0,4,0,0,0,0,0,0,0,81
218,83,0,1,0,0,0,0,0,0,0,84
219,83,0,0,0,0,0,0,0,0,0,83
220,79,0,0,0,0,0,0,0,0,0,79
221,83,0,0,0,0,0,0,0,0,0,83
222,98,0,0,0,0,0,0,0,0,0,98
223,101,0,0,0,0,0,0,0,0,0,101
224,91,0,0,0,0,0,0,0,0,0,91
225,90,0,0,0,0,0,0,0,0,0,90
226,82,0,0,0,0,0,0,0,0,0,82
227,78,0,0,0,0,0,0,0,0,0,78
228,73,0,0,0,0,0,0,0,0,0,73
229,70,0,0,0,0,0,0,0,0,0,70
230,73,0,2,0,0,0,0,0,0,0,75
231,70,0,5,0,0,0,0,0,0,0,75
232,62,0,9,0,0,0,0,0,0,0,71
233,53,0,15,0,0,0,0,0,0,0,68
234,66,0,11,0,0,0,0,0,0,0,77
235,61,0,10,0,0,0,0,0,0,0,71
236,63,0,8,0,0,0,0,0,0,0,71
237,61,0,18,0,0,0,0,0,0,0,79
238,63,0,25,0,0,0,0,0,0,0,88
239,48,0,25,0,0,0,0,0,0,0,73
240,39,0,27,0,0,0,0,0,0,0,66
241,35,0,22,0,0,0,0,0,0,0,57
242,24,0,23,0,0,0,0,0,0,0,47
243,28,0,19,0,0,0,0,0,0,0,47
244,24,0,19,0,0,0,0,0,0,0,43
245,29,0,18,0,0,0,0,0,0,0,47
246,38,0,18,0,0,0,0,0,0,0,56
247,40,0,20,0,0,0,0,0,0,0,60
248,38,0,17,0,0,0,0,0,0,0,55
249,41,0,15,0,0,0,0,0,0,0,56
250,37,0,10,0,0,0,0,0,0,0,47
251,46,0,7,0,0,0,0,0,0,0,53
252,54,0,4,0,0,0,0,0,0,0,58
253,39,0,2,0,0,0,0,0,0,0,41
254,55,0,0,0,0,0,0,0,0,0,55
255,52,0,0,0,0,0,0,0,0,0,52
256,45,0,0,0,0,0,0,0,0,0,45
257,44,0,0,0,0,0,0,0,0,0,44
258,41,0,0,0,0,0,0,0,0,0,41
259,37,0,0,0,0,0,0,0,0,0,37
260,35,0,4,0,0,0,0,0,0,0,39
261,31,0,5,0,0,0,0,0,0,0,36
262,27,0,5,0,0,0,0,0,0,0,32
263,26,0,5,0,0,0,0,0,0,0,31
264,33,0,5,0,0,0,0,0,0,0,38
265,31,0,5,0,0,0,0,0,0,0,36
266,36,0,5,0,0,0,0,0,0,0,41
267,37,0,5,0,0,0,0,0,0,0,42
268,40,0,5,0,0,0,0,0,0,0,45
269,41,0,3,0,0,0,0,0,0,0,44
270,40,0,4,0,0,0,0,0,0,0,44
271,47,0,1,0,0,0,0,0,0,0,48
272,39,0,0,0,0,0,0,0,0,0,39
273,43,0,0,0,0,0,0,0,0,0,43
274,39,0,0,0,0,0,0,0,0,0,39
275,40,0,0,0,0,0,0,0,0,0,40
276,40,0,0,0,0,0,0,0,0,0,40
277,38,0,0,0,0,0,0,0,0,0,38
278,40,0,0,0,0,0,0,0,0,0,40
279,40,0,0,0,0,0,0,0,0,0,40
280,40,0,0,0,0,0,0,0,0,0,40
281,35,0,0,0,0,0,0,0,0,0,35
282,40,0,0,0,0,0,0,0,0,0,40
283,40,0,0,0,0,0,0,0,0,0,40
284,39,0,1,0,0,0,0,0,0,0,40
285,40,0,0,0,0,0,0,0,0,0,40
286,41,0,0,0,0,0,0,0,0,0,41
287,45,0,0,0,0,0,0,0,0,0,45
288,44,0,0,0,0,0,0,0,0,0,44
289,40,0,0,0,0,0,0,0,0,0,40
290,44,0,0,0,0,0,0,0,0,0,44
291,47,0,0,0,0,0,0,0,0,0,47
292,46,0,0,0,0,0,0,0,0,0,46
293,40,0,0,0,0,0,0,0,0,0,40
294,37,0,0,0,0,0,0,0,0,0,37
295,34,0,1,0,0,0,0,0,0,0,35
296,40,0,0,0,0,0,0,0,0,0,40
297,41,0,0,0,0,0,0,0,0,0,41
298,40,0,0,0,0,0,0,0,0,0,40
299,43,0,0,0,0,0,0,0,0,0,43
300,44,0,0,0,0,0,0,0,0,0,44
301,40,1,3,0,0,0,0,0,0,0,44
302,37,0,4,0,0,0,0,0,0,0,41
303,36,0,3,0,0,0,0,0,0,0,39
304,39,0,5,0,0,0,0,0,0,0,44
305,41,0,6,0,0,0,0,0,0,0,47
306,37,0,5,0,0,0,0,0,0,0,42
307,47,0,3,0,0,0,0,0,0,0,50
308,43,0,0,0,0,0,0,0,0,0,43
309,44,0,2,0,0,0,0,0,0,0,46
310,46,0,2,0,0,0,0,0,0,0,48
311,43,0,5,0,0,0,0,0,0,0,48
312,47,0,5,0,0,0,0,0,0,0,52
313,48,0,5,0,0,0,0,0,0,0,53
314,50,0,1,0,0,0,0,0,0,0,51
315,40,0,1,0,0,0,0,0,0,0,41
316,37,0,2,0,0,0,0,0,0,0,39
317,37,0,3,0,0,0,0,0,0,0,40
318,36,0,0,0,0,0,0,0,0,0,36
319,45,0,0,0,0,0,0,0,0,0,45
320,38,0,0,0,0,0,0,0,0,0,38
321,32,0,4,0,0,0,0,0,0,0,36
322,39,0,5,0,0,0,0,0,0,0,44
323,48,0,4,0,0,0,0,0,0,0,52
324,53,0,0,0,0,0,0,0,0,0,53
325,54,0,0,0,0,0,0,0,0,0,54
326,45,0,0,0,0,0,0,0,0,0,45
327,55,0,0,0,0,0,0,0,0,0,55
328,57,0,0,0,0,0,0,0,0,0,57
329,55,0,0,0,0,0,0,0,0,0,55
330,55,0,1,0,0,0,0,0,0,0,56
331,59,0,0,0,0,0,0,0,0,0,59
332,61,0,3,0,0,0,0,0,0,0,64
333,59,0,7,0,0,0,0,0,0,0,66
334,63,0,4,0,0,0,0,0,0,0,67
335,55,0,3,0,0,0,0,0,0,0,58
336,63,0,0,0,0,0,0,0,0,0,63
337,66,0,4,0,0,0,0,0,0,0,70
338,67,0,5,0,0,0,0,0,0,0,72
339,76,0,2,0,0,0,0,0,0,0,78
340,60,0,2,0,0,0,0,0,0,0,62
341,60,0,0,0,0,0,0,0,0,0,60
342,57,0,0,0,0,0,0,0,0,0,57
343,55,0,0,0,0,0,0,0,0,0,55
344,65,0,2,0,0,0,0,0,0,0,67
345,62,0,3,0,0,0,0,0,0,0,65
346,67,0,9,0,0,0,0,0,0,0,76
347,69,0,5,0,0,0,0,0,0,0,74
348,59,0,7,0,0,0,0,0,0,0,66
349,58,0,6,0,0,0,0,0,0,0,64
350,57,0,5,0,0,0,0,0,0,0,62
351,67,0,9,0,0,0,0,0,0,0,76
352,63,0,10,0,0,0,0,0,0,0,73
353,61,0,10,0,0,0,0,0,0,0,71
354,73,0,10,0,0,0,0,0,0,0,83
355,60,0,10,0,0,0,0,0,0,0,70
356,51,0,12,0,0,0,0,0,0,0,63
357,44,0,15,0,0,0,0,0,0,0,59
358,43,0,18,0,0,0,0,0,0,0,61
359,46,0,15,0,0,0,0,0,0,0,61
360,41,0,15,0,0,0,0,0,0,0,56
361,43,0,15,0,0,0,0,0,0,0,58
362,45,0,6,0,0,0,0,0,0,0,51
363,50,0,5,0,0,0,0,0,0,0,55
364,45,0,8,0,0,0,0,0,0,0,53
365,45,0,10,0,0,0,0,0,0,0,55
366,42,0,10,0,0,0,0,0,0,0,52
367,35,0,11,0,0,0,0,0,0,0,46
368,28,0,10,0,0,0,0,0,0,0,38
369,27,0,11,0,0,0,0,0,0,0,38
370,28,0,10,0,0,0,0,0,0,0,38
371,23,0,10,0,0,0,0,0,0,0,33
372,27,0,10,0,0,0,0,0,0,0,37
373,26,0,10,0,0,0,0,0,0,0,36
374,28,0,10,0,0,0,0,0,0,0,38
375,25,0,10,0,0,0,0,0,0,0,35
376,27,0,10,0,0,0,0,0,0,0,37
377,42,0,7,0,0,0,0,0,0,0,49
378,39,0,7,0,0,0,0,0,0,0,46
379,39,0,7,0,0,0,0,0,0,0,46
380,44,0,5,0,0,0,0,0,0,0,49
381,47,0,5,0,0,0,0,0,0,0,52
382,40,0,5,0,0,0,0,0,0,0,45
383,42,0,5,0,0,0,0,0,0,0,47
384,36,0,5,0,0,0,0,0,0,0,41
385,46,0,5,0,0,0,0,0,0,0,51
386,41,0,5,0,0,0,0,0,0,0,46
387,43,0,5,0,0,0,0,0,0,0,48
388,47,0,5,0,0,0,0,0,0,0,52
389,47,0,5,0,0,0,0,0,0,0,52
390,50,0,5,0,0,0,0,0,0,0,55
391,52,0,9,0,0,0,0,0,0,0,61
392,47,0,7,0,0,0,0,0,0,0,54
393,46,0,5,0,0,0,0,0,0,0,51
394,51,0,5,0,0,0,0,0,0,0,56
395,53,0,5,0,0,0,0,0,0,0,58
396,59,0,5,0,0,0,0,0,0,0,64
397,60,0,5,0,0,0,0,0,0,0,65
398,63,0,5,0,0,0,0,0,0,0,68
399,69,0,5,0,0,0,0,0,0,0,74
400,64,0,5,0,0,0,0,0,0,0,69
401,72,0,6,0,0,0,0,0,0,0,78
402,70,0,5,0,0,0,0,0,0,0,75
403,72,0,5,0,0,0,0,0,0,0,77
404,73,0,5,0,0,0,0,0,0,0,78
405,69,0,5,0,0,0,0,0,0,0,74
406,66,0,5,0,0,0,0,0,0,0,71
407,66,0,5,0,0,0,0,0,0,0,71
408,70,0,5,0,0,0,0,0,0,0,75
409,69,0,5,0,0,0,0,0,0,0,74
410,65,0,5,0,0,0,0,0,0,0,70
411,73,0,5,0,0,0,0,0,0,0,78
412,66,0,5,0,0,0,0,0,0,0,71
413,67,0,5,0,0,0,0,0,0,0,72
414,64,0,5,0,0,0,0,0,0,0,69
415,71,0,5,0,0,0,0,0,0,0,76
416,72,0,5,0,0,0,0,0,0,0,77
417,57,0,5,0,0,0,0,0,0,0,62
418,69,0,8,0,0,0,0,0,0,0,77
419,58,0,15,0,0,0,0,0,0,0,73
420,58,0,13,0,0,0,0,0,0,0,71
421,58,0,11,0,0,0,0,0,0,0,69
422,56,0,7,0,0,0,0,0,0,0,63
423,10,0,1,0,0,0,0,0,0,0,11
424,21,0,0,0,0,0,0,0,0,0,21
425,28,0,0,0,0,0,0,0,0,0,28
426,21,0,5,0,0,0,0,0,0,0,26
427,20,0,10,0,0,0,0,0,0,0,30
428,23,0,7,0,0,0,0,0,0,0,30
429,23,0,13,0,0,0,0,0,0,0,36
430,20,0,19,0,0,0,0,0,0,0,39
431,26,0,14,0,0,0,0,0,0,0,40
432,25,0,15,0,0,0,0,0,0,0,40
433,29,0,11,0,0,0,0,0,0,0,40
434,36,0,9,0,0,0,0,0,0,0,45
435,39,0,9,0,0,0,0,0,0,0,48
436,39,0,11,0,0,0,0,0,0,0,50
437,47,0,11,0,0,0,0,0,0,0,58
438,51,0,14,0,0,0,0,0,0,0,65
439,43,0,14,0,0,0,0,0,0,0,57
440,37,1,14,0,0,0,0,0,0,0,52
441,44,0,8,0,0,0,0,0,0,0,52
442,45,0,2,0,0,0,0,0,0,0,47
443,46,0,6,0,0,0,0,0,0,0,52
444,39,0,9,0,0,0,0,0,0,0,48
445,35,0,8,0,0,0,0,0,2,0,43
446,33,0,9,0,0,0,0,0,0,0,42
447,25,0,5,0,0,0,0,0,2,0,30
448,26,0,9,0,0,0,0,0,2,0,35
449,28,0,11,0,0,0,0,0,1,0,39
450,23,0,9,0,0,0,0,0,4,0,32
451,24,0,13,0,0,0,0,0,4,0,37
452,28,0,7,0,0,0,0,0,0,0,35
453,25,0,5,0,0,0,0,0,2,0,30
454,25,0,5,0,0,0,0,0,0,0,30
455,33,0,6,0,0,0,0,0,2,0,39
456,37,0,5,0,0,0,0,0,1,0,42
457,32,0,10,0,0,0,0,0,0,0,42
458,33,0,6,0,0,0,0,0,4,0,39
459,37,0,5,0,0,0,0,0,3,0,42
460,34,0,10,0,0,0,0,0,1,0,44
461,38,0,6,0,0,0,0,0,5,0,44
462,41,0,5,0,0,0,0,0,2,0,46
463,43,0,5,0,0,0,0,0,3,0,48
464,50,0,5,0,0,0,0,0,2,0,55
465,49,0,5,0,0,0,0,0,2,0,54
466,51,0,5,0,0,0,0,0,4,0,56
467,47,0,5,0,0,0,0,0,4,0,52
468,42,0,5,0,0,0,0,0,5,0,47
469,38,0,5,0,0,0,0,0,0,0,43
470,31,0,5,0,0,0,0,0,0,0,36
471,36,0,5,0,0,0,0,0,1,0,41
472,32,0,5,0,0,0,0,0,2,0,37
473,33,0,7,0,0,0,0,0,2,0,40
474,27,0,10,0,0,0,0,0,3,0,37
475,26,0,10,0,0,0,0,0,0,0,36
476,28,0,10,0,0,0,0,0,0,0,38
477,32,0,5,0,0,0,0,0,0,0,37
478,35,0,5,0,0,0,0,0,4,0,40
479,37,0,5,0,0,0,0,0,1,0,42
480,40,0,5,0,0,0,0,0,0,0,45
481,40,0,5,0,0,0,0,0,0,0,45
482,42,0,5,0,0,0,0,0,3,0,47
483,49,0,6,0,0,0,0,0,0,0,55
484,45,0,5,0,0,0,0,0,0,0,50
485,39,0,5,0,0,0,0,0,0,0,44
486,38,0,5,0,0,0,0,0,0,0,43
487,44,0,5,0,0,0,0,0,2,0,49
488,41,0,5,0,0,0,0,0,0,0,46
489,45,0,5,0,0,0,0,0,1,0,50
490,44,0,8,0,0,0,0,0,0,0,52
491,47,0,5,0,0,0,0,0,0,0,52
492,42,0,8,0,0,0,0,0,2,0,50
493,40,0,8,0,0,0,0,0,2,0,48
494,40,0,10,0,0,0,0,0,5,0,50
495,36,0,14,0,0,0,0,0,3,0,50
496,40,0,7,0,0,0,0,0,0,0,47
497,40,0,9,0,0,0,0,0,2,0,49
498,35,0,18,0,0,0,0,0,0,0,53
499,31,0,18,0,0,0,0,0,0,0,49
500,35,0,14,0,0,0,0,0,0,0,49
501,36,0,9,0,0,0,0,0,0,0,45
502,37,0,11,0,0,0,0,0,3,0,48
503,40,0,10,0,0,0,0,0,0,0,50
504,42,0,8,0,0,0,0,0,2,0,50
505,38,0,10,0,0,0,0,0,1,0,48
506,40,0,10,0,0,0,0,0,0,0,50
507,41,0,10,0,0,0,0,0,5,0,51
508,42,0,9,0,0,0,0,0,0,0,51
509,40,0,10,0,0,0,0,0,0,0,50
510,43,0,10,0,0,0,0,0,0,0,53
511,42,0,10,0,0,0,0,0,0,0,52
512,40,0,6,0,0,0,0,0,0,0,46
513,45,0,1,0,0,0,0,0,0,0,46
514,45,0,0,0,0,0,0,0,0,0,45
515,44,0,0,0,0,0,0,0,0,0,44
516,40,0,0,0,0,0,0,0,0,0,40
517,39,0,0,0,0,0,0,0,0,0,39
518,33,0,2,0,0,0,0,0,0,0,35
519,25,0,10,0,0,0,0,0,0,0,35
520,15,0,11,0,0,0,0,0,0,0,26
521,22,0,8,0,0,0,0,0,0,0,30
522,20,0,6,0,0,0,0,0,0,0,26
523,18,0,8,0,0,0,0,0,0,0,26
524,13,0,10,0,0,0,0,0,0,0,23
525,7,0,10,0,0,0,0,0,0,0,17
526,12,0,3,0,0,0,0,0,0,0,15
527,5,0,1,0,0,0,0,0,0,0,6
528,11,0,2,0,0,0,0,0,0,0,13
529,6,0,4,0,0,0,0,0,0,0,10
530,7,0,2,0,0,0,0,0,0,0,9
531,8,0,3,0,0,0,0,0,0,0,11
532,15,0,5,0,0,0,0,0,0,0,20
533,11,0,5,0,0,0,0,0,0,0,16
534,13,0,3,0,0,0,0,0,0,0,16
535,15,0,2,0,0,0,0,0,0,0,17
536,22,0,1,0,0,0,0,0,0,0,23
537,24,0,0,0,0,0,0,0,0,0,24
538,29,0,1,0,0,0,0,0,0,0,30
539,29,0,4,0,0,0,0,0,0,0,33
540,28,0,7,0,0,0,0,0,0,0,35
541,25,0,6,0,0,0,0,0,0,0,31
542,28,0,0,0,0,0,0,0,0,0,28
543,28,0,0,0,0,0,0,0,0,0,28
544,22,0,0,0,0,0,0,0,0,0,22
545,25,0,0,0,0,0,0,0,0,0,25
546,25,0,0,0,0,0,0,0,0,0,25
547,22,0,0,0,0,0,0,0,0,0,22
548,26,0,0,0,0,0,0,0,0,0,26
549,20,0,0,0,0,0,0,0,0,0,20
550,11,0,0,0,0,0,0,0,0,0,11
551,10,0,0,0,0,0,0,0,0,0,10
552,13,0,0,0,0,0,0,0,0,0,13
553,17,0,0,0,0,0,0,0,0,0,17
554,25,0,0,0,0,0,0,0,0,0,25
555,23,0,0,0,0,0,0,0,0,0,23
556,30,0,0,0,0,0,0,0,0,0,30
557,23,0,0,0,0,0,0,0,0,0,23
558,36,0,0,0,0,0,0,0,0,0,36
559,30,0,0,0,0,0,0,0,0,0,30
560,33,0,0,0,0,0,0,0,0,0,33
561,15,0,0,0,0,0,0,0,0,0,15
562,16,0,0,0,0,0,0,0,0,0,16
563,24,0,0,0,0,0,0,0,0,0,24
564,26,0,0,0,0,0,0,0,0,0,26
565,27,0,0,0,0,0,0,0,0,0,27
566,24,0,0,0,0,0,0,0,0,0,24
567,19,0,0,0,0,0,0,0,0,0,19
568,20,0,0,0,0,0,0,0,0,0,20
569,28,0,0,0,0,0,0,0,0,0,28
570,31,0,0,0,0,0,0,0,0,0,31
571,27,0,0,0,0,0,0,0,0,0,27
572,23,0,1,0,0,0,0,0,0,0,24
573,20,0,0,0,0,0,0,0,0,0,20
574,16,0,0,0,0,0,0,0,0,0,16
575,15,0,0,0,0,0,0,0,0,0,15
576,17,0,0,0,0,0,0,0,0,0,17
577,17,0,0,0,0,0,0,0,0,0,17
578,18,0,0,0,0,0,0,0,0,0,18
579,20,0,0,0,0,0,0,0,0,0,20
580,21,0,0,0,0,0,0,0,0,0,21
581,23,0,0,0,0,0,0,0,0,0,23
582,22,0,0,0,0,0,0,0,0,0,22
583,28,0,0,0,0,0,0,0,0,0,28
584,20,0,0,0,0,0,0,0,0,0,20
585,22,0,0,0,0,0,0,0,0,0,22
586,20,0,0,0,0,0,0,0,0,0,20
587,17,0,4,0,0,0,0,0,0,0,21
588,17,0,5,0,0,0,0,0,0,0,22
589,23,0,1,0,0,0,0,0,0,0,24
590,27,0,0,0,0,0,0,0,0,0,27
591,25,0,0,0,0,0,0,0,0,0,25
592,29,0,0,0,0,0,0,0,0,0,29
593,30,0,0,0,0,0,0,0,0,0,30
594,34,0,0,0,0,0,0,0,0,0,34
595,38,0,0,0,0,0,0,0,0,0,38
596,39,0,0,0,0,0,0,0,0,0,39
597,40,0,0,0,0,0,0,0,0,0,40
598,38,0,0,0,0,0,0,0,0,0,38
599,35,0,0,0,0,0,0,0,0,0,35
600,34,0,0,0,0,0,0,0,0,0,34
601,33,0,6,0,0,0,0,0,0,0,39
602,34,0,9,0,0,0,0,0,0,0,43
603,35,0,4,0,0,0,0,0,0,0,39
604,42,0,2,0,0,0,0,0,0,0,44
605,43,0,0,0,0,0,0,0,0,0,43
606,42,0,0,0,0,0,0,0,0,0,42
607,43,0,0,0,0,0,0,0,0,0,43
608,40,0,0,0,0,0,0,0,0,0,40
609,40,0,0,0,0,0,0,0,0,0,40
610,40,0,5,0,0,0,0,0,0,0,45
611,42,0,0,0,0,0,0,0,0,0,42
612,42,0,0,0,0,0,0,0,0,0,42
613,36,0,0,0,0,0,0,0,0,0,36
614,36,0,0,0,0,0,0,0,0,0,36
615,32,0,0,0,0,0,0,0,0,0,32
616,28,0,0,0,0,0,0,0,0,0,28
617,26,0,1,0,0,0,0,0,0,0,27
618,25,0,0,0,0,0,0,0,0,0,25
619,31,0,0,0,0,0,0,0,0,0,31
620,28,0,1,0,0,0,0,0,0,0,29
621,24,0,5,0,0,0,0,0,0,0,29
622,20,0,9,0,0,0,0,0,0,0,29
623,20,0,9,0,0,0,0,0,0,0,29
624,19,0,1,0,0,0,0,0,0,0,20
625,12,0,5,0,0,0,0,0,0,0,17
626,11,0,5,0,0,0,0,0,0,0,16
627,13,0,2,0,0,0,0,0,0,0,15
628,17,0,0,0,0,0,0,0,0,0,17
629,17,0,0,0,0,0,0,0,0,0,17
630,18,0,0,0,0,0,0,0,0,0,18
631,13,0,0,0,0,0,0,0,0,0,13
632,11,0,0,0,0,0,0,0,0,0,11
633,11,0,0,0,0,0,0,0,0,0,11
634,9,0,0,0,0,0,0,0,0,0,9
635,6,0,0,0,0,0,0,0,0,0,6
636,11,0,0,0,0,0,0,0,0,0,11
637,10,0,0,0,0,0,0,0,0,0,10
638,10,0,0,0,0,0,0,0,0,0,10
639,13,0,0,0,0,0,0,0,0,0,13
640,21,0,0,0,0,0,0,0,0,0,21
641,14,0,5,0,0,0,0,0,0,0,19
642,9,0,5,0,0,0,0,0,0,0,14
643,11,0,4,0,0,0,0,0,0,0,15
644,12,0,4,0,0,0,0,0,0,0,16
645,2,0,5,0,0,0,0,0,0,0,7
646,11,0,3,0,0,0,0,0,0,0,14
647,14,0,0,0,0,0,0,0,0,0,14
648,11,0,0,0,0,0,0,0,0,0,11
649,10,0,0,0,0,0,0,0,0,0,10
650,10,0,0,0,0,0,0,0,0,0,10
651,10,0,3,0,0,0,0,0,0,0,13
652,8,0,5,0,0,0,0,0,0,0,13
653,10,0,4,0,0,0,0,0,0,0,14
654,8,0,3,0,0,0,0,0,0,0,11
655,12,0,0,0,0,0,0,0,0,0,12
656,11,0,0,0,0,0,0,0,0,0,11
657,10,0,0,0,0,0,0,0,0,0,10
658,10,0,0,0,0,0,0,0,0,0,10
659,10,0,0,0,0,0,0,0,0,0,10
660,10,0,4,0,0,0,0,0,0,0,14
661,10,0,1,0,0,0,0,0,0,0,11
662,10,0,0,0,0,0,0,0,0,0,10
663,10,0,0,0,0,0,0,0,0,0,10
664,10,0,0,0,0,0,0,0,0,0,10
665,10,0,0,0,0,0,0,0,0,0,10
666,10,0,0,0,0,0,0,0,0,0,10
667,10,0,0,0,0,0,0,0,0,0,10
668,10,0,0,0,0,0,0,0,0,0,10
669,10,0,0,0,0,0,0,0,0,0,10
670,10,0,0,0,0,0,0,0,0,0,10
671,10,0,0,0,0,0,0,0,0,0,10
672,9,0,0,0,0,0,0,0,0,0,9
673,10,0,0,0,0,0,0,0,0,0,10
674,10,0,0,0,0,0,0,0,0,0,10
675,10,0,0,0,0,0,0,0,0,0,10
676,10,0,0,0,0,0,0,0,0,0,10
677,10,0,0,0,0,0,0,0,0,0,10
678,10,0,0,0,0,0,0,0,0,0,10
679,10,0,0,0,0,0,0,0,0,0,10
680,10,0,0,0,0,0,0,0,0,0,10
681,11,0,5,0,0,0,0,0,0,0,16
682,15,0,5,0,0,0,0,0,0,0,20
683,15,0,5,0,0,0,0,0,0,0,20
684,15,0,5,0,0,0,0,0,0,0,20
685,15,0,5,0,0,0,0,0,0,0,20
686,15,0,5,0,0,0,0,0,0,0,20
687,18,0,5,0,0,0,0,0,0,0,23
688,17,0,5,0,0,0,0,0,0,0,22
689,15,0,5,0,0,0,0,0,0,0,20
690,15,0,5,0,0,0,0,0,0,0,20
691,12,0,5,0,0,0,0,0,0,0,17
692,10,0,5,0,0,0,0,0,0,0,15
693,10,0,5,0,0,0,0,0,0,0,15
694,10,0,5,0,0,0,0,0,0,0,15
695,10,0,5,0,0,0,0,0,0,0,15
696,10,0,5,0,0,0,0,0,0,0,15
697,10,0,5,0,0,0,0,0,0,0,15
698,10,0,5,0,0,0,0,0,0,0,15
699,10,0,5,0,0,0,0,0,0,0,15
700,10,0,5,0,0,0,0,0,0,0,15
701,13,0,5,0,0,0,0,0,0,0,18
702,15,0,5,0,0,0,0,0,0,0,20
703,15,0,5,0,0,0,0,0,0,0,20
704,18,0,3,0,0,0,0,0,0,0,21
705,18,0,2,0,0,0,0,0,0,0,20
706,15,0,5,0,0,0,0,0,0,0,20
707,12,0,5,0,0,0,0,0,0,0,17
708,10,0,4,0,0,0,0,0,0,0,14
709,10,0,0,0,0,0,0,0,0,0,10
710,7,0,0,0,0,0,0,0,0,0,7
711,5,0,0,0,0,0,0,0,0,0,5
712,5,0,0,0,0,0,0,0,0,0,5
713,1,0,0,0,0,0,0,0,0,0,1
714,0,0,0,0,0,0,0,0,0,0,0
715,0,0,0,0,0,0,0,0,0,0,0
716,0,0,0,0,0,0,0,0,0,0,0
717,1,0,0,0,0,0,0,0,0,0,1
718,2,0,3,0,0,0,0,0,0,0,5
719,2,0,5,0,0,0,0,0,0,0,7
720,9,0,3,0,0,0,0,0,0,0,12
721,8,0,5,0,0,0,0,0,0,0,13
722,10,0,4,0,0,0,0,0,0,0,14
723,10,0,0,0,0,0,0,0,0,0,10
724,5,0,5,0,0,0,0,0,0,0,10
725,9,0,5,0,0,0,0,0,0,0,14
726,10,0,5,0,0,0,0,0,0,0,15
727,9,0,3,0,0,0,0,0,0,0,12
728,5,0,0,0,0,0,0,0,0,0,5
729,5,0,0,0,0,0,0,0,0,0,5
730,5,0,0,0,0,0,0,0,0,0,5
731,5,0,0,0,0,0,0,0,0,0,5
732,10,0,0,0,0,0,0,0,0,0,10
733,7,0,0,0,0,0,0,0,0,0,7
734,7,0,0,0,0,0,0,0,0,0,7
735,9,0,0,0,0,0,0,0,0,0,9
736,9,0,0,0,0,0,0,0,0,0,9
737,10,0,2,0,0,0,0,0,0,0,12
738,10,0,5,0,0,0,0,0,0,0,15
739,9,0,5,0,0,0,0,0,0,0,14
740,9,0,5,0,0,0,0,0,0,0,14
741,11,0,4,0,0,0,0,0,0,0,15
742,8,0,5,0,0,0,0,0,0,0,13
743,7,0,6,0,0,0,0,0,0,0,13
744,5,0,5,0,0,0,0,0,0,0,10
745,8,0,3,0,0,0,0,0,0,0,11
746,10,0,0,0,0,0,0,0,0,0,10
747,10,0,0,0,0,0,0,0,0,0,10
748,11,0,1,0,0,0,0,0,0,0,12
749,11,0,0,0,0,0,0,0,0,0,11
750,10,0,0,0,0,0,0,0,0,0,10
751,7,0,0,0,0,0,0,0,0,0,7
752,5,0,3,0,0,0,0,0,0,0,8
753,6,0,0,0,0,0,0,0,0,0,6
754,8,0,0,0,0,0,0,0,0,0,8
755,6,0,0,0,0,0,0,0,0,0,6
756,7,0,1,0,0,0,0,0,0,0,8
757,10,0,1,0,0,0,0,0,0,0,11
758,13,0,0,0,0,0,0,0,0,0,13
759,9,0,0,0,0,0,0,0,0,0,9
760,11,0,0,0,0,0,0,0,0,0,11
761,14,0,1,0,0,0,0,0,0,0,15
762,11,0,5,0,0,0,0,0,0,0,16
763,14,0,0,0,0,0,0,0,0,0,14
764,11,0,1,0,0,0,0,0,0,0,12
765,9,0,4,0,0,0,0,0,0,0,13
766,9,0,3,0,0,0,0,0,0,0,12
767,10,0,1,0,0,0,0,0,0,0,11
768,10,0,0,0,0,0,0,0,0,0,10
769,10,0,2,0,0,0,0,0,0,0,12
770,1,0,5,0,0,0,0,0,0,0,6
771,10,0,4,0,0,0,0,0,0,0,14
772,14,0,7,0,0,0,0,0,0,0,21
773,14,0,7,0,0,0,0,0,0,0,21
774,15,0,5,0,0,0,0,0,0,0,20
775,15,0,5,0,0,0,0,0,0,0,20
776,15,0,5,0,0,0,0,0,0,0,20
777,16,0,5,0,0,0,0,0,0,0,21
778,15,0,5,0,0,0,0,0,0,0,20
779,12,0,5,0,0,0,0,0,0,0,17
780,10,0,5,0,0,0,0,0,0,0,15
781,10,0,5,0,0,0,0,0,0,0,15
782,10,0,5,0,0,0,0,0,0,0,15
783,10,0,5,0,0,0,0,0,0,0,15
784,10,0,5,0,0,0,0,0,0,0,15
785,10,0,5,0,0,0,0,0,0,0,15
786,10,0,5,0,0,0,0,0,0,0,15
787,10,0,5,0,0,0,0,0,0,0,15
788,10,0,5,0,0,0,0,0,0,0,15
789,10,0,5,0,0,0,0,0,0,0,15
790,6,0,5,0,0,0,0,0,0,0,11
791,5,0,5,0,0,0,0,0,0,0,10
792,5,0,5,0,0,0,0,0,0,0,10
793,8,0,6,0,0,0,0,0,0,0,14
794,10,0,10,0,0,0,0,0,0,0,20
795,12,0,5,0,0,0,0,0,0,0,17
796,13,0,3,0,0,0,0,0,0,0,16
797,13,0,0,0,0,0,0,0,0,0,13
798,13,0,0,0,0,0,0,0,0,0,13
799,12,0,0,0,0,0,0,0,0,0,12
800,9,0,0,0,0,0,0,0,0,0,9
801,15,0,0,0,0,0,0,0,0,0,15
802,9,0,0,0,0,0,0,0,0,0,9
803,10,0,0,0,0,0,0,0,0,0,10
804,5,0,0,0,0,0,0,0,0,0,5
805,5,0,0,0,0,0,0,0,0,0,5
806,5,0,0,0,0,0,0,0,0,0,5
807,4,0,0,0,0,0,0,0,0,0,4
808,0,0,0,0,0,0,0,0,0,0,0
809,3,0,0,0,0,0,0,0,0,0,3
810,4,0,0,0,0,0,0,0,0,0,4
811,5,0,4,0,0,0,0,0,0,0,9
812,7,0,3,0,0,0,0,0,0,0,10
813,8,0,2,0,0,0,0,0,0,0,10
814,10,0,0,0,0,0,0,0,0,0,10
815,7,0,3,0,0,0,0,0,0,0,10
816,9,0,7,0,0,0,0,0,0,0,16
817,10,0,1,0,0,0,0,0,0,0,11
818,11,0,1,0,0,0,0,0,0,0,12
819,15,0,5,0,0,0,0,0,0,0,20
820,8,0,3,0,0,0,0,0,0,0,11
821,47,0,1,0,0,0,0,0,0,0,48
822,44,0,1,0,0,0,0,0,0,0,45
823,47,0,0,0,0,0,0,0,0,0,47
824,42,0,0,0,0,0,0,0,0,0,42
825,43,0,0,0,0,0,0,0,0,0,43
826,40,0,0,0,0,0,0,0,0,0,40
827,42,0,0,0,0,0,0,0,1,0,42
828,41,0,0,0,0,0,0,0,0,0,41
829,40,0,0,0,0,0,0,0,2,0,40
830,39,0,0,0,0,0,0,0,5,0,39
831,36,0,0,0,0,0,0,0,1,0,36
832,35,0,0,0,0,0,0,0,1,0,35
833,38,0,0,0,0,0,0,0,2,0,38
834,36,0,0,0,0,0,0,0,3,0,36
835,42,0,0,0,0,0,0,0,5,0,42
836,37,0,0,0,0,0,0,0,4,0,37
837,41,0,0,0,0,0,0,0,3,0,41
838,45,0,0,0,0,0,0,0,0,0,45
839,45,0,0,0,0,0,0,0,0,0,45
840,46,0,0,0,0,0,0,0,0,0,46
841,45,0,0,0,0,0,0,0,0,0,45
842,48,0,0,0,0,0,0,0,3,0,48
843,50,0,0,0,0,0,0,0,1,0,50
844,50,0,0,0,0,0,0,0,0,0,50
845,46,0,0,0,0,0,0,0,0,0,46
846,48,0,0,0,0,0,0,0,0,0,48
847,44,0,0,0,0,0,0,0,0,0,44
848,46,0,0,0,0,0,0,0,0,0,46
849,44,0,0,0,0,0,0,0,0,0,44
850,42,0,0,0,0,0,0,0,0,0,42
851,43,0,0,0,0,0,0,0,0,0,43
852,40,0,0,0,0,0,0,0,0,0,40
853,37,0,0,0,0,0,0,0,0,0,37
854,39,0,0,0,0,0,0,0,0,0,39
855,39,0,0,0,0,0,0,0,0,0,39
856,37,0,0,0,0,0,0,0,0,0,37
857,36,0,0,0,0,0,0,0,0,0,36
858,37,0,0,0,0,0,0,0,0,0,37
859,39,0,0,0,0,0,0,0,0,0,39
860,30,0,0,0,0,0,0,0,0,0,30
861,38,0,0,0,0,0,0,0,0,0,38
862,46,0,2,0,0,0,0,0,0,0,48
863,41,0,0,0,0,0,0,0,0,0,41
864,41,0,4,0,0,0,0,0,0,0,45
865,43,0,5,0,0,0,0,0,0,0,48
866,44,0,5,0,0,0,0,0,1,0,49
867,43,0,2,0,0,0,0,0,0,0,45
868,49,0,0,0,0,0,0,0,4,0,49
869,46,0,0,0,0,0,0,0,0,0,46
870,43,0,0,0,0,0,0,0,0,0,43
871,40,0,0,0,0,0,0,0,2,0,40
872,35,0,0,0,0,0,0,0,0,0,35
873,36,0,0,0,0,0,0,0,0,0,36
874,35,0,0,0,0,0,0,0,0,0,35
875,37,0,0,0,0,0,0,0,0,0,37
876,40,0,0,0,0,0,0,0,0,0,40
877,35,0,0,0,0,0,0,0,0,0,35
878,30,0,0,0,0,0,0,0,0,0,30
879,31,0,0,0,0,0,0,0,0,0,31
880,35,0,0,0,0,0,0,0,2,0,35
881,46,0,0,0,0,0,0,0,10,0,46
882,37,0,0,0,0,0,0,0,10,0,37
883,40,0,0,0,0,0,0,0,9,0,40
884,40,0,0,0,0,0,0,0,10,0,40
885,35,0,0,0,0,0,0,0,10,0,35
886,33,0,0,0,0,0,0,0,10,0,33
887,38,0,0,0,0,0,0,0,10,0,38
888,36,0,0,0,0,0,0,0,10,0,36
889,34,0,0,0,0,0,0,0,10,0,34
890,34,0,0,0,0,0,0,0,10,0,34
891,40,0,0,0,0,0,0,0,10,0,40
892,41,0,0,0,0,0,0,0,10,0,41
893,42,0,0,0,0,0,0,0,11,0,42
894,29,0,0,0,0,0,0,0,8,0,29
895,32,0,0,0,0,0,0,0,8,0,32
896,39,0,0,0,0,0,0,0,4,0,39
897,38,0,0,0,0,0,0,0,4,0,38
898,33,0,0,0,0,0,0,0,0,0,33
899,31,0,0,0,0,0,0,0,0,0,31
900,31,0,0,0,0,0,0,0,5,0,31
901,37,0,0,0,0,0,0,0,3,0,37
902,37,0,0,0,0,0,0,0,0,0,37
903,38,0,0,0,0,0,0,0,1,0,38
904,35,0,0,0,0,0,0,0,0,0,35
905,32,0,0,0,0,0,0,0,0,0,32
906,31,0,0,0,0,0,0,0,0,0,31
907,36,0,0,0,0,0,0,0,0,0,36
908,35,0,0,0,0,0,0,0,0,0,35
909,35,0,0,0,0,0,0,0,0,0,35
910,36,0,0,0,0,0,0,0,0,0,36
911,31,0,0,0,0,0,0,0,0,0,31
912,32,0,0,0,0,0,0,0,0,0,32
913,31,0,0,0,0,0,0,0,0,0,31
914,31,0,0,0,0,0,0,0,0,0,31
915,30,0,0,0,0,0,0,0,0,0,30
916,30,0,0,0,0,0,0,0,0,0,30
917,32,0,0,0,0,0,0,0,0,0,32
918,32,0,0,0,0,0,0,0,0,0,32
919,33,0,0,0,0,0,0,0,0,0,33
920,30,0,0,0,0,0,0,0,0,0,30
921,30,0,0,0,0,0,0,0,0,0,30
922,30,0,0,0,0,0,0,0,0,0,30
923,30,0,0,0,0,0,0,0,0,0,30
924,30,0,0,0,0,0,0,0,0,0,30
925,30,0,0,0,0,0,0,0,0,0,30
926,30,0,0,0,0,0,0,0,0,0,30
927,30,0,0,0,0,0,0,0,0,0,30
928,29,0,0,0,0,0,0,0,0,0,29
929,31,0,0,0,0,0,0,0,0,0,31
930,35,0,0,0,0,0,0,0,0,0,35
931,34,0,0,0,0,0,0,0,0,0,34
932,31,0,0,0,0,0,0,0,0,0,31
933,30,0,0,0,0,0,0,0,0,0,30
934,32,0,0,0,0,0,0,0,0,0,32
935,37,0,0,0,0,0,0,0,0,0,37
936,35,0,0,0,0,0,0,0,0,0,35
937,35,0,0,0,0,0,0,0,0,0,35
938,35,0,0,0,0,0,0,0,0,0,35
939,35,0,0,0,0,0,0,0,0,0,35
940,34,0,0,0,0,0,0,0,0,0,34
941,38,0,0,0,0,0,0,0,0,0,38
942,33,0,0,0,0,0,0,0,0,0,33
943,34,0,0,0,0,0,0,0,0,0,34
944,31,0,0,0,0,0,0,0,0,0,31
945,33,0,0,0,0,0,0,0,0,0,33
946,35,0,0,0,0,0,0,0,0,0,35
947,35,0,0,0,0,0,0,0,0,0,35
948,40,0,0,0,0,0,0,0,0,0,40
949,42,0,0,0,0,0,0,0,0,0,42
950,39,0,0,0,0,0,0,0,0,0,39
951,44,0,0,0,0,0,0,0,0,0,44
952,45,0,0,0,0,0,0,0,0,0,45
953,49,0,0,0,0,0,0,0,0,0,49
954,45,0,0,0,0,0,0,0,0,0,45
955,50,0,0,0,0,0,0,0,0,0,50
956,42,0,0,0,0,0,0,0,0,0,42
957,45,0,0,0,0,0,0,0,0,0,45
958,38,0,0,0,0,0,0,0,0,0,38
959,34,0,0,0,0,0,0,0,0,0,34
960,34,0,0,0,0,0,0,0,0,0,34
961,35,0,0,0,0,0,0,0,0,0,35
962,35,0,0,0,0,0,0,0,0,0,35
963,36,0,0,0,0,0,0,0,0,0,36
964,43,0,0,0,0,0,0,0,0,0,43
965,44,0,0,0,0,0,0,0,0,0,44
966,32,0,0,0,0,0,0,0,0,0,32
967,31,0,0,0,0,0,0,0,0,0,31
968,28,0,0,0,0,0,0,0,0,0,28
969,31,0,0,0,0,0,0,0,0,0,31
970,25,0,0,0,0,0,0,0,0,0,25
971,34,0,0,0,0,0,0,0,0,0,34
972,36,0,0,0,0,0,0,0,0,0,36
973,33,0,0,0,0,0,0,0,0,0,33
974,29,0,0,0,0,0,0,0,0,0,29
975,29,0,0,0,0,0,0,0,0,0,29
976,29,0,0,0,0,0,0,0,0,0,29
977,29,0,0,0,0,0,0,0,0,0,29
978,32,0,0,0,0,0,0,0,0,0,32
979,33,0,0,0,0,0,0,0,0,0,33
980,33,0,0,0,0,0,0,0,0,0,33
981,27,0,0,0,0,0,0,0,0,0,27
982,25,0,0,0,0,0,0,0,0,0,25
983,25,0,0,0,0,0,0,0,0,0,25
984,25,0,0,0,0,0,0,0,0,0,25
985,26,0,0,0,0,0,0,0,0,0,26
986,25,0,0,0,0,0,0,0,1,0,25
987,25,0,0,0,0,0,0,0,0,0,25
988,26,0,0,0,0,0,0,0,0,0,26
989,31,0,0,0,0,0,0,0,1,0,31
990,31,0,0,0,0,0,0,0,1,0,31
991,30,0,0,0,0,0,0,0,0,0,30
992,31,0,0,0,0,0,0,0,0,0,31
993,30,0,0,0,0,0,0,0,0,0,30
994,30,0,0,0,0,0,0,0,0,0,30
995,31,0,0,0,0,0,0,0,0,0,31
996,40,0,0,0,0,0,0,0,0,0,40
997,36,0,0,0,0,0,0,0,0,0,36
998,35,0,0,0,0,0,0,0,0,0,35
999,34,0,0,0,0,0,0,0,0,0,34
1000,34,0,0,0,0,0,0,0,0,0,34
1001,33,0,0,0,0,0,0,0,0,0,33
1002,27,0,0,0,0,0,0,0,0,0,27
1003,36,0,0,0,0,0,0,0,0,0,36
1004,36,0,0,0,0,0,0,0,0,0,36
1005,40,0,0,0,0,0,0,0,0,0,40
1006,39,0,0,0,0,0,1,0,0,0,40
1007,36,0,0,0,0,0,0,0,0,0,36
1008,32,0,0,0,0,0,0,0,0,0,32
1009,28,0,0,0,0,0,0,0,0,0,28
1010,28,0,0,0,0,0,0,0,0,0,28
1011,25,0,0,0,0,0,0,0,0,0,25
1012,25,0,0,0,0,0,0,0,0,0,25
1013,25,0,0,0,0,0,0,0,0,0,25
1014,28,0,0,0,0,0,0,0,0,0,28
1015,35,0,0,0,0,0,0,0,0,0,35
1016,34,0,0,0,0,0,0,0,0,0,34
1017,35,0,0,0,0,0,0,0,0,0,35
1018,39,0,0,0,0,0,0,0,0,0,39
1019,39,0,0,0,0,0,0,0,0,0,39
1020,34,0,0,0,0,0,0,0,0,0,34
1021,31,0,0,0,0,0,0,0,0,0,31
1022,30,0,0,0,0,0,0,0,0,0,30
1023,30,0,0,0,0,0,0,0,0,0,30
1024,30,0,0,0,0,0,0,0,0,0,30
1025,30,0,0,0,0,0,0,0,0,0,30
1026,30,0,0,0,0,0,0,0,0,0,30
1027,30,0,0,0,0,0,0,0,0,0,30
1028,32,0,0,0,0,0,0,0,0,0,32
1029,32,0,0,0,0,0,0,0,0,0,32
1030,30,0,0,0,0,0,0,0,0,0,30
1031,30,0,0,0,0,0,0,0,0,0,30
1032,30,0,0,0,0,0,0,0,0,0,30
1033,30,0,0,0,0,0,0,0,0,0,30
1034,32,0,0,0,0,0,0,0,0,0,32
1035,34,0,0,0,0,0,0,0,0,0,34
1036,33,0,0,0,0,0,0,0,0,0,33
1037,35,0,0,0,0,0,0,0,0,0,35
1038,34,0,0,0,0,0,0,0,0,0,34
1039,34,0,0,0,0,0,0,0,0,0,34
1040,31,0,0,0,0,0,0,0,0,0,31
1041,27,0,0,0,0,0,0,0,0,0,27
1042,29,0,0,0,0,0,0,0,0,0,29
1043,29,0,0,0,0,0,0,0,0,0,29
1044,25,0,0,0,0,0,0,0,0,0,25
1045,30,0,0,0,0,0,0,0,0,0,30
1046,34,0,0,0,0,0,0,0,0,0,34
1047,33,0,0,0,0,0,0,0,0,0,33
1048,33,0,0,0,0,0,0,0,0,0,33
1049,32,0,0,0,0,0,0,0,0,0,32
1050,28,0,0,0,0,0,0,0,0,0,28
1051,30,0,0,0,0,0,0,0,0,0,30
1052,28,0,0,0,0,0,0,0,0,0,28
1053,26,0,0,0,0,0,0,0,0,0,26
1054,25,0,0,0,0,0,0,0,0,0,25
1055,26,0,0,0,0,0,0,0,0,0,26
1056,35,0,0,0,0,0,0,0,0,0,35
1057,36,0,0,0,0,0,0,0,0,0,36
1058,39,0,0,0,0,0,0,0,0,0,39
1059,39,0,0,0,0,0,0,0,0,0,39
1060,39,0,0,0,0,0,0,0,0,0,39
1061,39,0,0,0,0,0,0,0,0,0,39
1062,35,0,0,0,0,0,0,0,0,0,35
1063,37,0,0,0,0,0,0,0,0,0,37
1064,36,0,0,0,0,0,0,0,0,0,36
1065,38,0,0,0,0,0,0,0,0,0,38
1066,40,0,0,0,0,0,0,0,0,0,40
1067,40,0,0,0,0,0,0,0,0,0,40
1068,41,0,0,0,0,0,0,0,0,0,41
1069,52,0,0,0,0,0,0,0,0,0,52
1070,54,0,0,0,0,0,0,0,0,0,54
1071,46,0,0,0,0,0,0,0,0,0,46
1072,49,0,0,0,0,0,0,0,0,0,49
1073,46,0,0,0,0,0,0,0,0,0,46
1074,38,0,0,0,0,0,0,0,0,0,38
1075,35,0,0,0,0,0,0,0,0,0,35
1076,33,0,0,0,0,0,0,0,0,0,33
1077,31,0,0,0,0,0,0,0,0,0,31
1078,29,0,0,0,0,0,0,0,0,0,29
1079,32,0,0,0,0,0,0,0,0,0,32
1080,38,0,0,0,0,0,0,0,0,0,38
1081,41,0,0,0,0,0,0,0,0,0,41
1082,44,0,0,0,0,0,0,0,0,0,44
1083,48,0,0,0,0,0,0,0,0,0,48
1084,44,0,0,0,0,0,0,0,2,0,44
1085,40,0,3,0,0,0,0,0,5,0,43
1086,43,0,0,0,0,0,0,0,5,0,43
1087,41,0,0,0,0,0,0,0,5,0,41
1088,36,0,0,0,0,0,0,0,5,0,36
1089,31,0,0,0,0,0,0,0,5,0,31
1090,30,0,0,0,0,0,0,0,5,0,30
1091,31,0,0,0,0,0,0,0,5,0,31
1092,35,0,0,0,0,0,0,0,5,0,35
1093,39,0,0,0,0,0,0,0,5,0,39
1094,33,0,0,0,0,0,0,0,5,0,33
1095,31,0,0,0,0,0,0,0,5,0,31
1096,33,0,0,0,0,0,0,0,7,0,33
1097,33,0,0,0,0,0,0,0,7,0,33
1098,34,0,0,0,0,0,0,0,7,0,34
1099,33,0,0,0,0,0,0,0,3,0,33
1100,31,0,0,0,0,0,0,0,3,0,31
1101,30,0,0,0,0,0,0,0,3,0,30
1102,28,0,0,0,0,0,0,0,7,0,28
1103,32,0,0,0,0,0,0,0,6,0,32
1104,38,0,0,0,0,0,0,0,4,0,38
1105,40,0,0,0,0,0,0,0,1,0,40
1106,35,0,0,0,0,0,0,0,2,0,35
1107,32,0,0,0,0,0,0,0,4,0,32
1108,31,0,0,0,0,0,0,0,4,0,31
1109,32,0,0,0,0,0,0,0,5,0,32
1110,31,0,0,0,0,0,0,0,3,0,31
1111,36,0,0,0,0,0,0,0,2,0,36
1112,38,0,0,0,0,0,0,0,0,0,38
1113,35,0,0,0,0,0,0,0,3,0,35
1114,34,0,0,0,0,0,0,0,1,0,34
1115,32,0,1,0,0,0,0,0,4,0,33
1116,33,0,4,0,0,0,0,0,2,0,37
1117,30,0,3,0,0,0,0,0,1,0,33
1118,40,0,0,0,0,0,0,0,1,0,40
1119,39,0,0,0,0,0,0,0,0,0,39
1120,38,0,0,0,0,0,0,0,0,0,38
1121,51,0,6,0,0,0,0,0,5,0,57
1122,58,0,8,0,0,0,0,0,5,0,66
1123,62,0,10,0,0,0,0,0,5,0,72
1124,59,0,10,0,0,0,0,0,5,0,69
1125,59,0,10,0,0,0,0,0,5,0,69
1126,60,1,8,0,0,0,0,0,5,0,69
1127,57,4,7,0,0,0,0,0,5,0,68
1128,60,3,7,0,0,0,0,0,5,0,70
1129,58,3,8,0,0,0,0,0,4,0,69
1130,62,2,10,0,0,0,0,0,1,0,74
1131,60,2,7,0,0,0,0,0,1,0,69
1132,61,4,7,0,0,0,0,0,5,0,72
1133,59,5,7,0,0,0,0,0,5,0,71
1134,60,5,5,0,0,0,0,0,1,0,70
1135,68,5,7,0,0,0,0,0,0,0,80
1136,62,5,10,0,0,0,0,0,0,0,77
1137,57,4,10,0,0,0,0,0,0,0,71
1138,66,5,5,0,0,0,0,0,0,0,76
1139,73,5,5,0,0,0,0,0,0,0,83
1140,73,5,5,0,0,0,0,0,0,0,83
1141,67,4,8,0,0,0,0,0,0,0,79
1142,53,4,10,0,0,0,0,0,0,0,67
1143,63,5,5,0,0,0,0,0,0,0,73
1144,63,5,5,0,0,0,0,0,0,0,73
1145,70,5,7,0,0,0,0,0,0,0,82
1146,66,1,9,0,0,0,0,0,0,0,76
1147,74,5,6,0,0,0,0,0,0,0,85
1148,66,5,5,0,0,0,0,0,0,0,76
1149,76,5,5,0,0,0,0,0,0,0,86
1150,63,4,6,0,0,0,0,0,0,0,73
1151,70,5,7,0,0,0,0,0,0,0,82
1152,70,5,5,0,0,0,0,0,0,0,80
1153,68,5,8,0,0,0,0,0,0,0,81
1154,68,5,8,0,0,0,0,0,0,0,81
1155,69,5,5,0,0,0,0,0,0,0,79
1156,67,5,5,0,0,0,0,0,0,0,77
1157,64,5,9,0,0,0,0,0,0,0,78
1158,58,5,8,0,0,0,0,0,0,0,71
1159,65,5,10,0,0,0,0,0,0,0,80
1160,72,5,8,0,0,0,0,0,0,0,85
1161,76,5,6,0,0,0,0,0,0,0,87
1162,80,5,6,0,0,0,0,0,0,0,91
1163,73,5,5,0,0,0,0,0,0,0,83
1164,80,5,5,0,0,0,0,0,0,0,90
1165,79,0,5,0,0,0,0,0,0,0,84
1166,71,0,5,0,0,0,0,0,0,0,76
1167,66,0,10,0,0,0,0,0,0,0,76
1168,74,0,7,0,0,0,0,0,0,0,81
1169,85,0,8,0,0,0,0,0,0,0,93
1170,81,0,6,0,0,0,0,0,0,0,87
1171,80,0,5,0,0,0,0,0,0,0,85
1172,81,0,5,0,0,0,0,0,0,0,86
1173,79,0,7,0,0,0,0,0,0,0,86
1174,72,0,7,0,0,0,0,0,0,0,79
1175,71,0,14,0,0,0,0,0,0,0,85
1176,70,0,13,0,0,0,0,0,0,0,83
1177,60,0,13,0,0,0,0,0,0,0,73
1178,65,0,13,0,0,0,0,0,0,0,78
1179,73,0,11,0,0,0,0,0,0,0,84
1180,62,0,10,0,0,0,0,0,0,0,72
1181,64,0,12,0,0,0,0,0,0,0,76
1182,69,0,13,0,0,0,0,0,0,0,82
1183,73,0,11,0,0,0,0,0,0,0,84
1184,79,0,10,0,0,0,0,0,0,0,89
1185,65,0,12,0,0,0,0,0,0,0,77
1186,55,0,15,0,0,0,0,0,0,0,70
1187,73,0,7,0,0,0,0,0,0,0,80
1188,77,0,5,0,0,0,0,0,0,0,82
1189,66,0,5,0,0,0,0,0,0,0,71
1190,70,0,5,0,0,0,0,0,0,0,75
1191,70,0,5,0,0,0,0,0,0,0,75
1192,68,0,6,0,0,0,0,0,0,0,74
1193,57,0,9,0,0,0,0,0,0,0,66
1194,60,0,10,0,0,0,0,0,0,0,70
1195,67,0,11,0,0,0,0,0,0,0,78
1196,67,0,17,0,0,0,0,0,0,0,84
1197,64,0,14,0,0,0,0,0,0,0,78
1198,68,0,11,0,0,0,0,0,0,0,79
1199,78,0,10,0,0,0,0,0,0,0,88
1200,72,0,12,0,0,0,0,0,0,0,84
1201,72,0,11,0,0,0,0,0,0,0,83
1202,70,0,9,0,0,0,0,0,0,0,79
1203,71,0,10,0,0,0,0,0,0,0,81
1204,68,0,10,0,0,0,0,0,0,0,78
1205,67,0,10,0,0,0,0,0,0,0,77
1206,76,0,11,0,0,0,0,0,0,0,87
1207,71,0,14,0,0,0,0,0,0,0,85
1208,74,0,11,0,0,0,0,0,0,0,85
1209,78,0,10,0,0,0,0,0,0,0,88
1210,74,0,13,0,0,0,0,0,0,0,87
1211,79,0,13,0,0,0,0,0,0,0,92
1212,87,0,11,0,0,0,0,0,0,0,98
1213,87,0,10,0,0,0,0,0,0,0,97
1214,86,0,10,0,0,0,0,0,0,0,96
1215,79,0,7,0,0,0,0,0,0,0,86
1216,91,0,5,0,0,0,0,0,0,0,96
1217,87,0,5,0,0,0,0,0,0,0,92
1218,81,0,12,0,0,0,0,0,0,0,93
1219,79,0,10,0,0,0,0,0,0,0,89
1220,71,0,12,0,0,0,0,0,0,0,83
1221,76,0,10,0,0,0,0,0,0,0,86
1222,86,0,7,0,0,0,0,0,0,0,93
1223,87,0,7,0,0,0,0,0,0,0,94
1224,82,0,10,0,0,0,0,0,0,0,92
1225,91,0,6,0,0,0,0,0,0,0,97
1226,84,0,6,0,0,0,0,0,0,0,90
1227,94,0,9,0,0,0,0,0,0,0,103
1228,80,0,9,0,0,0,0,0,0,0,89
1229,77,0,5,0,0,0,0,0,0,0,82
1230,71,0,5,0,0,0,0,0,0,0,76
1231,79,0,6,0,0,0,0,0,0,0,85
1232,80,0,7,0,0,0,0,0,0,0,87
1233,82,0,13,0,0,0,0,0,0,0,95
1234,79,0,11,0,0,0,0,0,0,0,90
1235,80,0,9,0,0,0,0,0,0,0,89
1236,87,0,5,0,0,0,0,0,0,0,92
1237,81,0,5,0,0,0,0,0,0,0,86
1238,88,0,5,0,0,0,0,0,0,0,93
1239,85,0,5,0,0,0,0,0,0,0,90
1240,82,0,7,0,0,0,0,0,0,0,89
1241,65,0,8,0,0,0,0,0,0,0,73
1242,61,0,10,0,0,0,0,0,0,0,71
1243,54,0,13,0,0,0,0,0,0,0,67
1244,55,0,13,0,0,0,0,0,0,0,68
1245,58,0,13,0,0,0,0,0,0,0,71
1246,55,0,13,0,0,0,0,0,0,0,68
1247,56,0,12,0,0,0,0,0,0,0,68
1248,63,0,14,0,0,0,0,0,0,0,77
1249,69,0,11,0,0,0,0,0,0,0,80
1250,72,0,11,0,0,0,0,0,0,0,83
1251,78,3,10,0,0,0,0,0,0,0,91
1252,71,4,12,0,0,0,0,0,0,0,87
1253,72,5,10,0,0,0,0,0,0,0,87
1254,76,5,9,0,0,0,0,0,0,0,90
1255,74,5,8,0,0,0,0,0,0,0,87
1256,65,5,5,0,0,0,0,0,0,0,75
1257,71,5,6,0,0,0,0,0,0,0,82
1258,72,5,6,0,0,0,0,0,0,0,83
1259,67,5,6,0,0,0,0,0,0,0,78
1260,70,5,6,0,0,0,0,0,0,0,81
1261,77,5,10,0,0,0,0,0,0,0,92
1262,76,5,5,0,0,0,0,0,0,0,86
1263,80,5,5,0,0,0,0,0,0,0,90
1264,73,5,5,0,0,0,0,0,0,0,83
1265,83,5,4,0,0,0,0,0,0,0,92
1266,92,5,5,0,0,0,0,0,0,0,102
1267,92,5,6,0,0,0,0,0,0,0,103
1268,89,5,8,0,0,0,0,0,0,0,102
1269,86,5,8,0,0,0,0,0,0,0,99
1270,88,5,5,0,0,0,0,0,0,0,98
1271,102,5,5,0,0,0,0,0,0,0,112
1272,95,0,5,0,0,0,0,0,0,0,100
1273,87,0,5,0,0,0,0,0,0,0,92
1274,82,0,5,0,0,0,0,0,0,0,87
1275,75,0,5,0,0,0,0,0,0,0,80
1276,77,0,5,0,0,0,0,0,0,0,82
1277,87,0,5,0,0,0,0,0,0,0,92
1278,89,0,5,0,0,0,0,0,0,0,94
1279,89,0,5,0,0,0,0,0,0,0,94
1280,86,0,5,0,0,0,0,0,0,0,91
1281,86,0,10,0,0,0,0,0,0,0,96
1282,78,0,10,0,0,0,0,0,0,0,88
1283,74,0,7,0,0,0,0,0,0,0,81
1284,76,0,7,0,0,0,0,0,0,0,83
1285,81,0,6,0,0,0,0,0,0,0,87
1286,83,0,6,0,0,0,0,0,0,0,89
1287,86,0,6,0,0,0,0,0,0,0,92
1288,85,0,7,0,0,0,0,0,0,0,92
1289,81,0,5,0,0,0,0,0,0,0,86
1290,82,0,5,0,0,0,0,0,0,0,87
1291,82,0,5,0,0,0,0,0,0,0,87
1292,85,0,4,0,0,0,0,0,0,0,89
1293,81,0,6,0,0,0,0,0,0,0,87
1294,87,0,5,0,0,0,0,0,0,0,92
1295,91,0,5,0,0,0,0,0,0,0,96
1296,84,0,6,0,0,0,0,0,0,0,90
1297,94,0,6,0,0,0,0,0,0,0,100
1298,81,0,5,0,0,0,0,0,0,0,86
1299,90,0,5,0,0,0,0,0,0,0,95
1300,90,0,6,0,0,0,0,0,0,0,96
1301,82,0,10,0,0,0,0,0,0,0,92
1302,81,0,14,0,0,0,0,0,0,0,95
1303,83,0,10,0,0,0,0,0,0,0,93
1304,79,0,6,0,0,0,0,0,0,0,85
1305,84,0,5,0,0,0,0,0,0,0,89
1306,88,0,5,0,0,0,0,0,0,0,93
1307,77,0,6,0,0,0,0,0,0,0,83
1308,77,0,6,0,0,0,0,0,0,0,83
1309,76,0,5,0,0,0,0,0,0,0,81
1310,73,0,5,0,0,0,0,0,0,0,78
1311,71,0,7,0,0,0,0,0,0,0,78
1312,72,0,6,0,0,0,0,0,0,0,78
1313,86,0,6,0,0,0,0,0,0,0,92
1314,87,0,6,0,0,0,0,0,0,0,93
1315,88,0,5,0,0,0,0,0,0,0,93
1316,83,0,5,0,0,0,0,0,0,0,88
1317,82,0,5,0,0,0,0,0,0,0,87
1318,79,0,5,0,0,0,0,0,0,0,84
1319,80,0,7,0,0,0,0,0,0,0,87
1320,79,0,11,0,0,0,0,0,0,0,90
1321,83,0,12,0,0,0,0,0,0,0,95
1322,81,0,13,0,0,0,0,0,0,0,94
1323,78,0,12,0,0,0,0,0,0,0,90
1324,69,0,13,0,0,0,0,0,0,0,82
1325,77,0,10,0,0,0,0,0,0,0,87
1326,80,0,11,0,0,0,0,0,0,0,91
1327,81,0,8,0,0,0,0,0,0,0,89
1328,86,0,10,0,0,0,0,0,0,0,96
1329,82,0,10,0,0,0,0,0,0,0,92
1330,87,0,11,0,0,0,0,0,0,0,98
1331,89,0,9,0,0,0,0,0,0,0,98
1332,87,0,9,0,0,0,0,0,0,0,96
1333,81,0,12,0,0,0,0,0,0,0,93
1334,91,0,10,0,0,0,0,0,0,0,101
1335,75,0,10,0,0,0,0,0,0,0,85
1336,82,0,7,0,0,0,0,0,0,0,89
1337,80,0,5,0,0,0,0,0,0,0,85
1338,83,0,5,0,0,0,0,0,0,0,88
1339,79,0,7,0,0,0,0,0,0,0,86
1340,77,0,7,0,0,0,0,0,0,0,84
1341,77,0,6,0,0,0,0,0,0,0,83
1342,79,0,5,0,0,0,0,0,0,0,84
1343,82,0,5,0,0,0,0,0,0,0,87
1344,78,0,7,0,0,0,0,0,0,0,85
1345,79,0,6,0,0,0,0,0,0,0,85
1346,69,0,5,0,0,0,0,0,0,0,74
1347,74,0,5,0,0,0,0,0,0,0,79
1348,71,0,8,0,0,0,0,0,0,0,79
1349,70,0,9,0,0,0,0,0,0,0,79
1350,62,0,13,0,0,0,0,0,0,0,75
1351,73,0,9,0,0,0,0,0,0,0,82
1352,66,0,10,0,0,0,0,0,0,0,76
1353,69,0,10,0,0,0,0,0,0,0,79
1354,71,0,10,0,0,0,0,0,0,0,81
1355,70,0,10,0,0,0,0,0,0,0,80
1356,67,0,15,0,0,0,0,0,0,0,82
1357,76,0,15,0,0,0,0,0,0,0,91
1358,80,0,16,0,0,0,0,0,0,0,96
1359,82,0,11,0,0,0,0,0,0,0,93
1360,85,0,6,0,0,0,0,0,0,0,91
1361,79,0,6,0,0,0,0,0,0,0,85
1362,79,0,8,0,0,0,0,0,0,0,87
1363,77,0,6,0,0,0,0,0,0,0,83
1364,81,0,8,0,0,0,0,0,0,0,89
1365,83,0,6,0,0,0,0,0,0,0,89
1366,83,0,5,0,0,0,0,0,0,0,88
1367,85,0,6,0,0,0,0,0,0,0,91
1368,89,0,5,0,0,0,0,0,0,0,94
1369,98,0,5,0,0,0,0,0,0,0,103
1370,80,0,4,0,0,0,0,0,0,0,84
1371,70,0,13,0,0,0,0,0,0,0,83
1372,65,0,16,0,0,0,0,0,0,0,81
1373,63,0,11,0,0,0,0,0,0,0,74
1374,65,0,10,0,0,0,0,0,0,0,75
1375,76,0,5,0,0,0,0,0,0,0,81
1376,82,2,5,0,0,0,0,0,0,0,89
1377,82,5,4,0,0,0,0,0,0,0,91
1378,72,5,5,0,0,0,0,0,0,0,82
1379,79,5,8,0,0,0,0,0,0,0,92
1380,91,5,9,0,0,0,0,0,0,0,105
1381,91,5,9,0,0,0,0,0,0,0,105
1382,91,5,10,0,0,0,0,0,0,0,106
1383,88,5,14,0,0,0,0,0,0,0,107
1384,86,5,12,0,0,0,0,0,0,0,103
1385,87,5,10,0,0,0,0,0,0,0,102
1386,82,4,13,0,0,0,0,0,0,0,99
1387,79,2,16,0,0,0,0,0,0,0,97
1388,88,0,14,0,0,0,0,0,0,0,102
1389,80,0,11,0,0,0,0,0,0,0,91
1390,79,0,10,0,0,0,0,0,0,0,89
1391,83,0,8,0,0,0,0,0,0,0,91
1392,72,0,9,0,0,0,0,0,0,0,81
1393,77,0,10,0,0,0,0,0,0,0,87
1394,77,0,11,0,0,0,0,0,0,0,88
1395,75,0,10,0,0,0,0,0,0,0,85
1396,76,0,14,0,0,0,0,0,0,0,90
1397,69,0,9,0,0,0,0,0,0,0,78
1398,68,0,15,0,0,0,0,0,0,0,83
1399,76,0,11,0,0,0,0,0,0,0,87
1400,88,0,12,0,0,0,0,0,0,0,100
1401,81,0,14,0,0,0,0,0,0,0,95
1402,76,0,16,0,0,0,0,0,0,0,92
1403,73,0,15,0,0,0,0,0,0,0,88
1404,72,0,11,0,0,0,0,0,0,0,83
1405,62,0,13,0,0,0,0,0,0,0,75
1406,57,0,12,0,0,0,0,0,0,0,69
1407,62,0,10,0,0,0,0,0,0,0,72
1408,72,0,9,0,0,0,0,0,0,0,81
1409,70,0,10,0,0,0,0,0,0,0,80
1410,76,0,10,0,0,0,0,0,0,0,86
1411,72,0,9,0,0,0,0,0,0,0,81
1412,79,0,9,0,0,0,0,0,0,0,88
1413,76,0,6,0,0,0,0,0,0,0,82
1414,84,0,3,0,0,0,0,0,0,0,87
1415,73,0,1,0,0,0,0,0,0,0,74
1416,76,0,2,0,0,0,0,0,0,0,78
1417,81,0,5,0,0,0,0,0,0,0,86
1418,85,0,5,0,0,0,0,0,0,0,90
1419,86,0,4,0,0,0,0,0,0,0,90
1420,80,0,7,0,0,0,0,0,0,0,87
1421,40,0,0,0,0,0,0,0,0,0,40
1422,48,0,0,0,0,0,0,0,0,0,48
1423,53,0,0,0,0,0,0,0,0,0,53
1424,50,0,0,0,0,0,0,0,0,0,50
1425,52,0,0,0,0,0,0,0,0,0,52
1426,55,0,0,0,0,0,0,0,0,0,55
1427,57,0,0,0,0,0,0,0,0,0,57
1428,53,0,0,0,0,0,0,0,0,0,53
1429,56,0,0,0,0,0,0,0,0,0,56
1430,51,0,0,0,0,0,0,0,0,0,51
1431,54,0,0,0,0,0,0,0,0,0,54
1432,54,0,0,0,0,0,0,0,0,0,54
1433,51,0,0,0,0,0,0,0,0,0,51
1434,49,0,0,0,0,0,0,0,0,0,49
1435,51,0,0,0,0,0,0,0,0,0,51
1436,55,0,0,0,0,0,0,0,0,0,55
1437,55,0,0,0,0,0,0,0,0,0,55
1438,53,0,0,0,0,0,0,0,0,0,53
1439,51,0,0,0,0,0,0,0,0,0,51
1440,53,0,0,0,0,0,0,0,0,0,53
1441,50,0,0,0,0,0,0,0,0,0,50
1442,48,0,0,0,0,0,0,0,0,0,48
1443,48,0,1,0,0,0,0,0,0,0,49
1444,42,0,0,0,0,0,0,0,0,0,42
1445,44,0,0,0,0,0,0,0,0,0,44
1446,44,0,0,0,0,0,0,0,0,0,44
1447,44,0,0,0,0,0,0,0,0,0,44
1448,43,0,0,0,0,0,0,0,0,0,43
1449,42,0,0,0,0,0,0,0,0,0,42
1450,45,0,0,0,0,0,0,0,0,0,45
1451,45,0,0,0,0,0,0,0,0,0,45
1452,49,0,0,0,0,0,0,0,0,0,49
1453,54,0,0,0,0,0,0,0,0,0,54
1454,54,0,0,0,0,0,0,0,0,0,54
1455,55,0,0,0,0,0,0,0,0,0,55
1456,51,0,0,0,0,0,0,0,0,0,51
1457,52,0,0,0,0,0,0,0,0,0,52
1458,51,0,0,0,0,0,0,0,0,0,51
1459,48,0,0,0,0,0,0,0,0,0,48
1460,45,0,0,0,0,0,0,0,0,0,45
1461,41,0,0,0,0,0,0,0,0,0,41
1462,45,0,0,0,0,0,0,0,0,0,45
1463,44,0,3,0,0,0,0,0,0,0,47
1464,48,0,1,0,0,0,0,0,0,0,49
1465,49,0,0,0,0,0,0,0,0,0,49
1466,52,0,0,0,0,0,0,0,0,0,52
1467,54,0,0,0,0,0,0,0,0,0,54
1468,48,0,0,0,0,0,0,0,0,0,48
1469,46,0,0,0,0,0,0,0,0,0,46
1470,41,0,0,0,0,0,0,0,0,0,41
1471,35,0,0,0,0,0,0,0,0,0,35
1472,35,0,0,0,0,0,0,0,0,0,35
1473,40,0,0,0,0,0,0,0,0,0,40
1474,44,0,0,0,0,0,0,0,0,0,44
1475,42,0,7,0,0,0,0,0,0,0,49
1476,40,0,10,0,0,0,0,0,0,0,50
1477,42,0,7,0,0,0,0,0,0,0,49
1478,38,0,10,0,0,0,0,0,0,0,48
1479,41,0,10,0,0,0,0,0,0,0,51
1480,49,0,5,0,0,0,0,0,0,0,54
1481,48,0,5,0,0,0,0,0,0,0,53
1482,43,0,5,0,0,0,0,0,0,0,48
1483,45,0,5,0,0,0,0,0,0,0,50
1484,44,0,5,0,0,0,0,0,0,0,49
1485,37,0,7,0,0,0,0,0,0,0,44
1486,37,0,10,0,0,0,0,0,0,0,47
1487,36,0,5,0,0,0,0,0,0,0,41
1488,44,0,5,0,0,0,0,0,0,0,49
1489,44,0,5,0,0,0,0,0,0,0,49
1490,44,0,5,0,0,0,0,0,0,0,49
1491,45,0,3,0,0,0,0,0,0,0,48
1492,48,0,0,0,0,0,0,0,0,0,48
1493,53,0,0,0,0,0,0,0,0,0,53
1494,48,0,0,0,0,0,0,0,0,0,48
1495,48,0,0,0,0,0,0,0,0,0,48
1496,46,0,0,0,0,0,0,0,0,0,46
1497,47,0,0,0,0,0,0,0,0,0,47
1498,50,0,0,0,0,0,0,0,0,0,50
1499,51,0,0,0,0,0,0,0,0,0,51
1500,51,0,0,0,0,0,0,0,0,0,51
1501,50,0,0,0,0,0,0,0,0,0,50
1502,51,0,0,0,0,0,0,0,0,0,51
1503,51,0,3,0,0,0,0,0,0,0,54
1504,47,0,0,0,0,0,0,0,0,0,47
1505,45,0,0,0,0,0,0,0,0,0,45
1506,50,0,0,0,0,0,0,0,0,0,50
1507,47,0,0,0,0,0,0,0,0,0,47
1508,53,0,0,0,0,0,0,0,0,0,53
1509,41,0,0,0,0,0,0,0,0,0,41
1510,47,0,0,0,0,0,0,0,0,0,47
1511,44,0,0,0,0,0,0,0,0,0,44
1512,40,0,0,0,0,0,0,0,0,0,40
1513,49,0,0,0,0,0,0,0,0,0,49
1514,47,0,0,0,0,0,0,0,0,0,47
1515,42,0,0,0,0,0,0,0,0,0,42
1516,47,0,0,0,0,0,0,0,0,0,47
1517,45,0,0,0,0,0,0,0,0,0,45
1518,40,0,0,0,0,0,0,0,0,0,40
1519,35,0,0,0,0,0,0,0,0,0,35
1520,39,0,0,0,0,0,0,0,0,0,39
1521,38,0,0,0,0,0,0,0,0,0,38
1522,40,0,0,0,0,0,0,0,0,0,40
1523,40,0,0,0,0,0,0,0,0,0,40
1524,40,0,0,0,0,0,0,0,0,0,40
1525,40,0,0,0,0,0,0,0,0,0,40
1526,40,0,0,0,0,0,0,0,0,0,40
1527,38,0,0,0,0,0,0,0,0,0,38
1528,40,0,0,0,0,0,0,0,0,0,40
1529,40,0,0,0,0,0,0,0,0,0,40
1530,40,0,0,0,0,0,0,0,0,0,40
1531,40,0,0,0,0,0,0,0,0,0,40
1532,39,0,0,0,0,0,0,0,0,0,39
1533,41,0,0,0,0,0,0,0,0,0,41
1534,42,0,0,0,0,0,0,0,0,0,42
1535,44,0,0,0,0,0,0,0,0,0,44
1536,43,0,0,0,0,0,0,0,0,0,43
1537,44,0,0,0,0,0,0,0,0,0,44
1538,45,0,0,0,0,0,0,0,0,0,45
1539,45,0,0,0,0,0,0,0,0,0,45
1540,45,0,0,0,0,0,0,0,0,0,45
1541,45,0,0,0,0,0,0,0,0,0,45
1542,45,0,0,0,0,0,0,0,0,0,45
1543,45,0,0,0,0,0,0,0,0,0,45
1544,45,0,0,0,0,0,0,0,0,0,45
1545,45,0,0,0,0,0,0,0,0,0,45
1546,46,0,0,0,0,0,0,0,0,0,46
1547,45,0,0,0,0,0,0,0,0,0,45
1548,48,0,0,0,0,0,0,0,0,0,48
1549,50,0,0,0,0,0,0,0,0,0,50
1550,49,0,0,0,0,0,0,0,0,0,49
1551,50,0,0,0,0,0,0,0,0,0,50
1552,48,0,0,0,0,0,0,0,0,0,48
1553,47,0,0,0,0,0,0,0,0,0,47
1554,48,0,0,0,0,0,0,0,0,0,48
1555,48,0,0,0,0,0,0,0,0,0,48
1556,42,0,0,0,0,0,0,0,0,0,42
1557,40,0,0,0,0,0,0,0,2,0,40
1558,40,0,0,0,0,0,0,0,4,0,40
1559,39,0,0,0,0,0,0,0,5,0,39
1560,39,0,0,0,0,0,0,0,5,0,39
1561,40,0,0,0,0,0,0,0,2,0,40
1562,46,0,0,0,0,0,0,0,0,0,46
1563,45,0,0,0,0,0,0,0,0,0,45
1564,45,0,0,0,0,0,0,0,0,0,45
1565,44,0,0,0,0,0,0,0,0,0,44
1566,43,0,0,0,0,0,0,0,0,0,43
1567,43,0,0,0,0,0,0,0,0,0,43
1568,45,0,0,0,0,0,0,0,0,0,45
1569,45,0,0,0,0,0,0,0,0,0,45
1570,45,0,0,0,0,0,0,0,0,0,45
1571,48,0,0,0,0,0,0,0,0,0,48
1572,45,0,0,0,0,0,0,0,0,0,45
1573,45,0,0,0,0,0,0,0,0,0,45
1574,54,0,0,0,0,0,0,0,0,0,54
1575,54,0,0,0,0,0,0,0,0,0,54
1576,54,0,0,0,0,0,0,0,0,0,54
1577,52,0,0,0,0,0,0,0,0,0,52
1578,52,0,0,0,0,0,0,0,0,0,52
1579,53,0,0,0,0,0,0,0,0,0,53
1580,51,0,0,0,0,0,0,0,0,0,51
1581,50,0,0,0,0,0,0,0,0,0,50
1582,52,0,0,0,0,0,0,0,0,0,52
1583,47,0,0,0,0,0,0,0,0,0,47
1584,45,0,0,0,0,0,0,0,0,0,45
1585,48,0,0,0,0,0,0,0,0,0,48
1586,54,0,0,0,0,0,0,0,0,0,54
1587,53,0,0,0,0,0,0,0,0,0,53
1588,52,0,0,0,0,0,0,0,0,0,52
1589,52,0,0,0,0,0,0,0,0,0,52
1590,49,0,0,0,0,0,0,0,0,0,49
1591,56,0,0,0,0,0,0,0,0,0,56
1592,53,0,0,0,0,0,0,0,0,0,53
1593,49,0,0,0,0,0,0,0,0,0,49
1594,49,0,0,0,0,0,0,0,0,0,49
1595,46,0,0,0,0,0,0,0,0,0,46
1596,50,0,0,0,0,0,0,0,0,0,50
1597,50,0,0,0,0,0,0,0,0,0,50
1598,49,0,0,0,0,0,0,0,0,0,49
1599,51,0,0,0,0,0,0,0,0,0,51
1600,53,0,0,0,0,0,0,0,0,0,53
1601,53,0,0,0,0,0,0,0,0,0,53
1602,47,0,0,0,0,0,0,0,0,0,47
1603,50,0,0,0,0,0,0,0,0,0,50
1604,52,0,0,0,0,0,0,0,0,0,52
1605,51,0,0,0,0,0,0,0,0,0,51
1606,51,0,0,0,0,0,0,0,0,0,51
1607,40,0,0,0,0,0,0,0,4,0,40
1608,44,0,0,0,0,0,0,0,5,0,44
1609,45,0,0,0,0,0,0,0,5,0,45
1610,43,0,0,0,0,0,0,0,5,0,43
1611,45,0,0,0,0,0,0,0,5,0,45
1612,41,0,0,0,0,0,0,0,5,0,41
1613,43,0,0,0,0,0,0,0,5,0,43
1614,44,0,0,0,0,0,0,0,5,0,44
1615,47,0,0,0,0,0,0,0,5,0,47
1616,48,0,0,0,0,0,0,0,5,0,48
1617,45,0,0,0,0,0,0,0,5,0,45
1618,44,0,0,0,0,0,0,0,5,0,44
1619,44,0,0,0,0,0,0,0,5,0,44
1620,48,0,0,0,0,0,0,0,5,0,48
1621,46,0,0,0,0,0,0,0,5,0,46
1622,46,0,0,0,0,0,0,0,5,0,46
1623,43,0,0,0,0,0,0,0,5,0,43
1624,44,0,0,0,0,0,0,0,5,0,44
1625,49,0,0,0,0,0,0,0,5,0,49
1626,48,0,0,0,0,0,0,0,5,0,48
1627,48,0,0,0,0,0,0,0,5,0,48
1628,45,0,0,0,0,0,0,0,5,0,45
1629,52,0,0,0,0,0,0,0,5,0,52
1630,53,0,0,0,0,0,0,0,5,0,53
1631,59,0,0,0,0,0,0,0,5,0,59
1632,59,0,0,0,0,0,0,0,5,0,59
1633,58,0,0,0,0,0,0,0,5,0,58
1634,58,0,0,0,0,0,0,0,5,0,58
1635,57,0,0,0,0,0,0,0,5,0,57
1636,52,0,0,0,0,0,0,0,5,0,52
1637,56,0,3,0,0,0,0,0,5,0,59
1638,50,0,0,0,0,0,0,0,5,0,50
1639,45,0,2,0,0,0,0,0,5,0,47
1640,44,0,0,0,0,0,0,0,5,0,44
1641,45,0,4,0,0,0,0,0,5,0,49
1642,45,0,3,0,0,0,0,0,5,0,48
1643,40,0,5,0,0,0,0,0,5,0,45
1644,36,0,8,0,0,0,0,0,5,0,44
1645,39,0,9,0,0,0,0,0,5,0,48
1646,39,0,5,0,0,0,0,0,5,0,44
1647,48,0,0,0,0,0,0,0,5,0,48
1648,45,0,0,0,0,0,0,0,5,0,45
1649,46,0,0,0,0,0,0,0,2,0,46
1650,49,0,0,0,0,0,0,0,1,0,49
1651,50,0,1,0,0,0,0,0,5,0,51
1652,47,0,0,0,0,0,0,0,5,0,47
1653,37,0,0,0,0,0,0,0,3,0,37
1654,31,0,3,0,0,0,0,0,5,0,34
1655,29,0,7,0,0,0,0,0,4,0,36
1656,33,0,5,0,0,0,0,0,5,0,38
1657,37,0,5,0,0,0,0,0,5,0,42
1658,35,0,5,0,0,0,0,0,3,0,40
1659,35,0,5,0,0,0,0,0,2,0,40
1660,35,0,5,0,0,0,0,0,5,0,40
1661,39,0,5,0,0,0,0,0,5,0,44
1662,38,0,5,0,0,0,0,0,5,0,43
1663,44,0,1,0,0,0,0,0,3,0,45
1664,44,0,4,0,0,0,0,0,3,0,48
1665,45,0,3,0,0,0,0,0,3,0,48
1666,40,0,0,0,0,0,0,0,5,0,40
1667,40,0,0,0,0,0,0,0,4,0,40
1668,37,0,0,0,0,0,0,0,4,0,37
1669,41,0,1,0,0,0,0,0,1,0,42
1670,45,0,0,0,0,0,0,0,3,0,45
1671,45,0,0,0,0,0,0,0,4,0,45
1672,45,0,0,0,0,0,0,0,5,0,45
1673,45,0,0,0,0,0,0,0,2,0,45
1674,45,0,0,0,0,0,0,0,0,0,45
1675,52,0,0,0,0,0,0,0,3,0,52
1676,57,0,0,0,0,0,0,0,2,0,57
1677,58,0,0,0,0,0,0,0,4,0,58
1678,48,0,0,0,0,0,0,0,5,0,48
1679,44,0,2,0,0,0,0,0,5,0,46
1680,46,0,5,0,0,0,0,0,4,0,51
1681,41,0,4,0,0,0,0,0,4,0,45
1682,43,0,0,0,0,0,0,0,5,0,43
1683,42,0,0,0,0,0,0,0,5,0,42
1684,39,0,0,0,0,0,0,0,5,0,39
1685,38,0,0,0,0,0,0,0,5,0,38
1686,40,0,0,0,0,0,0,0,5,0,40
1687,43,0,0,0,0,0,0,0,4,0,43
1688,46,0,0,0,0,0,0,0,3,0,46
1689,45,0,0,0,0,0,0,0,4,0,45
1690,45,0,0,0,0,0,0,0,1,0,45
1691,43,0,0,0,0,0,0,0,3,0,43
1692,44,0,0,0,0,0,0,0,3,0,44
1693,45,0,0,0,0,0,0,0,0,0,45
1694,42,0,0,0,0,0,0,0,2,0,42
1695,40,0,0,0,0,0,0,0,4,0,40
1696,41,0,0,0,0,0,0,0,1,0,41
1697,43,0,0,0,0,0,0,0,1,0,43
1698,41,0,0,0,0,0,0,0,0,0,41
1699,42,0,0,0,0,0,0,0,0,0,42
1700,45,0,0,0,0,0,0,0,0,0,45
1701,45,0,0,0,0,0,0,0,0,0,45
1702,44,0,0,0,0,0,0,0,0,0,44
1703,41,0,0,0,0,0,0,0,0,0,41
1704,43,0,0,0,0,0,0,0,0,0,43
1705,45,0,0,0,0,0,0,0,0,0,45
1706,39,0,0,0,0,0,0,0,0,0,39
1707,40,0,0,0,0,0,0,0,0,0,40
1708,41,0,0,0,0,0,0,0,0,0,41
1709,34,0,0,0,0,0,0,0,0,0,34
1710,39,0,0,0,0,0,0,0,0,0,39
1711,38,0,0,0,0,0,0,0,0,0,38
1712,40,0,0,0,0,0,0,0,1,0,40
1713,44,0,0,0,0,0,0,0,0,0,44
1714,45,0,0,0,0,0,0,0,0,0,45
1715,36,0,0,0,0,0,0,0,0,0,36
1716,35,0,0,0,0,0,0,0,0,0,35
1717,41,0,0,0,0,0,0,0,0,0,41
1718,43,0,0,0,0,0,0,0,0,0,43
1719,38,0,0,0,0,0,0,0,0,0,38
1720,40,0,0,0,0,0,0,0,0,0,40
1721,53,0,8,0,0,0,0,0,5,0,61
1722,51,0,9,0,0,0,0,0,7,0,60
1723,56,0,8,0,0,0,0,0,6,0,64
1724,50,0,5,0,0,0,0,0,10,0,55
1725,51,0,8,0,0,0,0,0,12,0,59
1726,48,0,11,0,0,0,0,0,13,0,59
1727,52,0,8,0,0,0,0,0,12,0,60
1728,55,0,6,0,0,0,0,0,15,0,61
1729,63,0,6,0,0,0,0,0,20,0,69
1730,57,0,10,0,0,0,0,0,19,0,67
1731,60,0,9,0,0,0,0,0,19,0,69
1732,57,0,8,0,0,0,0,0,19,0,65
1733,56,0,12,0,0,0,0,0,17,0,68
1734,61,0,8,0,0,0,0,0,15,0,69
1735,54,0,7,0,0,0,0,0,13,0,61
1736,53,0,10,0,0,0,0,0,10,0,63
1737,50,0,8,0,0,0,0,0,11,0,58
1738,50,0,10,0,0,0,0,0,10,0,60
1739,51,0,10,0,0,0,0,0,8,0,61
1740,54,0,8,0,0,0,0,0,5,0,62
1741,56,0,5,0,0,0,0,0,5,0,61
1742,48,0,10,0,0,0,0,0,10,0,58
1743,49,0,8,0,0,0,0,0,14,0,57
1744,45,0,7,0,0,0,0,0,10,0,52
1745,39,0,10,0,0,0,0,0,7,0,49
1746,43,0,8,0,0,0,0,0,7,0,51
1747,47,0,11,0,0,0,0,0,5,0,58
1748,44,0,8,0,0,0,0,0,5,0,52
1749,41,0,10,0,0,0,0,0,5,0,51
1750,43,0,15,0,0,0,0,0,5,0,58
1751,51,0,13,0,0,0,0,0,5,0,64
1752,57,0,9,0,0,0,0,0,5,0,66
1753,60,0,9,0,0,0,0,0,5,0,69
1754,55,0,8,0,0,0,0,0,5,0,63
1755,55,0,12,0,0,0,0,0,2,0,67
1756,54,0,11,0,0,0,0,0,0,0,65
1757,52,0,12,0,0,0,0,0,0,0,64
1758,61,0,9,0,0,0,0,0,0,0,70
1759,59,0,5,0,0,0,0,0,0,0,64
1760,50,0,11,0,0,0,0,0,0,0,61
1761,51,0,11,0,0,0,0,0,0,0,62
1762,60,0,5,0,0,0,0,0,0,0,65
1763,52,0,8,0,0,0,0,0,0,0,60
1764,52,0,6,0,0,0,0,0,0,0,58
1765,49,0,7,0,0,0,0,0,0,0,56
1766,47,0,5,0,0,0,0,0,0,0,52
1767,38,0,8,0,0,0,0,0,0,0,46
1768,42,0,10,0,0,0,0,0,0,0,52
1769,47,0,7,0,0,0,0,0,0,0,54
1770,43,0,8,0,0,0,0,0,0,0,51
1771,46,0,10,0,0,0,0,0,0,0,56
1772,52,0,10,0,0,0,0,0,0,0,62
1773,55,0,7,0,0,0,0,0,0,0,62
1774,49,0,5,0,0,0,0,0,0,0,54
1775,49,0,5,0,0,0,0,0,0,0,54
1776,50,0,5,0,0,0,0,0,0,0,55
1777,50,0,5,0,0,0,0,0,0,0,55
1778,50,0,5,0,0,0,0,0,0,0,55
1779,52,0,10,0,0,0,0,0,0,0,62
1780,50,0,8,0,0,0,0,0,0,0,58
1781,45,0,10,0,0,0,0,0,0,0,55
1782,47,0,7,0,0,0,0,0,0,0,54
1783,50,0,5,0,0,0,0,0,0,0,55
1784,55,0,5,0,0,0,0,0,0,0,60
1785,55,0,5,0,0,0,0,0,0,0,60
1786,46,0,5,0,0,0,0,0,0,0,51
1787,47,0,5,0,0,0,0,0,0,0,52
1788,47,0,7,0,0,0,0,0,0,0,54
1789,43,0,10,0,0,0,0,0,0,0,53
1790,44,0,9,0,0,0,0,0,1,0,53
1791,51,0,9,0,0,0,0,0,0,0,60
1792,47,0,11,0,0,0,0,0,0,0,58
1793,48,0,14,0,0,0,0,0,0,0,62
1794,52,0,12,0,0,0,0,0,0,0,64
1795,46,0,11,0,0,0,0,0,0,0,57
1796,48,0,9,0,0,0,0,0,0,0,57
1797,51,0,5,0,0,0,0,0,0,0,56
1798,54,0,7,0,0,0,0,0,0,0,61
1799,51,0,5,0,0,0,0,0,0,0,56
1800,54,0,5,0,0,0,0,0,0,0,59
1801,48,0,10,0,0,0,0,0,0,0,58
1802,54,0,8,0,0,0,0,0,0,0,62
1803,48,0,6,0,0,0,0,0,0,0,54
1804,50,0,5,0,0,0,0,0,0,0,55
1805,47,0,9,0,0,0,0,0,0,0,56
1806,42,0,12,0,0,0,0,0,0,0,54
1807,50,0,12,0,0,0,0,0,0,0,62
1808,46,0,12,0,0,0,0,0,0,0,58
1809,48,0,7,0,0,0,0,0,0,0,55
1810,44,0,7,0,0,0,0,0,0,0,51
1811,45,0,9,0,0,0,0,0,0,0,54
1812,42,0,6,0,0,0,0,0,0,0,48
1813,44,0,5,0,0,0,0,0,0,0,49
1814,44,0,8,0,0,0,0,0,0,0,52
1815,50,0,6,0,0,0,0,0,0,0,56
1816,49,0,5,0,0,0,0,0,0,0,54
1817,45,0,9,0,0,0,0,0,0,0,54
1818,43,0,10,0,0,0,0,0,0,0,53
1819,43,0,7,0,0,0,0,0,0,0,50
1820,45,0,7,0,0,0,0,0,0,0,52
1821,48,0,5,0,0,0,0,0,0,0,53
1822,50,0,5,0,0,0,0,0,0,0,55
1823,51,0,5,0,0,0,0,0,0,0,56
1824,49,0,10,0,0,0,0,0,0,0,59
1825,48,0,6,0,0,0,0,0,0,0,54
1826,48,0,8,0,0,0,0,0,0,0,56
1827,45,0,6,0,0,0,0,0,0,0,51
1828,45,0,10,0,0,0,0,0,0,0,55
1829,45,0,9,0,0,0,0,0,0,0,54
1830,39,0,9,0,0,0,0,0,0,0,48
1831,51,0,8,0,0,0,0,0,0,0,59
1832,48,0,9,0,0,0,0,0,0,0,57
1833,50,0,6,0,0,0,0,0,0,0,56
1834,48,0,10,0,0,0,0,0,0,0,58
1835,45,0,5,0,0,0,0,0,0,0,50
1836,43,0,6,0,0,0,0,0,0,0,49
1837,42,0,8,0,0,0,0,0,0,0,50
1838,46,0,6,0,0,0,0,0,0,0,52
1839,51,0,8,0,0,0,0,0,0,0,59
1840,47,0,10,0,0,0,0,0,0,0,57
1841,45,0,9,0,0,0,0,0,0,0,54
1842,44,0,9,0,0,0,0,0,0,0,53
1843,45,0,10,0,0,0,0,0,0,0,55
1844,52,0,8,0,0,0,0,0,0,0,60
1845,56,0,6,0,0,0,0,0,0,0,62
1846,56,0,5,0,0,0,0,0,0,0,61
1847,49,0,9,0,0,0,0,0,0,0,58
1848,51,0,9,0,0,0,0,0,0,0,60
1849,53,0,7,0,0,0,0,0,0,0,60
1850,55,0,9,0,0,0,0,0,0,0,64
1851,53,0,5,0,0,0,0,0,0,0,58
1852,57,0,7,0,0,0,0,0,0,0,64
1853,55,0,7,0,0,0,0,0,0,0,62
1854,53,0,8,0,0,0,0,0,0,0,61
1855,55,0,10,0,0,0,0,0,0,0,65
1856,55,0,10,0,0,0,0,0,0,0,65
1857,53,0,10,0,0,0,0,0,0,0,63
1858,59,0,8,0,0,0,0,0,0,0,67
1859,52,0,7,0,0,0,0,0,0,0,59
1860,50,0,9,0,0,0,0,0,0,0,59
1861,52,0,8,0,0,0,0,0,0,0,60
1862,58,0,9,0,0,0,0,0,0,0,67
1863,59,0,8,0,0,0,0,0,0,0,67
1864,53,0,10,0,0,0,0,0,0,0,63
1865,54,0,8,0,0,0,0,0,0,0,62
1866,52,0,7,0,0,0,0,0,2,0,59
1867,45,0,8,0,0,0,0,0,2,0,53
1868,45,0,10,0,0,0,0,0,0,0,55
1869,43,0,7,0,0,0,0,0,5,0,50
1870,43,0,6,0,0,0,0,0,5,0,49
1871,44,0,8,0,0,0,0,0,5,0,52
1872,48,0,6,0,0,0,0,0,5,0,54
1873,50,0,10,0,0,0,0,0,5,0,60
1874,49,0,10,0,0,0,0,0,5,0,59
1875,49,0,10,0,0,0,0,0,5,0,59
1876,51,0,10,0,0,0,0,0,1,0,61
1877,51,0,7,0,0,0,0,0,0,0,58
1878,49,0,9,0,0,0,0,0,1,0,58
1879,49,0,8,0,0,0,0,0,1,0,57
1880,49,0,10,0,0,0,0,0,0,0,59
1881,45,0,10,0,0,0,0,0,0,0,55
1882,54,0,10,0,0,0,0,0,0,0,64
1883,55,0,5,0,0,0,0,0,2,0,60
1884,53,0,5,0,0,0,0,0,0,0,58
1885,42,0,9,0,0,0,0,0,0,0,51
1886,42,0,10,0,0,0,0,0,0,0,52
1887,45,0,8,0,0,0,0,0,0,0,53
1888,40,0,7,0,0,0,0,0,0,0,47
1889,47,0,7,0,0,0,0,0,3,0,54
1890,43,0,9,0,0,0,0,0,5,0,52
1891,42,0,12,0,0,0,0,0,5,0,54
1892,40,0,15,0,0,0,0,0,5,0,55
1893,44,0,13,0,0,0,0,0,5,0,57
1894,43,0,11,0,0,0,0,0,5,0,54
1895,48,0,9,0,0,0,0,0,5,0,57
1896,50,0,10,0,0,0,0,0,5,0,60
1897,43,0,12,0,0,0,0,0,5,0,55
1898,45,0,10,0,0,0,0,0,5,0,55
1899,45,0,10,0,0,0,0,0,5,0,55
1900,44,0,11,0,0,0,0,0,5,0,55
1901,44,0,10,0,0,0,0,0,5,0,54
1902,44,0,10,0,0,0,0,0,3,0,54
1903,45,0,10,0,0,0,0,0,2,0,55
1904,40,0,10,0,0,0,0,0,2,0,50
1905,48,0,9,0,0,0,0,0,0,0,57
1906,50,0,10,0,0,0,0,0,3,0,60
1907,48,0,9,0,0,0,0,0,0,0,57
1908,50,0,8,0,0,0,0,0,0,0,58
1909,50,0,5,0,0,0,0,0,0,0,55
1910,48,0,10,0,0,0,0,0,0,0,58
1911,50,0,8,0,0,0,0,0,0,0,58
1912,49,0,10,0,0,0,0,0,0,0,59
1913,52,0,9,0,0,0,0,0,1,0,61
1914,52,0,7,0,0,0,0,0,4,0,59
1915,48,0,8,0,0,0,0,0,5,0,56
1916,49,0,10,0,0,0,0,0,2,0,59
1917,47,0,5,0,0,0,0,0,3,0,52
1918,47,0,5,0,0,0,0,0,5,0,52
1919,43,0,14,0,0,0,0,0,5,0,57
1920,47,0,13,0,0,0,0,0,5,0,60
1921,44,0,12,0,0,0,0,0,5,0,56
1922,33,0,12,0,0,0,0,0,5,0,45
1923,50,0,5,0,0,0,0,0,5,0,55
1924,53,0,10,0,0,0,0,0,5,0,63
1925,50,0,9,0,0,0,0,0,5,0,59
1926,48,0,7,0,0,0,0,0,5,0,55
1927,54,0,10,0,0,0,0,0,5,0,64
1928,53,0,9,0,0,0,0,0,0,0,62
1929,51,0,9,0,0,0,0,0,3,0,60
1930,52,0,7,0,0,0,0,0,2,0,59
1931,47,0,9,0,0,0,0,0,0,0,56
1932,44,0,9,0,0,0,0,0,0,0,53
1933,48,0,7,0,0,0,0,0,0,0,55
1934,48,0,9,0,0,0,0,0,0,0,57
1935,48,0,8,0,0,0,0,0,0,0,56
1936,44,0,10,0,0,0,0,0,0,0,54
1937,42,0,10,0,0,0,0,0,0,0,52
1938,43,0,9,0,0,0,0,0,0,0,52
1939,48,0,10,0,0,0,0,0,0,0,58
1940,50,0,9,0,0,0,0,0,0,0,59
1941,45,0,10,0,0,0,0,0,0,0,55
1942,50,0,10,0,0,0,0,0,0,0,60
1943,55,0,10,0,0,0,0,0,0,0,65
1944,53,0,9,0,0,0,0,0,0,0,62
1945,51,0,10,0,0,0,0,0,0,0,61
1946,48,0,10,0,0,0,0,0,0,0,58
1947,44,0,10,0,0,0,0,0,0,0,54
1948,51,0,10,0,0,0,0,0,0,0,61
1949,53,0,9,0,0,0,0,0,0,0,62
1950,50,0,10,0,0,0,0,0,0,0,60
1951,50,0,9,0,0,0,0,0,0,0,59
1952,49,0,7,0,0,0,0,0,0,0,56
1953,42,0,5,0,0,0,0,0,1,0,47
1954,44,0,5,0,0,0,0,0,0,0,49
1955,45,0,5,0,0,0,0,0,1,0,50
1956,45,0,5,0,0,0,0,0,1,0,50
1957,48,0,9,0,0,0,0,0,0,0,57
1958,45,0,10,0,0,0,0,0,0,0,55
1959,50,0,10,0,0,0,0,0,0,0,60
1960,48,0,10,0,0,0,0,0,0,0,58
1961,47,0,10,0,0,0,0,0,2,0,57
1962,50,0,7,0,0,0,0,0,5,0,57
1963,43,0,8,0,0,0,0,0,4,0,51
1964,42,0,13,0,0,0,0,0,5,0,55
1965,48,0,10,0,0,0,0,0,5,0,58
1966,47,0,8,0,0,0,0,0,5,0,55
1967,56,0,10,0,0,0,0,0,5,0,66
1968,57,0,7,0,0,0,0,0,5,0,64
1969,54,0,9,0,0,0,0,0,5,0,63
1970,54,0,9,0,0,0,0,0,5,0,63
1971,47,0,8,0,0,0,0,0,5,0,55
1972,44,0,10,0,0,0,0,0,5,0,54
1973,48,0,8,0,0,0,0,0,5,0,56
1974,49,0,7,0,0,0,0,0,5,0,56
1975,50,0,7,0,0,0,0,0,2,0,57
1976,59,0,8,0,0,0,0,0,1,0,67
1977,60,0,5,0,0,0,0,0,1,0,65
1978,56,0,6,0,0,0,0,0,1,0,62
1979,55,0,10,0,0,0,0,0,2,0,65
1980,63,0,7,0,0,0,0,0,4,0,70
1981,63,0,7,0,0,0,0,0,1,0,70
1982,57,0,8,0,0,0,0,0,2,0,65
1983,53,0,10,0,0,0,0,0,1,0,63
1984,51,0,10,0,0,0,0,0,5,0,61
1985,53,0,10,0,0,0,0,0,5,0,63
1986,50,0,10,0,0,0,0,0,5,0,60
1987,47,0,10,0,0,0,0,0,5,0,57
1988,49,0,9,0,0,0,0,0,5,0,58
1989,46,0,13,0,0,0,0,0,5,0,59
1990,43,0,13,0,0,0,0,0,5,0,56
1991,52,0,11,0,0,0,0,0,5,0,63
1992,61,0,6,0,0,0,0,0,5,0,67
1993,59,0,9,0,0,0,0,0,5,0,68
1994,61,0,5,0,0,0,0,0,5,0,66
1995,47,0,6,0,0,0,0,0,3,0,53
1996,48,0,11,0,0,0,0,0,5,0,59
1997,45,0,9,0,0,0,0,0,1,0,54
1998,45,0,9,0,0,0,0,0,0,0,54
1999,49,0,5,0,0,0,0,0,0,0,54
2000,45,0,9,0,0,0,0,0,0,0,54
2001,46,0,10,0,0,0,0,0,0,0,56
2002,43,0,11,0,0,0,0,0,0,0,54
2003,44,0,13,0,0,0,0,0,0,0,57
2004,52,0,9,0,0,0,0,0,0,0,61
2005,50,0,12,0,0,0,0,0,0,0,62
2006,42,0,12,0,0,0,0,0,0,0,54
2007,37,0,14,0,0,0,0,0,0,0,51
2008,44,0,15,0,0,0,0,0,0,0,59
2009,49,0,14,0,0,0,0,0,0,0,63
2010,50,0,12,0,0,0,0,0,0,0,62
2011,45,0,10,0,0,0,0,0,0,0,55
2012,43,0,10,0,0,0,0,0,0,0,53
2013,41,0,10,0,0,0,0,0,0,0,51
2014,40,0,12,0,0,0,0,0,0,0,52
2015,46,0,10,0,0,0,0,0,0,0,56
2016,41,0,8,0,0,0,0,0,0,0,49
2017,45,0,10,0,0,0,0,0,0,0,55
2018,52,0,8,0,0,0,0,0,0,0,60
2019,53,0,9,0,0,0,0,0,0,0,62
2020,53,0,7,0,0,0,0,0,0,0,60
2021,56,0,0,0,0,0,0,0,3,0,56
2022,73,0,0,0,0,0,0,0,1,0,73
2023,72,0,0,0,0,0,0,0,0,0,72
2024,68,0,0,0,0,0,0,0,0,0,68
2025,63,0,0,0,0,0,0,0,0,0,63
2026,65,0,3,0,0,0,0,0,0,0,68
2027,64,0,2,0,0,0,0,0,0,0,66
2028,67,0,0,0,0,0,0,0,0,0,67
2029,65,0,5,0,0,0,0,0,0,0,70
2030,63,0,6,0,0,0,0,0,0,0,69
2031,64,0,6,0,0,0,0,0,0,0,70
2032,62,0,5,0,0,0,0,0,0,0,67
2033,63,0,5,0,0,0,0,0,1,0,68
2034,68,0,3,0,0,0,0,0,0,0,71
2035,64,0,5,0,0,0,0,0,0,0,69
2036,70,0,1,0,0,0,0,0,2,0,71
2037,71,0,5,0,0,0,0,0,5,0,76
2038,68,0,2,0,0,0,0,0,5,0,70
2039,72,0,0,0,0,0,0,0,9,0,72
2040,75,0,0,0,0,0,0,0,10,0,75
2041,75,0,0,0,0,0,0,0,10,0,75
2042,75,0,0,0,0,0,0,0,10,0,75
2043,70,0,0,0,0,0,0,0,10,0,70
2044,75,0,0,0,0,0,0,0,10,0,75
2045,78,0,0,0,0,0,0,0,10,0,78
2046,78,0,0,0,0,0,0,0,7,0,78
2047,79,0,0,0,0,0,0,0,5,0,79
2048,73,0,0,0,0,0,0,0,1,0,73
2049,74,0,0,0,0,0,0,0,0,0,74
2050,80,0,0,0,0,0,0,0,3,0,80
2051,85,0,0,0,0,0,0,0,0,0,85
2052,85,0,0,0,0,0,0,0,2,0,85
2053,85,0,0,0,0,0,0,0,5,0,85
2054,84,0,0,0,0,0,0,0,9,0,84
2055,90,0,2,0,0,0,0,0,10,0,92
2056,87,0,3,0,0,0,0,0,10,0,90
2057,84,0,2,0,0,0,0,0,10,0,86
2058,84,0,0,0,0,0,0,0,7,0,84
2059,85,0,1,0,0,0,0,0,10,0,86
2060,80,0,3,0,0,0,0,0,7,0,83
2061,85,0,0,0,0,0,0,0,10,0,85
2062,77,0,0,0,0,0,0,0,10,0,77
2063,80,0,0,0,0,0,0,0,10,0,80
2064,74,0,0,0,0,0,0,0,10,0,74
2065,70,0,0,0,0,0,0,0,7,0,70
2066,73,0,0,0,0,0,0,0,5,0,73
2067,70,0,3,0,0,0,0,0,2,0,73
2068,72,0,3,0,0,0,0,0,0,0,75
2069,73,0,2,0,0,0,0,0,0,0,75
2070,59,0,5,0,0,0,0,0,0,0,64
2071,60,0,10,0,0,0,0,0,0,0,70
2072,59,0,10,0,0,0,0,0,0,0,69
2073,64,0,6,0,0,0,0,0,0,0,70
2074,68,0,9,0,0,0,0,0,0,0,77
2075,72,0,5,0,0,0,0,0,0,0,77
2076,75,0,8,0,0,0,0,0,0,0,83
2077,73,0,7,0,0,0,0,0,0,0,80
2078,78,0,7,0,0,0,0,0,0,0,85
2079,80,0,7,0,0,0,0,0,7,0,87
2080,76,0,3,0,0,0,0,0,10,0,79
2081,79,0,2,0,0,0,0,0,6,0,81
2082,83,0,1,0,0,0,0,0,9,0,84
2083,82,0,5,0,0,0,0,0,15,0,87
2084,80,0,5,0,0,0,0,0,18,0,85
2085,70,0,5,0,0,0,0,0,17,0,75
2086,70,0,5,0,0,0,0,0,20,0,75
2087,70,0,3,0,0,0,0,0,16,0,73
2088,75,0,1,0,0,0,0,0,14,0,76
2089,76,0,0,0,0,0,0,0,12,0,76
2090,72,0,0,0,0,0,0,0,12,0,72
2091,72,0,0,0,0,0,0,0,11,0,72
2092,75,0,0,0,0,0,0,0,12,0,75
2093,75,0,0,0,0,0,0,0,19,0,75
2094,73,0,1,0,0,0,0,0,18,0,74
2095,75,0,0,0,0,0,0,0,19,0,75
2096,75,0,0,0,0,0,0,0,21,0,75
2097,75,0,0,0,0,0,0,0,23,0,75
2098,72,0,1,0,0,0,0,0,22,0,73
2099,74,0,4,0,0,0,0,0,18,0,78
2100,72,0,4,0,0,0,0,0,24,0,76
2101,72,0,4,0,0,0,0,0,24,0,76
2102,70,0,5,0,0,0,0,0,20,0,75
2103,72,0,4,0,0,0,0,0,19,0,76
2104,79,0,1,0,0,0,0,0,20,0,80
2105,66,0,0,0,0,0,0,0,25,0,66
2106,68,0,0,0,0,0,0,0,21,0,68
2107,76,0,0,0,0,0,0,0,24,0,76
2108,75,0,0,0,0,0,0,0,23,0,75
2109,76,0,0,0,0,0,0,0,23,0,76
2110,76,0,2,0,0,0,0,0,22,0,78
2111,78,0,2,0,0,0,0,0,24,0,80
2112,79,0,1,0,0,0,0,0,20,0,80
2113,78,0,0,0,0,0,0,0,12,0,78
2114,79,0,0,0,0,0,0,0,2,0,79
2115,81,0,0,0,0,0,0,0,4,0,81
2116,70,0,0,0,0,0,0,0,5,0,70
2117,73,0,0,0,0,0,0,0,3,0,73
2118,72,0,0,0,0,0,0,0,0,0,72
2119,70,0,0,0,0,0,0,0,0,0,70
2120,71,0,0,0,0,0,0,0,0,0,71
2121,67,0,0,0,0,0,0,0,0,0,67
2122,71,0,0,0,0,0,0,0,0,0,71
2123,75,0,0,0,0,0,0,0,0,0,75
2124,78,0,0,0,0,0,0,0,3,0,78
2125,79,0,0,0,0,0,0,0,0,0,79
2126,79,0,1,0,0,0,0,0,3,0,80
2127,78,0,0,0,0,0,0,0,5,0,78
2128,74,0,0,0,0,0,0,0,5,0,74
2129,76,0,0,0,0,0,0,0,5,0,76
2130,81,0,1,0,0,0,0,0,5,0,82
2131,85,0,3,0,0,0,0,0,5,0,88
2132,80,0,8,0,0,0,0,0,5,0,88
2133,82,0,2,0,0,0,0,0,0,0,84
2134,82,0,4,0,0,0,0,0,0,0,86
2135,84,0,3,0,0,0,0,0,0,0,87
2136,85,0,0,0,0,0,0,0,2,0,85
2137,82,0,0,0,0,0,0,0,1,0,82
2138,83,0,0,0,0,0,0,0,0,0,83
2139,83,0,0,0,0,0,0,0,0,0,83
2140,78,0,0,0,0,0,0,0,1,0,78
2141,76,0,1,0,0,0,0,0,0,0,77
2142,75,0,0,0,0,0,0,0,2,0,75
2143,74,0,0,0,0,0,0,0,0,0,74
2144,80,0,0,0,0,0,0,0,0,0,80
2145,80,0,0,0,0,0,0,0,1,0,80
2146,78,0,0,0,0,0,0,0,5,0,78
2147,70,0,0,0,0,0,0,0,5,0,70
2148,73,0,0,0,0,0,0,0,2,0,73
2149,70,0,0,0,0,0,0,0,1,0,70
2150,65,0,0,0,0,0,0,0,0,0,65
2151,65,0,0,0,0,0,0,0,1,0,65
2152,65,0,0,0,0,0,0,0,0,0,65
2153,65,0,0,0,0,0,0,0,0,0,65
2154,65,0,0,0,0,0,0,0,0,0,65
2155,65,0,0,0,0,0,0,0,0,0,65
2156,65,0,0,0,0,0,0,0,0,0,65
2157,66,0,0,0,0,0,0,0,0,0,66
2158,66,0,0,0,0,0,0,0,0,0,66
2159,70,0,0,0,0,0,0,0,0,0,70
2160,70,0,0,0,0,0,0,0,0,0,70
2161,70,0,0,0,0,0,0,0,0,0,70
2162,73,0,0,0,0,0,0,0,0,0,73
2163,75,0,0,0,0,0,0,0,0,0,75
2164,75,0,0,0,0,0,0,0,0,0,75
2165,73,0,0,0,0,0,0,0,0,0,73
2166,75,0,0,0,0,0,0,0,0,0,75
2167,74,0,0,0,0,0,0,0,0,0,74
2168,73,0,0,0,0,0,0,0,0,0,73
2169,71,0,0,0,0,0,0,0,0,0,71
2170,73,0,0,0,0,0,0,0,0,0,73
2171,78,0,0,0,0,0,0,0,0,0,78
2172,77,0,0,0,0,0,0,0,0,0,77
2173,77,0,0,0,0,0,0,0,0,0,77
2174,76,0,0,0,0,0,0,0,0,0,76
2175,78,0,0,0,0,0,0,0,0,0,78
2176,74,0,0,0,0,0,0,0,0,0,74
2177,70,0,0,0,0,0,0,0,0,0,70
2178,71,0,0,0,0,0,0,0,0,0,71
2179,79,0,0,0,0,0,0,0,0,0,79
2180,80,0,0,0,0,0,0,0,0,0,80
2181,80,0,0,0,0,0,0,0,0,0,80
2182,80,0,0,0,0,0,0,0,0,0,80
2183,77,0,0,0,0,0,0,0,0,0,77
2184,75,0,0,0,0,0,0,0,0,0,75
2185,76,0,0,0,0,0,0,0,0,0,76
2186,78,0,0,0,0,0,0,0,0,0,78
2187,79,0,0,0,0,0,0,0,0,0,79
2188,79,0,0,0,0,0,0,0,0,0,79
2189,80,0,0,0,0,0,0,0,0,0,80
2190,80,0,0,0,0,0,0,0,0,0,80
2191,80,0,0,0,0,0,0,0,0,0,80
2192,76,0,0,0,0,0,0,0,0,0,76
2193,77,0,0,0,0,0,0,0,0,0,77
2194,80,0,0,0,0,0,0,0,0,0,80
2195,76,0,0,0,0,0,0,0,0,0,76
2196,75,0,0,0,0,0,0,0,0,0,75
2197,77,0,0,0,0,0,0,0,0,0,77
2198,73,0,0,0,0,0,0,0,0,0,73
2199,71,0,0,0,0,0,0,0,0,0,71
2200,73,0,0,0,0,0,0,0,0,0,73
2201,73,0,0,0,0,0,0,0,0,0,73
2202,71,0,0,0,0,0,0,0,0,0,71
2203,70,0,0,0,0,0,0,0,0,0,70
2204,71,0,0,0,0,0,0,0,0,0,71
2205,65,0,0,0,0,0,0,0,0,0,65
2206,67,0,0,0,0,0,0,0,0,0,67
2207,66,0,0,0,0,0,0,0,0,0,66
2208,68,0,0,0,0,0,0,0,0,0,68
2209,66,0,0,0,0,0,0,0,0,0,66
2210,68,0,0,0,0,0,0,0,0,0,68
2211,71,0,2,0,0,0,0,0,0,0,73
2212,70,0,4,0,0,0,0,0,0,0,74
2213,65,0,5,0,0,0,0,0,0,0,70
2214,68,0,5,0,0,0,0,0,0,0,73
2215,62,0,5,0,0,0,0,0,0,0,67
2216,68,0,6,0,0,0,0,0,0,0,74
2217,64,0,7,0,0,0,0,0,0,0,71
2218,61,0,8,0,0,0,0,0,0,0,69
2219,66,0,6,0,0,0,0,0,0,0,72
2220,62,0,10,0,0,0,0,0,0,0,72
2221,64,0,9,0,0,0,0,0,0,0,73
2222,65,0,6,0,0,0,0,0,0,0,71
2223,69,0,5,0,0,0,0,0,0,0,74
2224,69,0,6,0,0,0,0,0,0,0,75
2225,74,0,4,0,0,0,0,0,0,0,78
2226,71,0,0,0,0,0,0,0,0,0,71
2227,74,0,0,0,0,0,0,0,0,0,74
2228,75,0,0,0,0,0,0,0,0,0,75
2229,74,0,1,0,0,0,0,0,0,0,75
2230,78,0,1,0,0,0,0,0,0,0,79
2231,75,0,3,0,0,0,0,0,0,0,78
2232,76,0,0,0,0,0,0,0,0,0,76
2233,77,0,0,0,0,0,0,0,0,0,77
2234,85,0,0,0,0,0,0,0,0,0,85
2235,84,0,5,0,0,0,0,0,0,0,89
2236,82,0,5,0,0,0,0,0,0,0,87
2237,80,0,6,0,0,0,0,0,0,0,86
2238,77,0,6,0,0,0,0,0,0,0,83
2239,82,0,6,0,0,0,0,0,1,0,88
2240,83,0,6,0,0,0,0,0,0,0,89
2241,81,0,3,0,0,0,0,0,0,0,84
2242,85,0,1,0,0,0,0,0,2,0,86
2243,81,0,3,0,0,0,0,0,5,0,84
2244,83,0,2,0,0,0,0,0,5,0,85
2245,78,0,2,0,0,0,0,0,5,0,80
2246,75,0,1,0,0,0,0,0,5,0,76
2247,75,0,0,0,0,0,0,0,5,0,75
2248,75,0,0,0,0,0,0,0,5,0,75
2249,75,0,0,0,0,0,0,0,2,0,75
2250,79,0,0,0,0,0,0,0,0,0,79
2251,80,0,0,0,0,0,0,0,0,0,80
2252,75,0,0,0,0,0,0,0,0,0,75
2253,71,0,0,0,0,0,0,0,0,0,71
2254,70,0,0,0,0,0,0,0,0,0,70
2255,70,0,0,0,0,0,0,0,0,0,70
2256,72,0,0,0,0,0,0,0,8,0,72
2257,71,0,0,0,0,0,0,0,10,0,71
2258,68,0,0,0,0,0,0,0,9,0,68
2259,68,0,0,0,0,0,0,0,5,0,68
2260,71,0,0,0,0,0,0,0,5,0,71
2261,75,0,0,0,0,0,0,0,5,0,75
2262,74,0,0,0,0,0,0,0,5,0,74
2263,73,0,0,0,0,0,0,0,5,0,73
2264,71,0,0,0,0,0,0,0,5,0,71
2265,73,0,0,0,0,0,0,0,3,0,73
2266,77,0,0,0,0,0,0,0,4,0,77
2267,78,0,0,0,0,0,0,0,5,0,78
2268,72,0,0,0,0,0,0,0,5,0,72
2269,69,0,1,0,0,0,0,0,5,0,70
2270,67,0,3,0,0,0,0,0,5,0,70
2271,65,0,5,0,0,0,0,0,5,0,70
2272,66,0,4,0,0,0,0,0,4,0,70
2273,69,0,1,0,0,0,0,0,0,0,70
2274,70,0,0,0,0,0,0,0,0,0,70
2275,69,0,1,0,0,0,0,0,0,0,70
2276,70,0,0,0,0,0,0,0,0,0,70
2277,71,0,0,0,0,0,0,0,0,0,71
2278,74,0,0,0,0,0,0,0,0,0,74
2279,70,0,0,0,0,0,0,0,0,0,70
2280,72,0,1,0,0,0,0,0,0,0,73
2281,74,0,5,0,0,0,0,0,0,0,79
2282,75,0,5,0,0,0,0,0,0,0,80
2283,74,0,5,0,0,0,0,0,0,0,79
2284,72,0,5,0,0,0,0,0,0,0,77
2285,77,0,4,0,0,0,0,0,0,0,81
2286,83,0,2,0,0,0,0,0,0,0,85
2287,85,0,0,0,0,0,0,0,0,0,85
2288,80,0,1,0,0,0,0,0,0,0,81
2289,80,0,0,0,0,0,0,0,0,0,80
2290,80,0,0,0,0,0,0,0,0,0,80
2291,80,0,0,0,0,0,0,0,0,0,80
2292,79,0,0,0,0,0,0,0,0,0,79
2293,82,0,0,0,0,0,0,0,0,0,82
2294,80,0,0,0,0,0,0,0,0,0,80
2295,79,0,0,0,0,0,0,0,0,0,79
2296,75,0,0,0,0,0,0,0,0,0,75
2297,81,0,0,0,0,0,0,0,0,0,81
2298,77,0,0,0,0,0,0,0,0,0,77
2299,77,0,0,0,0,0,0,0,0,0,77
2300,80,0,0,0,0,0,0,0,0,0,80
2301,80,0,0,0,0,0,0,0,0,0,80
2302,78,0,0,0,0,0,0,0,0,0,78
2303,85,0,0,0,0,0,0,0,0,0,85
2304,85,0,0,0,0,0,0,0,0,0,85
2305,83,0,0,0,0,0,0,0,4,0,83
2306,86,0,0,0,0,0,0,0,5,0,86
2307,85,0,0,0,0,0,0,0,5,0,85
2308,84,0,0,0,0,0,0,0,5,0,84
2309,82,0,0,0,0,0,0,0,8,0,82
2310,79,0,0,0,0,0,0,0,10,0,79
2311,81,0,0,0,0,0,0,0,10,0,81
2312,81,0,0,0,0,0,0,0,8,0,81
2313,84,0,0,0,0,0,0,0,9,0,84
2314,82,0,0,0,0,0,0,0,5,0,82
2315,87,0,0,0,0,0,0,0,5,0,87
2316,85,0,4,0,0,0,0,0,5,0,89
2317,83,0,0,0,0,0,0,0,5,0,83
2318,79,0,0,0,0,0,0,0,5,0,79
2319,72,0,0,0,0,0,0,0,5,0,72
2320,75,0,0,0,0,0,0,0,5,0,75
2321,67,0,2,0,0,0,0,0,12,0,69
2322,78,0,5,0,0,0,0,0,15,0,83
2323,80,0,7,0,0,0,0,0,15,0,87
2324,81,0,9,0,0,0,0,0,16,0,90
2325,81,0,7,0,0,0,0,0,16,0,88
2326,76,0,7,0,0,0,0,0,19,0,83
2327,81,0,6,0,0,0,0,0,14,0,87
2328,78,0,5,0,0,0,0,0,13,0,83
2329,79,0,4,0,0,0,0,0,7,0,83
2330,76,0,9,0,0,0,0,0,5,0,85
2331,73,0,11,0,0,0,0,0,5,0,84
2332,80,0,9,0,0,0,0,0,5,0,89
2333,78,0,10,0,0,0,0,0,5,0,88
2334,76,0,9,0,0,0,0,0,5,0,85
2335,74,0,16,0,0,0,0,0,5,0,90
2336,76,0,15,0,0,0,0,0,5,0,91
2337,71,0,14,0,0,0,0,0,5,0,85
2338,74,0,12,0,0,0,0,0,5,0,86
2339,72,0,13,0,0,0,0,0,1,0,85
2340,72,0,10,0,0,0,0,0,3,0,82
2341,74,0,14,0,0,0,0,0,5,0,88
2342,74,0,15,0,0,0,0,0,9,0,89
2343,71,0,15,0,0,0,0,0,5,0,86
2344,71,0,15,0,0,0,0,0,5,0,86
2345,71,0,13,0,0,0,0,0,5,0,84
2346,69,0,13,0,0,0,0,0,5,0,82
2347,69,0,14,0,0,0,0,0,5,0,83
2348,69,0,14,0,0,0,0,0,5,0,83
2349,70,0,14,0,0,0,0,0,5,0,84
2350,70,0,13,0,0,0,0,0,5,0,83
2351,72,0,12,0,0,0,0,0,5,0,84
2352,78,0,8,0,0,0,0,0,5,0,86
2353,75,0,8,0,0,0,0,0,5,0,83
2354,75,0,7,0,0,0,0,0,5,0,82
2355,74,0,7,0,0,0,0,0,9,0,81
2356,69,0,12,0,0,0,0,0,10,0,81
2357,79,0,8,0,0,0,0,0,7,0,87
2358,75,0,8,0,0,0,0,0,5,0,83
2359,81,0,8,0,0,0,0,0,3,0,89
2360,81,0,6,0,0,0,0,0,2,0,87
2361,79,0,8,0,0,0,0,0,5,0,87
2362,77,0,7,0,0,0,0,0,5,0,84
2363,74,0,8,0,0,0,0,0,4,0,82
2364,77,0,9,0,0,0,0,0,5,0,86
2365,83,0,8,0,0,0,0,0,5,0,91
2366,89,1,8,0,0,0,0,0,5,0,98
2367,80,4,9,0,0,0,0,0,5,0,93
2368,80,5,10,0,0,0,0,0,5,0,95
2369,78,5,7,0,0,0,0,0,5,0,90
2370,71,1,12,0,0,0,0,0,5,0,84
2371,70,0,11,0,0,0,0,0,5,0,81
2372,68,0,10,0,0,0,0,0,5,0,78
2373,74,4,8,0,0,0,0,0,5,0,86
2374,77,5,4,0,0,0,0,0,5,0,86
2375,72,5,5,0,0,0,0,0,4,0,82
2376,81,5,5,0,0,0,0,0,4,0,91
2377,80,3,6,0,0,0,0,0,5,0,89
2378,78,0,7,0,0,0,1,0,5,0,86
2379,82,0,5,0,0,0,1,0,5,0,88
2380,82,0,7,0,0,0,0,0,5,0,89
2381,82,0,5,0,0,0,0,0,5,0,87
2382,81,0,7,0,0,0,0,0,5,0,88
2383,77,0,6,0,0,0,0,0,5,0,83
2384,78,0,5,0,0,0,0,0,2,0,83
2385,76,0,7,0,0,0,0,0,0,0,83
2386,74,0,5,0,0,0,0,0,0,0,79
2387,68,0,12,0,0,0,0,0,3,0,80
2388,71,0,14,0,0,0,2,0,5,0,87
2389,71,0,12,0,0,0,4,0,5,0,87
2390,69,0,11,0,0,0,1,0,5,0,81
2391,73,0,10,0,0,0,0,0,5,0,83
2392,77,1,11,0,0,0,1,0,9,0,90
2393,75,2,10,0,0,0,0,0,10,0,87
2394,73,0,13,0,0,0,0,0,10,0,86
2395,73,3,9,0,0,0,2,0,10,0,87
2396,74,1,7,0,0,0,0,0,10,0,82
2397,74,0,12,0,0,0,3,0,10,0,89
2398,70,0,14,0,0,0,1,0,10,0,85
2399,77,0,15,0,0,0,1,0,7,0,93
2400,75,0,14,0,0,0,1,0,5,0,90
2401,75,0,16,0,0,0,0,0,5,0,91
2402,76,0,15,0,0,0,0,0,5,0,91
2403,74,0,14,0,0,0,0,0,5,0,88
2404,78,0,14,0,0,0,0,0,5,0,92
2405,77,0,13,0,0,0,0,0,5,0,90
2406,73,0,15,0,0,0,0,0,6,0,88
2407,75,0,14,0,0,0,0,0,14,0,89
2408,75,0,14,0,0,0,0,0,18,0,89
2409,74,0,16,0,0,0,0,0,19,0,90
2410,73,0,16,0,0,0,0,0,17,0,89
2411,79,0,14,0,0,0,0,0,24,0,93
2412,79,0,15,0,0,0,0,0,25,0,94
2413,76,0,14,0,0,0,0,0,28,0,90
2414,81,0,16,0,0,0,0,0,19,0,97
2415,80,0,15,0,0,0,0,0,20,0,95
2416,80,0,6,0,0,0,0,0,20,0,86
2417,88,0,7,0,0,0,0,0,20,0,95
2418,94,0,9,0,0,0,0,0,20,0,103
2419,88,0,10,0,0,0,0,0,20,0,98
2420,86,0,9,0,0,0,0,0,20,0,95
2421,78,0,6,0,0,0,0,0,20,0,84
2422,75,0,7,0,0,0,0,0,20,0,82
2423,78,0,5,0,0,0,0,0,20,0,83
2424,78,0,4,0,0,0,0,0,17,0,82
2425,85,0,6,0,0,0,0,0,15,0,91
2426,74,0,12,0,0,0,0,0,15,0,86
2427,66,0,10,0,0,0,0,0,10,0,76
2428,67,0,12,0,0,0,0,0,5,0,79
2429,71,0,9,0,0,0,0,0,6,0,80
2430,72,0,9,0,0,0,0,0,10,0,81
2431,79,0,9,0,0,0,0,0,10,0,88
2432,86,0,4,0,0,0,0,0,12,0,90
2433,82,0,5,0,0,0,0,0,11,0,87
2434,81,0,5,0,0,0,0,0,8,0,86
2435,84,0,5,0,0,0,0,0,8,0,89
2436,80,0,5,0,0,0,0,0,5,0,85
2437,76,0,6,0,0,0,0,0,6,0,82
2438,75,0,6,0,0,0,0,0,6,0,81
2439,71,0,6,0,0,0,0,0,10,0,77
2440,73,0,5,0,0,0,0,0,9,0,78
2441,67,0,10,0,0,0,0,0,4,0,77
2442,65,0,8,0,0,0,0,0,6,0,73
2443,66,0,5,0,0,0,0,0,7,0,71
2444,68,0,5,0,0,0,0,0,7,0,73
2445,67,0,5,0,0,0,0,0,10,0,72
2446,71,0,9,0,0,0,0,0,10,0,80
2447,68,0,10,0,0,0,0,0,10,0,78
2448,70,0,8,0,0,0,0,0,5,0,78
2449,70,0,11,0,0,0,0,0,0,0,81
2450,71,0,11,0,0,0,0,0,0,0,82
2451,71,0,13,0,0,0,0,0,0,0,84
2452,73,0,12,0,0,0,0,0,5,0,85
2453,72,0,12,0,0,0,0,0,8,0,84
2454,69,0,10,0,0,0,0,0,9,0,79
2455,71,0,10,0,0,0,0,0,6,0,81
2456,72,0,13,0,0,0,0,0,1,0,85
2457,70,0,10,0,0,0,0,0,4,0,80
2458,70,0,10,0,0,0,0,0,6,0,80
2459,71,0,9,0,0,0,0,0,8,0,80
2460,65,0,12,0,0,0,0,0,15,0,77
2461,65,0,14,0,0,0,0,0,15,0,79
2462,64,0,19,0,0,0,0,0,17,0,83
2463,59,0,14,0,0,0,0,0,20,0,73
2464,60,0,17,0,0,0,0,0,20,0,77
2465,63,0,18,0,0,0,0,0,20,0,81
2466,67,0,15,0,0,0,0,0,20,0,82
2467,66,0,15,0,0,0,0,0,18,0,81
2468,65,0,14,0,0,0,0,0,20,0,79
2469,67,0,14,0,0,0,0,0,20,0,81
2470,59,0,14,0,0,0,0,0,23,0,73
2471,68,0,10,0,0,0,0,0,25,0,78
2472,66,0,12,0,0,0,0,0,29,0,78
2473,65,0,14,0,0,0,0,0,30,0,79
2474,69,0,9,0,0,0,0,0,30,0,78
2475,70,0,9,0,0,0,0,0,30,0,79
2476,68,0,10,0,0,0,0,0,28,0,78
2477,68,0,11,0,0,0,0,0,19,0,79
2478,65,0,11,0,0,0,1,0,21,0,77
2479,63,0,10,0,0,0,0,0,22,0,73
2480,63,0,8,0,0,0,0,0,21,0,71
2481,63,0,7,0,0,0,0,0,17,0,70
2482,64,0,8,0,0,0,0,0,16,0,72
2483,65,0,7,0,0,0,0,0,19,0,72
2484,66,0,8,0,0,0,0,0,20,0,74
2485,65,0,5,0,0,0,0,0,16,0,70
2486,66,0,5,0,0,0,0,0,16,0,71
2487,68,0,4,0,0,0,0,0,16,0,72
2488,68,0,6,0,0,0,0,0,11,0,74
2489,71,0,7,0,0,0,0,0,16,0,78
2490,71,0,11,0,0,0,3,0,12,0,85
2491,75,0,13,0,0,0,5,0,11,0,93
2492,67,0,8,0,0,0,2,0,12,0,77
2493,74,0,6,0,0,0,0,0,7,0,80
2494,63,0,6,0,0,0,0,0,7,0,69
2495,62,0,7,0,0,0,1,0,3,0,70
2496,66,0,9,0,0,0,0,0,8,0,75
2497,72,0,6,0,0,0,0,0,8,0,78
2498,74,0,7,0,0,0,0,0,7,0,81
2499,76,0,6,0,0,0,0,0,10,0,82
2500,81,0,8,0,0,0,1,0,6,0,90
2501,71,0,8,0,0,0,2,0,3,0,81
2502,78,0,9,0,0,0,2,0,6,0,89
2503,69,0,9,0,0,0,0,0,1,0,78
2504,68,0,5,0,0,0,0,0,0,0,73
2505,70,0,11,0,0,0,0,0,1,0,81
2506,82,0,2,0,0,0,0,0,2,0,84
2507,76,0,4,0,0,0,0,0,4,0,80
2508,77,0,6,0,0,0,0,0,4,0,83
2509,75,0,6,0,0,0,0,0,3,0,81
2510,76,0,1,0,0,0,0,0,1,0,77
2511,75,0,6,0,0,0,0,0,0,0,81
2512,81,0,4,0,0,0,0,0,0,0,85
2513,80,0,6,0,0,0,0,0,1,0,86
2514,77,0,4,0,0,0,0,0,0,0,81
2515,77,0,7,0,0,0,0,0,0,0,84
2516,75,0,7,0,0,0,0,0,0,0,82
2517,77,0,6,0,0,0,0,0,0,0,83
2518,75,0,6,0,0,0,0,0,2,0,81
2519,79,0,5,0,0,0,0,0,1,0,84
2520,80,0,5,0,0,0,0,0,3,0,85
2521,80,0,0,0,0,0,0,0,0,0,80
2522,76,0,0,0,0,0,0,0,0,0,76
2523,77,0,0,0,0,0,0,0,1,0,77
2524,71,0,1,0,0,0,0,0,0,0,72
2525,74,0,3,0,0,0,0,0,1,0,77
2526,73,0,2,0,0,0,0,0,1,0,75
2527,72,0,0,0,0,0,0,0,0,0,72
2528,72,0,1,0,0,0,0,0,1,0,73
2529,76,0,5,0,0,0,0,0,3,0,81
2530,78,0,4,0,0,0,0,0,4,0,82
2531,81,0,2,0,0,0,0,0,5,0,83
2532,81,0,4,0,0,0,0,0,5,0,85
2533,82,0,3,0,0,0,0,0,0,0,85
2534,83,0,2,0,0,0,0,0,0,0,85
2535,83,0,4,0,0,0,0,0,0,0,87
2536,82,0,8,0,0,0,0,0,0,0,90
2537,77,0,14,0,0,0,0,0,0,0,91
2538,77,0,14,0,0,0,0,0,0,0,91
2539,77,0,12,0,0,0,0,0,0,0,89
2540,78,0,11,0,0,0,0,0,0,0,89
2541,81,0,10,0,0,0,0,0,0,0,91
2542,81,0,15,0,0,0,0,0,0,0,96
2543,80,0,11,0,0,0,0,0,0,0,91
2544,78,0,8,0,0,0,0,0,5,0,86
2545,77,0,11,0,0,0,0,0,5,0,88
2546,77,0,14,0,0,0,0,0,5,0,91
2547,75,0,12,0,0,0,0,0,4,0,87
2548,76,0,11,0,0,0,0,0,5,0,87
2549,75,0,12,0,0,0,0,0,10,0,87
2550,71,0,14,0,0,0,0,0,10,0,85
2551,66,0,9,0,0,0,0,0,6,0,75
2552,76,0,8,0,0,0,0,0,10,0,84
2553,75,0,7,0,0,0,0,0,10,0,82
2554,78,0,8,0,0,0,0,0,10,0,86
2555,81,0,3,0,0,0,0,0,15,0,84
2556,82,0,3,0,0,0,0,0,15,0,85
2557,84,0,4,0,0,0,0,0,12,0,88
2558,78,0,1,0,0,0,0,0,14,0,79
2559,76,0,1,0,0,0,0,0,11,0,77
2560,76,0,2,0,0,0,0,0,16,0,78
2561,81,0,1,0,0,0,0,0,17,0,82
2562,81,0,5,0,0,0,0,0,15,0,86
2563,83,0,3,0,0,0,2,0,14,0,88
2564,80,0,6,0,0,0,3,0,13,0,89
2565,77,0,6,0,0,0,1,0,10,0,84
2566,77,0,2,0,0,0,0,0,11,0,79
2567,84,0,1,0,0,0,2,0,14,0,87
2568,80,0,4,0,0,0,2,0,15,0,86
2569,79,0,4,0,0,0,1,0,10,0,84
2570,78,0,9,0,0,0,0,0,8,0,87
2571,77,0,4,0,0,0,0,0,9,0,81
2572,80,0,0,0,0,0,0,0,15,0,80
2573,80,0,3,0,0,0,0,0,10,0,83
2574,78,0,5,0,0,0,0,0,10,0,83
2575,74,0,5,0,0,0,0,0,10,0,79
2576,75,0,2,0,0,0,0,0,5,0,77
2577,77,0,5,0,0,0,0,0,0,0,82
2578,79,0,5,0,0,0,0,0,0,0,84
2579,82,0,4,0,0,0,0,0,2,0,86
2580,82,0,2,0,0,0,0,0,5,0,84
2581,88,0,8,0,0,0,0,0,8,0,96
2582,84,0,6,0,0,0,0,0,10,0,90
2583,83,0,10,0,0,0,0,0,10,0,93
2584,81,0,8,0,0,0,0,0,10,0,89
2585,84,0,5,0,0,0,0,0,10,0,89
2586,80,0,0,0,0,0,0,0,9,0,80
2587,81,0,0,0,0,0,0,0,5,0,81
2588,77,0,0,0,0,0,0,0,5,0,77
2589,78,0,0,0,0,0,0,0,7,0,78
2590,80,0,0,0,0,0,0,0,10,0,80
2591,83,0,4,0,0,0,1,0,10,0,88
2592,83,0,4,0,0,0,1,0,10,0,88
2593,83,0,2,0,0,0,0,0,10,0,85
2594,75,0,0,0,0,0,0,0,6,0,75
2595,74,0,5,0,0,0,0,0,5,0,79
2596,76,0,5,0,0,0,0,0,5,0,81
2597,77,0,4,0,0,0,1,0,5,0,82
2598,77,0,5,0,0,0,0,0,5,0,82
2599,78,0,3,0,0,0,0,0,5,0,81
2600,79,0,1,0,0,0,0,0,5,0,80
2601,77,0,0,0,0,0,0,0,5,0,77
2602,79,0,3,0,0,0,0,0,5,0,82
2603,79,0,4,0,0,0,0,0,5,0,83
2604,80,0,4,0,0,0,0,0,5,0,84
2605,80,0,2,0,0,0,0,0,5,0,82
2606,79,0,4,0,0,0,0,0,5,0,83
2607,78,0,3,0,0,0,0,0,5,0,81
2608,79,0,3,0,0,0,0,0,3,0,82
2609,77,0,3,0,0,0,0,0,3,0,80
2610,77,0,9,0,0,0,0,0,0,0,86
2611,81,0,8,0,0,0,0,0,0,0,89
2612,85,0,7,0,0,0,0,0,0,0,92
2613,81,0,7,0,0,0,0,0,0,0,88
2614,80,0,4,0,0,0,0,0,0,0,84
2615,77,0,5,0,0,0,0,0,0,0,82
2616,78,0,1,0,0,0,0,0,0,0,79
2617,79,0,1,0,0,0,0,0,0,0,80
2618,82,0,1,0,0,0,0,0,3,0,83
2619,83,0,0,0,0,0,0,0,5,0,83
2620,83,0,0,0,0,0,0,0,5,0,83
2621,4,0,0,0,0,0,0,0,0,0,4
2622,5,0,0,0,0,0,0,0,0,0,5
2623,5,0,0,0,0,0,0,0,0,0,5
2624,5,0,0,0,0,0,0,0,0,0,5
2632,4,0,0,0,0,0,0,0,0,0,4
2634,3,0,0,0,0,0,0,0,0,0,3
2635,6,0,2,0,0,0,0,0,0,0,8
2636,6,0,8,0,0,0,0,0,0,0,14
2637,6,0,10,0,0,0,0,0,0,0,16
2638,0,1,9,0,0,0,0,0,0,0,10
2639,9,0,3,0,0,0,0,0,0,0,12
2640,9,0,5,0,0,0,0,0,0,0,14
2641,12,0,5,0,0,0,0,0,0,0,17
2642,18,0,6,0,0,0,0,0,0,0,24
2643,13,0,6,0,0,0,0,0,0,0,19
2644,24,0,3,0,0,0,0,0,0,0,27
2645,21,0,0,0,0,0,0,0,0,0,21
2646,20,0,3,0,0,0,0,0,0,0,23
2647,19,0,2,0,0,0,0,0,0,0,21
2648,21,0,1,0,0,0,0,0,0,0,22
2649,16,0,0,0,0,0,0,0,0,0,16
2650,9,0,0,0,0,0,0,0,0,0,9
2651,10,0,0,0,0,0,0,0,0,0,10
2652,14,0,0,0,0,0,0,0,0,0,14
2653,15,0,0,0,0,0,0,0,0,0,15
2654,10,0,0,0,0,0,0,0,0,0,10
2655,10,0,0,0,0,0,0,0,0,0,10
2656,13,0,0,0,0,0,0,0,0,0,13
2657,18,0,0,0,0,0,0,0,0,0,18
2658,20,0,0,0,0,0,0,0,0,0,20
2659,27,0,1,0,0,0,0,0,0,0,28
2660,27,0,5,0,0,0,0,0,0,0,32
2661,24,0,5,0,0,0,0,0,0,0,29
2662,23,0,5,0,0,0,0,0,0,0,28
2663,14,0,3,0,0,0,0,0,0,0,17
2664,11,0,5,0,0,0,0,0,0,0,16
2665,12,0,9,0,0,0,0,0,0,0,21
2666,16,0,9,0,0,0,0,0,0,0,25
2667,14,0,6,0,0,0,0,0,0,0,20
2668,10,0,0,0,0,0,0,0,0,0,10
2669,10,0,0,0,0,0,0,0,0,0,10
2670,10,0,0,0,0,0,0,0,0,0,10
2671,12,0,0,0,0,0,0,0,0,0,12
2672,12,0,0,0,0,0,0,0,0,0,12
2673,13,0,0,0,0,0,0,0,0,0,13
2674,7,0,0,0,0,0,0,0,0,0,7
2675,9,0,0,0,0,0,0,0,0,0,9
2676,11,0,0,0,0,0,0,0,0,0,11
2677,11,0,0,0,0,0,0,0,0,0,11
2678,13,0,0,0,0,0,0,0,0,0,13
2679,12,0,2,0,0,0,0,0,0,0,14
2680,10,0,5,0,0,0,0,0,0,0,15
2681,3,0,8,0,0,0,0,0,0,0,11
2682,3,0,5,0,0,0,0,0,0,0,8
2683,5,0,3,0,0,0,0,0,0,0,8
2684,0,0,4,0,0,0,0,0,0,0,4
2685,3,0,6,0,0,0,0,0,0,0,9
2686,4,0,5,0,0,0,0,0,0,0,9
2687,3,0,13,0,0,0,0,0,0,0,16
2688,2,0,7,0,0,0,0,0,0,0,9
2689,6,0,3,0,0,0,0,0,0,0,9
2690,4,0,3,0,0,0,0,0,0,0,7
2691,6,0,1,0,0,0,0,0,0,0,7
2692,3,0,3,0,0,0,0,0,0,0,6
2693,5,0,0,0,0,0,0,0,0,0,5
2694,5,0,1,0,0,0,0,0,0,0,6
2695,4,0,3,0,0,0,0,0,0,0,7
2696,0,0,4,0,0,0,0,0,0,0,4
2697,0,0,5,0,0,0,0,0,0,0,5
2698,0,0,5,0,0,0,0,0,0,0,5
2699,0,0,5,0,0,0,0,0,0,0,5
2700,0,0,2,0,0,0,0,0,0,0,2
2701,5,0,2,0,0,0,0,0,0,0,7
2702,13,0,0,0,0,0,0,0,0,0,13
2703,5,0,0,0,0,0,0,0,0,0,5
2704,5,0,0,0,0,0,0,0,0,0,5
2705,5,0,0,0,0,0,0,0,0,0,5
2706,3,0,0,0,0,0,0,0,0,0,3
2707,5,0,0,0,0,0,0,0,0,0,5
2708,10,0,0,0,0,0,0,0,0,0,10
2709,10,0,0,0,0,0,0,0,0,0,10
2710,9,0,0,0,0,0,0,0,0,0,9
2711,7,0,0,0,0,0,0,0,0,0,7
2712,5,0,0,0,0,0,0,0,0,0,5
2713,3,0,0,0,0,0,0,0,0,0,3
2714,7,0,0,0,0,0,0,0,0,0,7
2715,6,0,0,0,0,0,0,0,0,0,6
2716,5,0,0,0,0,0,0,0,0,0,5
2717,5,0,0,0,0,0,0,0,0,0,5
2718,3,0,0,0,0,0,0,0,0,0,3
2720,2,0,0,0,0,0,0,0,0,0,2
2721,5,0,0,0,0,0,0,0,0,0,5
2722,5,0,0,0,0,0,0,0,0,0,5
2723,9,0,0,0,0,0,0,0,0,0,9
2724,6,0,0,0,0,0,0,0,0,0,6
2725,5,0,0,0,0,0,0,0,0,0,5
2726,5,0,0,0,0,0,0,0,0,0,5
2727,11,0,0,0,0,0,0,0,0,0,11
2728,5,0,0,0,0,0,0,0,0,0,5
2729,12,0,0,0,0,0,0,0,0,0,12
2730,7,0,0,0,0,0,0,0,0,0,7
2731,12,0,0,0,0,0,0,0,0,0,12
2732,18,0,0,0,0,0,0,0,0,0,18
2733,7,0,1,0,0,0,0,0,0,0,8
2734,5,0,2,0,0,0,0,0,0,0,7
2735,3,0,2,0,0,0,0,0,0,0,5
2736,7,0,2,0,0,0,0,0,0,0,9
2737,11,0,1,0,0,0,0,0,0,0,12
2738,12,0,1,0,0,0,0,0,0,0,13
2739,14,0,0,0,0,0,0,0,0,0,14
2740,13,0,1,0,0,0,0,0,0,0,14
2741,8,0,5,0,0,0,0,0,0,0,13
2742,4,0,3,0,0,0,0,0,0,0,7
2743,3,0,7,0,0,0,0,0,0,0,10
2744,7,0,5,0,0,0,0,0,0,0,12
2745,4,1,1,0,0,0,0,0,0,0,6
2746,6,0,5,0,0,0,0,0,0,0,11
2747,10,0,5,0,0,0,0,0,0,0,15
2748,3,0,5,0,0,0,0,0,0,0,8
2749,1,0,5,0,0,0,0,0,0,0,6
2750,9,0,0,0,0,0,0,0,1,0,9
2751,11,0,0,0,0,0,0,0,0,0,11
2752,9,0,0,0,0,0,0,0,0,0,9
2753,13,0,0,0,0,0,0,0,0,0,13
2754,15,0,0,0,0,0,0,0,0,0,15
2755,12,0,0,0,0,0,0,0,0,0,12
2756,10,0,0,0,0,0,0,0,0,0,10
2757,14,0,0,0,0,0,0,0,0,0,14
2758,12,0,0,0,0,0,0,0,0,0,12
2759,11,0,0,0,0,0,0,0,0,0,11
2760,9,0,0,0,0,0,0,0,0,0,9
2761,8,0,0,0,0,0,0,0,0,0,8
2762,7,0,0,0,0,0,0,0,0,0,7
2763,8,0,0,0,0,0,0,0,0,0,8
2764,12,0,0,0,0,0,0,0,0,0,12
2765,13,0,0,0,0,0,0,0,0,0,13
2766,15,0,0,0,0,0,0,0,0,0,15
2767,14,0,0,0,0,0,0,0,0,0,14
2768,9,0,0,0,0,0,0,0,0,0,9
2769,11,0,0,0,0,0,0,0,0,0,11
2770,5,0,0,0,0,0,0,0,0,0,5
2771,5,0,0,0,0,0,0,0,0,0,5
2772,5,0,0,0,0,0,0,0,0,0,5
2773,11,0,0,0,0,0,0,0,0,0,11
2774,17,0,2,0,0,0,0,0,0,0,19
2775,12,0,0,0,0,0,0,0,0,0,12
2776,9,0,1,0,0,0,0,0,0,0,10
2777,5,0,0,0,0,0,0,0,0,0,5
2778,8,0,0,0,0,0,0,0,0,0,8
2779,9,2,0,0,0,0,0,0,0,0,11
2780,5,0,0,0,0,0,0,0,0,0,5
2781,5,0,0,0,0,0,0,0,0,0,5
2782,6,0,0,0,0,0,0,0,0,0,6
2783,5,0,0,0,0,0,0,0,0,0,5
2784,6,0,0,0,0,0,0,0,0,0,6
2785,7,0,0,0,0,0,0,0,0,0,7
2786,5,0,2,0,0,0,0,0,0,0,7
2787,5,0,1,0,0,0,0,0,0,0,6
2788,8,0,2,0,0,0,0,0,0,0,10
2789,3,0,5,0,0,0,0,0,0,0,8
2790,0,0,5,0,0,0,0,0,0,0,5
2791,1,0,5,0,0,0,0,0,0,0,6
2792,5,0,5,0,0,0,0,0,0,0,10
2793,4,0,3,0,0,0,0,0,0,0,7
2794,2,0,1,0,0,0,0,0,0,0,3
2795,0,0,3,0,0,0,0,0,0,0,3
2796,2,0,0,0,0,0,0,0,0,0,2
2797,6,0,0,0,0,0,0,0,0,0,6
2798,5,0,0,0,0,0,0,0,0,0,5
2799,10,0,0,0,0,0,0,0,0,0,10
2800,11,0,0,0,0,0,0,0,0,0,11
2801,8,0,0,0,0,0,0,0,0,0,8
2803,2,0,0,0,0,0,0,0,0,0,2
2804,1,0,0,0,0,0,0,0,0,0,1
2809,3,0,0,0,0,0,0,0,0,0,3
2810,5,0,0,0,0,0,0,0,0,0,5
2811,11,0,2,0,0,0,0,0,0,0,13
2812,9,0,4,0,0,0,0,0,0,0,13
2813,7,0,4,0,0,0,0,0,0,0,11
2814,10,0,0,0,0,0,0,0,0,0,10
2815,7,0,0,0,0,0,0,0,0,0,7
2816,7,0,0,0,0,0,0,0,0,0,7
2817,5,0,0,0,0,0,0,0,0,0,5
2818,5,0,0,0,0,0,0,0,0,0,5
2819,3,0,0,0,0,0,0,0,0,0,3
2820,7,0,0,0,0,0,0,0,0,0,7
2821,10,0,1,0,0,0,0,0,0,0,11
2822,10,0,5,0,0,0,0,0,0,0,15
2823,8,0,0,0,0,0,0,0,0,0,8
2824,9,0,0,0,0,0,0,0,0,0,9
2825,7,0,0,0,0,0,0,0,0,0,7
2826,10,0,0,0,0,0,0,0,0,0,10
2827,12,0,0,0,0,0,0,0,0,0,12
2828,11,0,0,0,0,0,0,0,0,0,11
2829,12,0,0,0,0,0,0,0,0,0,12
2830,7,0,1,0,0,0,0,0,0,0,8
2831,7,0,0,0,0,0,0,0,0,0,7
2832,7,0,0,0,0,0,0,0,0,0,7
2833,5,0,0,0,0,0,0,0,0,0,5
2834,4,0,0,0,0,0,0,0,0,0,4
2835,2,0,0,0,0,0,0,0,0,0,2
2836,5,0,0,0,0,0,0,0,0,0,5
2837,9,0,0,0,0,0,0,0,0,0,9
2838,6,0,0,0,0,0,0,0,0,0,6
2839,11,0,0,0,0,0,0,0,0,0,11
2840,9,0,0,0,0,0,0,0,0,0,9
2841,4,0,0,0,0,0,0,0,0,0,4
2842,5,0,0,0,0,0,0,0,0,0,5
2843,8,0,0,0,0,0,0,0,0,0,8
2844,15,0,0,0,0,0,0,0,0,0,15
2845,11,0,0,0,0,0,0,0,0,0,11
2846,7,0,0,0,0,0,0,0,0,0,7
2847,5,0,0,0,0,0,0,0,0,0,5
2848,14,0,0,0,0,0,0,0,0,0,14
2849,8,0,0,0,0,0,0,0,0,0,8
2850,12,0,0,0,0,0,0,0,0,0,12
2851,9,0,0,0,0,0,0,0,0,0,9
2852,9,0,0,0,0,0,0,0,0,0,9
2853,18,0,0,0,0,0,0,0,0,0,18
2854,10,0,0,0,0,0,0,0,0,0,10
2855,10,0,0,0,0,0,0,0,0,0,10
2856,5,0,1,0,0,0,0,0,0,0,6
2857,0,0,5,0,0,0,0,0,0,0,5
2858,2,0,5,0,0,0,0,0,0,0,7
2859,4,0,5,0,0,0,0,0,0,0,9
2860,5,0,3,0,0,0,0,0,0,0,8
2861,6,0,0,0,0,0,0,0,0,0,6
2862,9,0,5,0,0,0,0,0,0,0,14
2863,12,0,2,0,0,0,0,0,0,0,14
2864,14,0,0,0,0,0,0,0,0,0,14
2865,10,0,0,0,0,0,0,0,0,0,10
2866,13,0,0,0,0,0,0,0,0,0,13
2867,12,0,0,0,0,0,0,0,0,0,12
2868,13,0,0,0,0,0,0,0,0,0,13
2869,9,0,0,0,0,0,0,0,0,0,9
2870,6,0,0,0,0,0,0,0,0,0,6
2871,11,0,0,0,0,0,0,0,0,0,11
2872,11,0,0,0,0,0,0,0,0,0,11
2873,10,0,0,0,0,0,0,0,0,0,10
2874,10,0,0,0,0,0,0,0,0,0,10
2875,6,0,0,0,0,0,0,0,0,0,6
2876,6,0,0,0,0,0,0,0,0,0,6
2877,3,0,0,0,0,0,0,0,0,0,3
2878,4,0,0,0,0,0,0,0,0,0,4
2879,11,0,0,0,0,0,0,0,0,0,11
2880,9,0,0,0,0,0,0,0,0,0,9
2881,10,0,0,0,0,0,0,0,0,0,10
2882,9,0,0,0,0,0,0,0,0,0,9
2883,7,0,0,0,0,0,0,0,0,0,7
2884,10,0,0,0,0,0,0,0,0,0,10
2885,9,0,0,0,0,0,0,0,0,0,9
2886,7,0,0,0,0,0,0,0,0,0,7
2887,3,0,4,0,0,0,0,0,0,0,7
2888,7,0,1,0,0,0,0,0,0,0,8
2889,8,0,5,0,0,0,0,0,0,0,13
2890,5,0,5,0,0,0,0,0,0,0,10
2891,5,0,5,0,0,0,0,0,0,0,10
2892,2,0,0,0,0,0,0,0,0,0,2
2893,4,0,0,0,0,0,0,0,0,0,4
2894,8,0,0,0,0,0,0,0,0,0,8
2895,7,0,0,0,0,0,0,0,0,0,7
2896,5,0,0,0,0,0,0,0,0,0,5
2897,5,0,0,0,0,0,0,0,0,0,5
2898,6,0,0,0,0,0,0,0,0,0,6
2899,5,0,0,0,0,0,0,0,0,0,5
2900,5,0,0,0,0,0,0,0,0,0,5
2901,5,0,0,0,0,0,0,0,0,0,5
2902,5,0,0,0,0,0,0,0,0,0,5
2903,9,0,0,0,0,0,0,0,0,0,9
2904,10,0,0,0,0,0,0,0,0,0,10
2905,10,0,0,0,0,0,0,0,0,0,10
2906,11,0,0,0,0,0,0,0,0,0,11
2907,16,0,0,0,0,0,0,0,0,0,16
2908,12,0,0,0,0,0,0,0,0,0,12
2909,14,0,0,0,0,0,0,0,0,0,14
2910,15,0,0,0,0,0,0,0,0,0,15
2911,12,0,0,0,0,0,0,0,0,0,12
2912,16,0,0,0,0,0,0,0,0,0,16
2913,15,0,0,0,0,0,0,0,0,0,15
2914,11,0,0,0,0,0,0,0,0,0,11
2915,15,0,0,0,0,0,0,0,0,0,15
2916,11,0,0,0,0,0,0,0,0,0,11
2917,12,0,0,0,0,0,0,0,0,0,12
2918,14,0,0,0,0,0,0,0,0,0,14
2919,12,0,0,0,0,0,0,0,0,0,12
2920,13,0,0,0,0,0,0,0,0,0,13
2921,5,0,0,0,0,0,0,0,0,0,5
2922,8,0,0,0,0,0,0,0,0,0,8
2923,8,0,0,0,0,0,0,0,0,0,8
2924,13,0,1,0,0,0,0,0,0,0,14
2925,11,0,0,0,0,0,0,0,0,0,11
2926,13,0,0,0,0,0,0,0,0,0,13
2927,12,0,0,0,0,0,0,0,0,0,12
2928,7,0,0,0,0,0,0,0,0,0,7
2929,7,0,0,0,0,0,0,0,0,0,7
2931,4,0,0,0,0,0,0,0,0,0,4
2932,7,0,0,0,0,0,0,0,0,0,7
2933,8,0,1,0,0,0,0,0,0,0,9
2934,9,0,0,0,0,0,0,0,0,0,9
2935,8,0,0,0,0,0,0,0,0,0,8
2936,8,0,0,0,0,0,0,0,0,0,8
2937,7,0,0,0,0,0,0,0,0,0,7
2938,6,0,0,0,0,0,0,0,0,0,6
2939,11,0,0,0,0,0,0,0,0,0,11
2940,7,0,0,0,0,0,0,0,0,0,7
2941,7,0,0,0,0,0,0,0,0,0,7
2942,8,0,2,0,0,0,0,0,0,0,10
2943,9,0,5,0,0,0,0,0,0,0,14
2944,10,0,5,0,0,0,0,0,0,0,15
2945,8,0,5,0,0,0,0,0,0,0,13
2946,10,0,4,0,0,0,0,0,0,0,14
2947,13,0,0,0,0,0,0,0,0,0,13
2948,12,0,0,0,0,0,0,0,0,0,12
2949,12,0,0,0,0,0,0,0,0,0,12
2950,13,0,0,0,0,0,0,0,0,0,13
2951,7,0,0,0,0,0,0,0,0,0,7
2952,10,0,1,0,0,0,0,0,0,0,11
2953,7,0,0,0,0,0,0,0,0,0,7
2954,9,0,1,0,0,0,0,0,0,0,10
2955,12,0,0,0,0,0,0,0,0,0,12
2956,11,0,0,0,0,0,0,0,0,0,11
2957,10,0,0,0,0,0,0,0,0,0,10
2958,10,0,1,0,0,0,0,0,0,0,11
2959,8,0,1,0,0,0,0,0,0,0,9
2960,7,0,0,0,0,0,0,0,0,0,7
2961,11,0,0,0,0,0,0,0,0,0,11
2962,6,0,0,0,0,0,0,0,0,0,6
2963,9,0,0,0,0,0,0,0,0,0,9
2964,6,4,0,0,0,0,0,0,0,0,10
2965,6,3,2,0,0,0,0,0,0,0,11
2966,15,3,2,0,0,0,0,0,0,0,20
2967,11,6,2,0,0,0,0,0,0,0,19
2968,11,4,1,0,0,0,0,0,0,0,16
2969,10,0,5,0,0,0,0,0,0,0,15
2970,10,0,8,0,0,0,0,0,0,0,18
2971,7,0,5,0,0,0,0,0,0,0,12
2972,6,0,1,0,0,0,0,0,0,0,7
2973,7,0,4,0,0,0,0,0,0,0,11
2974,9,0,6,0,0,0,0,0,0,0,15
2975,7,0,4,0,0,0,0,0,0,0,11
2976,10,0,4,0,0,0,0,0,0,0,14
2977,4,0,0,0,0,0,0,0,0,0,4
2978,1,0,5,0,0,0,0,0,0,0,6
2979,0,0,5,0,0,0,0,0,0,0,5
2980,1,0,5,0,0,0,0,0,0,0,6
2981,1,0,5,0,0,0,0,0,0,0,6
2982,5,0,3,0,0,0,0,0,0,0,8
2983,4,0,0,0,0,0,0,0,0,0,4
2984,2,0,0,0,0,0,0,0,0,0,2
2985,4,0,0,0,0,0,0,0,0,0,4
2986,3,0,0,0,0,0,0,0,0,0,3
2987,4,0,0,0,0,0,0,0,0,0,4
2988,3,0,1,0,0,0,0,0,0,0,4
2989,5,0,0,0,0,0,0,0,0,0,5
2990,7,0,0,0,0,0,0,0,0,0,7
2991,6,0,0,0,0,0,0,0,0,0,6
2992,4,0,0,0,0,0,0,0,0,0,4
2993,7,0,0,0,0,0,0,0,1,0,7
2994,5,0,0,0,0,0,0,0,0,0,5
2995,7,0,0,0,0,0,0,0,0,0,7
2996,11,0,3,0,0,0,0,0,0,0,14
2997,3,0,5,0,0,0,0,0,0,0,8
2998,1,0,5,0,0,0,0,0,0,0,6
2999,1,0,4,0,0,0,0,0,0,0,5
3000,0,0,1,0,0,0,0,0,0,0,1
3001,1,0,0,0,0,0,0,0,0,0,1
3003,1,0,0,0,0,0,0,0,0,0,1
3004,1,0,0,0,0,0,0,0,0,0,1
3005,1,0,2,0,0,0,0,0,0,0,3
3006,3,0,1,0,0,0,0,0,0,0,4
3007,7,0,0,0,0,0,0,0,0,0,7
3008,4,0,2,0,0,0,0,0,0,0,6
3009,3,0,5,0,0,0,0,0,0,0,8
3010,1,0,5,0,0,0,0,0,0,0,6
3011,5,0,5,0,0,0,0,0,0,0,10
3012,5,0,5,0,0,0,0,0,0,0,10
3013,7,0,5,0,0,0,0,0,0,0,12
3014,5,0,5,0,0,0,0,0,0,0,10
3015,7,0,4,0,0,0,0,0,0,0,11
3016,5,0,0,0,0,0,0,0,0,0,5
3017,5,0,0,0,0,0,0,0,0,0,5
3018,6,0,0,0,0,0,0,0,0,0,6
3019,5,0,0,0,0,0,0,0,0,0,5
3020,6,0,0,0,0,0,0,0,0,0,6
3021,5,0,0,0,0,0,0,0,0,0,5
3022,5,1,2,0,0,0,0,0,0,0,8
3023,10,3,2,0,0,0,0,0,0,0,15
3024,12,2,2,0,0,0,0,0,0,0,16
3025,11,0,0,0,0,0,0,0,0,0,11
3026,8,0,1,0,0,0,0,0,0,0,9
3027,5,0,0,0,0,0,0,0,0,0,5
3028,5,0,0,0,0,0,0,0,0,0,5
3029,5,0,0,0,0,0,0,0,0,0,5
3030,5,0,0,0,0,0,0,0,0,0,5
3031,6,0,3,0,0,0,0,0,0,0,9
3032,5,0,5,0,0,0,0,0,0,0,10
3033,5,0,5,0,0,0,0,0,0,0,10
3034,5,0,5,0,0,0,0,0,0,0,10
3035,5,0,5,0,0,0,0,0,0,0,10
3036,5,0,5,0,0,0,0,0,0,0,10
3037,8,0,4,0,0,0,0,0,0,0,12
3038,6,2,5,0,0,0,0,0,0,0,13
3039,7,0,5,0,0,0,0,0,0,0,12
3040,7,0,5,0,0,0,0,0,0,0,12
3041,9,0,8,0,0,0,0,0,0,0,17
3042,7,0,10,0,0,0,0,0,0,0,17
3043,5,0,11,0,0,0,0,0,0,0,16
3044,5,0,9,0,0,0,0,0,0,0,14
3045,6,0,11,0,0,0,0,0,0,0,17
3046,10,0,5,0,0,0,0,0,0,0,15
3047,6,0,5,0,0,0,0,0,0,0,11
3048,5,0,5,0,0,0,0,0,0,0,10
3049,5,0,5,0,0,0,0,0,0,0,10
3050,5,0,5,0,0,0,0,0,0,0,10
3051,5,0,5,0,0,0,0,0,0,0,10
3052,5,0,5,0,0,0,0,0,0,0,10
3053,6,0,5,0,0,0,0,0,0,0,11
3054,6,0,5,0,0,0,0,0,0,0,11
3055,9,0,5,0,0,0,0,0,0,0,14
3056,5,0,5,0,0,0,0,0,0,0,10
3057,6,0,5,0,0,0,0,0,0,0,11
3058,10,0,5,0,0,0,0,0,0,0,15
3059,8,0,7,0,0,0,0,0,0,0,15
3060,5,0,10,0,0,0,0,0,0,0,15
3061,8,0,10,0,0,0,0,0,0,0,18
3062,6,0,9,0,0,0,0,0,0,0,15
3063,6,0,3,0,0,0,0,0,0,0,9
3064,8,0,2,0,0,0,0,0,0,0,10
3065,12,0,8,0,0,0,0,0,0,0,20
3066,16,0,8,0,0,0,0,0,0,0,24
3067,18,0,3,0,0,0,0,0,0,0,21
3068,20,0,0,0,0,0,0,0,0,0,20
3069,16,0,1,0,0,0,0,0,0,0,17
3070,15,0,0,0,0,0,0,0,0,0,15
3071,14,0,2,0,0,0,0,0,0,0,16
3072,7,0,5,0,0,0,0,0,0,0,12
3073,5,0,7,0,0,0,0,0,0,0,12
3074,5,0,9,0,0,0,0,0,0,0,14
3075,5,0,6,0,0,0,0,0,0,0,11
3076,5,0,10,0,0,0,0,0,0,0,15
3077,6,0,8,0,0,0,0,0,0,0,14
3078,5,0,5,0,0,0,0,0,0,0,10
3079,6,0,2,0,0,0,0,0,0,0,8
3080,5,0,4,0,0,0,0,0,0,0,9
3081,5,0,1,0,0,0,0,0,0,0,6
3082,5,0,0,0,0,0,0,0,0,0,5
3083,5,0,0,0,0,0,0,0,0,0,5
3084,5,0,0,0,0,0,0,0,0,0,5
3085,5,0,2,0,0,0,0,0,0,0,7
3086,7,0,5,0,0,0,0,0,0,0,12
3087,7,0,4,0,0,0,0,0,0,0,11
3088,10,0,0,0,0,0,0,0,0,0,10
3089,10,0,0,0,0,0,0,0,0,0,10
3090,9,0,1,0,0,0,0,0,0,0,10
3091,6,0,1,0,0,0,0,0,0,0,7
3092,5,0,0,0,0,0,0,0,0,0,5
3093,5,0,0,0,0,0,0,0,0,0,5
3094,5,0,0,0,0,0,0,0,0,0,5
3095,5,0,0,0,0,0,0,0,0,0,5
3096,10,0,0,0,0,0,0,0,0,0,10
3097,7,0,0,0,0,0,0,0,0,0,7
3098,6,0,0,0,0,0,0,0,0,0,6
3099,6,0,0,0,0,0,0,0,0,0,6
3100,9,0,0,0,0,0,0,0,0,0,9
3101,9,0,0,0,0,0,0,0,0,0,9
3102,5,0,0,0,0,0,0,0,0,0,5
3103,5,0,0,0,0,0,0,0,0,0,5
3104,5,0,0,0,0,0,0,0,0,0,5
3105,3,0,0,0,0,0,0,0,0,0,3
3107,3,0,0,0,0,0,0,0,0,0,3
3108,8,0,2,0,0,0,0,0,0,0,10
3109,6,0,0,0,0,0,0,0,0,0,6
3110,9,0,1,0,0,0,0,0,0,0,10
3113,4,0,0,0,0,0,0,0,0,0,4
3114,4,0,1,0,0,0,0,0,0,0,5
3115,3,0,2,0,0,0,0,0,0,0,5
3116,2,0,6,0,0,0,0,0,0,0,8
3117,0,0,5,0,0,0,0,0,0,0,5
3118,2,0,5,0,0,0,0,0,0,0,7
3119,5,0,10,0,0,0,0,0,0,0,15
3120,8,1,7,0,0,0,0,0,0,0,16
3121,10,0,6,0,0,0,0,0,0,0,16
3122,6,0,7,0,0,0,0,0,0,0,13
3123,0,0,5,0,0,0,0,0,0,0,5
3124,4,0,4,0,0,0,0,0,0,0,8
3125,10,0,2,0,0,0,0,0,0,0,12
3126,15,0,0,0,0,0,0,0,0,0,15
3127,14,0,0,0,0,0,0,0,0,0,14
3128,13,0,0,0,0,0,0,0,0,0,13
3129,10,0,0,0,0,0,0,0,0,0,10
3130,12,0,0,0,0,0,0,0,0,0,12
3131,10,0,2,0,0,0,0,0,0,0,12
3132,8,0,5,0,0,0,0,0,0,0,13
3133,6,0,5,0,0,0,0,0,0,0,11
3134,5,0,0,0,0,0,0,0,0,0,5
3135,6,0,0,0,0,0,0,0,0,0,6
3136,5,0,0,0,0,0,0,0,0,0,5
3137,6,0,1,0,0,0,0,0,0,0,7
3138,5,0,0,0,0,0,0,0,0,0,5
3139,6,0,0,0,0,0,0,0,0,0,6
3140,6,0,0,0,0,0,0,0,0,0,6
3141,6,0,0,0,0,0,0,0,0,0,6
3142,5,0,0,0,0,0,0,0,0,0,5
3143,6,0,0,0,0,0,0,0,0,0,6
3144,8,0,0,0,0,0,0,0,0,0,8
3145,15,0,1,0,0,0,0,0,0,0,16
3146,11,0,0,0,0,0,0,0,0,0,11
3147,9,0,0,0,0,0,0,0,0,0,9
3148,6,0,0,0,0,0,0,0,0,0,6
3149,9,0,0,0,0,0,0,0,0,0,9
3150,7,0,0,0,0,0,0,0,0,0,7
3151,10,0,0,0,0,0,0,0,0,0,10
3152,5,0,0,0,0,0,0,0,0,0,5
3153,5,0,0,0,0,0,0,0,0,0,5
3154,5,0,1,0,0,0,0,0,0,0,6
3155,5,0,0,0,0,0,0,0,0,0,5
3156,5,0,0,0,0,0,0,0,0,0,5
3157,5,1,1,0,0,0,0,0,0,0,7
3158,5,8,2,0,0,0,0,0,0,0,15
3159,6,6,5,0,0,0,0,0,0,0,17
3160,0,7,5,0,0,0,0,0,0,0,12
3161,0,1,5,0,0,0,0,0,0,0,6
3162,0,0,4,0,0,0,0,0,0,0,4
3163,5,0,0,0,0,0,0,0,0,0,5
3164,5,0,0,0,0,0,0,0,0,0,5
3165,5,0,0,0,0,0,0,0,0,0,5
3166,6,0,0,0,0,0,0,0,0,0,6
3167,10,0,0,0,0,0,0,0,0,0,10
3168,9,0,2,0,0,0,0,0,0,0,11
3169,5,0,5,0,0,0,0,0,0,0,10
3170,3,0,5,0,0,0,0,0,0,0,8
3171,0,0,11,0,0,0,0,0,0,0,11
3172,6,0,9,0,0,0,0,0,0,0,15
3173,8,0,10,0,0,0,0,0,0,0,18
3174,17,0,7,0,0,0,0,0,0,0,24
3175,24,0,9,0,0,0,0,0,0,0,33
3176,19,0,8,0,0,0,0,0,0,0,27
3177,24,0,1,0,0,0,0,0,0,0,25
3178,24,0,0,0,0,0,0,0,0,0,24
3179,16,0,2,0,0,0,0,0,0,0,18
3180,22,0,1,0,0,0,0,0,0,0,23
3181,14,0,3,0,0,0,0,0,0,0,17
3182,11,0,5,0,0,0,0,0,0,0,16
3183,7,0,5,0,0,0,0,0,0,0,12
3184,6,0,5,0,0,0,0,0,0,0,11
3185,5,0,2,0,0,0,0,0,0,0,7
3186,8,0,0,0,0,0,0,0,0,0,8
3187,8,0,0,0,0,0,0,0,0,0,8
3188,5,0,4,0,0,0,0,0,0,0,9
3189,6,0,5,0,0,0,0,0,0,0,11
3190,5,0,3,0,0,0,0,0,0,0,8
3191,6,0,1,0,0,0,0,0,0,0,7
3192,7,0,0,0,0,0,0,0,0,0,7
3193,7,0,0,0,0,0,0,0,0,0,7
3194,5,0,0,0,0,0,0,0,0,0,5
3195,7,0,0,0,0,0,0,0,0,0,7
3196,7,0,0,0,0,0,0,0,0,0,7
3197,6,0,0,0,0,0,0,0,0,0,6
3198,8,0,0,0,0,0,0,0,0,0,8
3199,8,0,0,0,0,0,0,0,0,0,8
3200,6,0,0,0,0,0,0,0,0,0,6
3201,7,0,0,0,0,0,0,0,0,0,7
3202,2,0,5,0,0,0,0,0,0,0,7
3203,5,0,4,0,0,0,0,0,0,0,9
3204,5,0,5,0,0,0,0,0,0,0,10
3205,10,1,4,0,0,0,0,0,0,0,15
3206,10,1,0,0,0,0,0,0,0,0,11
3207,9,0,0,0,0,0,0,0,0,0,9
3208,4,0,1,0,0,0,0,0,0,0,5
3209,6,0,0,0,0,0,0,0,0,0,6
3210,5,0,0,0,0,0,0,0,0,0,5
3211,4,0,1,0,0,0,0,0,0,0,5
3212,8,0,0,0,0,0,0,0,0,0,8
3213,5,0,3,0,0,0,0,0,0,0,8
3214,5,0,0,0,0,0,0,0,0,0,5
3215,5,0,0,0,0,0,0,0,0,0,5
3216,6,0,0,0,0,0,0,0,0,0,6
3217,1,0,0,0,0,0,0,0,0,0,1
3218,27,0,1,0,0,0,0,0,0,0,28
3219,29,0,0,0,0,0,0,0,0,0,29
3220,32,0,3,0,0,0,0,0,0,0,35
3221,31,0,5,0,0,0,0,0,0,0,36
3222,28,0,5,0,0,0,0,0,0,0,33
3223,36,0,5,0,0,0,0,0,0,0,41
3224,24,0,5,0,0,0,0,0,0,0,29
3225,31,0,5,0,0,0,0,0,0,0,36
3226,32,0,5,0,0,0,0,0,0,0,37
3227,35,0,5,0,0,0,0,0,0,0,40
3228,23,0,5,0,0,0,0,0,0,0,28
3229,31,0,5,0,0,0,0,0,0,0,36
3230,30,0,0,0,0,0,0,0,0,0,30
3231,33,0,0,0,0,0,0,0,0,0,33
3232,24,0,0,0,0,0,0,0,0,0,24
3233,25,0,0,0,0,0,0,0,0,0,25
3234,20,0,0,0,0,0,0,0,0,0,20
3235,10,0,0,0,0,0,0,0,0,0,10
3236,12,0,0,0,0,0,0,0,0,0,12
3237,16,0,0,0,0,0,0,0,0,0,16
3238,14,0,0,0,0,0,0,0,0,0,14
3239,17,0,3,0,0,0,0,0,0,0,20
3240,13,0,3,0,0,0,0,0,0,0,16
3241,7,0,4,0,0,0,0,0,0,0,11
3242,6,0,3,0,0,0,0,0,0,0,9
3243,12,0,5,0,0,0,0,0,0,0,17
3244,17,0,5,0,0,0,0,0,0,0,22
3245,17,0,5,0,0,0,0,0,0,0,22
3246,20,0,5,0,0,0,0,0,0,0,25
3247,18,0,5,0,0,0,0,0,0,0,23
3248,26,0,5,0,0,0,0,0,0,0,31
3249,18,0,5,0,0,0,0,0,0,0,23
3250,23,0,5,0,0,0,0,0,0,0,28
3251,22,0,5,0,0,0,0,0,0,0,27
3252,27,0,5,0,0,0,0,0,0,0,32
3253,31,0,4,0,0,0,0,0,0,0,35
3254,28,0,2,0,0,0,0,0,0,0,30
3255,32,0,0,0,0,0,0,0,0,0,32
3256,30,0,0,0,0,0,0,0,0,0,30
3257,11,0,1,0,0,0,0,0,0,0,12
3258,13,0,0,0,0,0,0,0,0,0,13
3259,19,0,2,0,0,0,0,0,0,0,21
3260,8,0,4,0,0,0,0,0,0,0,12
3261,8,0,0,0,0,0,0,0,0,0,8
3262,18,0,0,0,0,0,0,0,0,0,18
3263,16,0,2,0,0,0,0,0,0,0,18
3264,22,0,5,0,0,0,0,0,0,0,27
3265,24,0,5,0,0,0,0,0,0,0,29
3266,21,0,5,0,0,0,0,0,0,0,26
3267,22,0,3,0,0,0,0,0,0,0,25
3268,17,2,0,0,0,0,0,0,0,0,19
3269,25,0,0,0,0,0,0,0,0,0,25
3270,34,0,0,0,0,0,0,0,0,0,34
3271,35,0,0,0,0,0,0,0,0,0,35
3272,30,0,0,0,0,0,0,0,0,0,30
3273,23,0,0,0,0,0,0,0,0,0,23
3274,22,0,0,0,0,0,0,0,0,0,22
3275,18,0,2,0,0,0,0,0,0,0,20
3276,25,0,0,0,0,0,0,0,0,0,25
3277,27,0,1,0,0,0,0,0,0,0,28
3278,29,0,2,0,0,0,0,0,0,0,31
3279,30,0,0,0,0,0,0,0,0,0,30
3280,24,0,1,0,0,0,0,0,0,0,25
3281,23,0,2,0,0,0,0,0,0,0,25
3282,38,0,0,0,0,0,0,0,0,0,38
3283,33,0,0,0,0,0,0,0,0,0,33
3284,31,0,2,0,0,0,0,0,0,0,33
3285,32,0,1,0,0,0,0,0,0,0,33
3286,12,0,0,0,0,0,0,0,0,0,12
3287,22,0,1,0,0,0,0,0,0,0,23
3288,33,0,2,0,0,0,0,0,0,0,35
3289,29,0,1,0,0,0,0,0,0,0,30
3290,32,0,4,0,0,0,0,0,0,0,36
3291,15,0,3,0,0,0,0,0,0,0,18
3292,23,0,0,0,0,0,0,0,0,0,23
3293,15,0,0,0,0,0,0,0,0,0,15
3294,27,0,0,0,0,0,0,0,0,0,27
3295,30,0,0,0,0,0,0,0,0,0,30
3296,28,0,0,0,0,0,0,0,0,0,28
3297,37,0,0,0,0,0,0,0,0,0,37
3298,26,0,0,0,0,0,0,0,0,0,26
3299,19,0,0,0,0,0,0,0,0,0,19
3300,30,0,0,0,0,0,0,0,0,0,30
3301,21,0,2,0,0,0,0,0,0,0,23
3302,19,3,4,0,0,0,0,0,0,0,26
3303,28,0,5,0,0,0,0,0,0,0,33
3304,19,2,2,0,0,0,0,0,0,0,23
3305,23,0,3,0,0,0,0,0,0,0,26
3306,26,0,6,0,0,0,0,0,0,0,32
3307,16,0,5,0,0,0,0,0,0,0,21
3308,20,0,9,0,0,0,0,0,0,0,29
3309,15,2,7,0,0,0,0,0,0,0,24
3310,16,1,8,0,0,0,0,0,0,0,25
3311,19,0,11,0,0,0,0,0,0,0,30
3312,8,0,14,0,0,0,0,0,0,0,22
3313,10,0,5,0,0,0,0,0,0,0,15
3314,26,0,3,0,0,0,0,0,0,0,29
3315,18,0,4,0,0,0,0,0,0,0,22
3316,20,0,7,0,0,0,0,0,0,0,27
3317,28,0,5,0,0,0,0,0,0,0,33
3318,14,0,5,0,0,0,0,0,0,0,19
3319,22,0,0,0,0,0,0,0,0,0,22
3320,23,0,0,0,0,0,0,0,0,0,23
3321,24,0,0,0,0,0,0,0,0,0,24
3322,16,0,0,0,0,0,0,0,0,0,16
3323,11,0,4,0,0,0,0,0,0,0,15
3324,11,5,5,0,0,0,0,0,0,0,21
3325,20,5,6,0,0,0,0,0,0,0,31
3326,17,5,3,0,0,0,0,0,0,0,25
3327,19,5,6,0,0,0,0,0,0,0,30
3328,20,5,10,0,0,0,0,0,0,0,35
3329,18,5,12,0,0,0,0,0,0,0,35
3330,5,5,16,0,0,0,0,0,0,0,26
3331,10,5,15,0,0,0,0,0,0,0,30
3332,10,2,18,0,0,0,0,0,0,0,30
3333,11,5,13,0,0,0,0,0,0,0,29
3334,7,1,14,0,0,0,0,0,0,0,22
3335,13,1,14,0,0,0,0,0,0,0,28
3336,27,0,11,0,0,0,0,0,0,0,38
3337,17,0,12,0,0,0,0,0,0,0,29
3338,11,0,9,0,0,0,0,0,0,0,20
3339,18,0,9,0,0,0,0,0,0,0,27
3340,6,0,5,0,0,0,0,0,0,0,11
3341,9,0,2,0,0,0,0,0,0,0,11
3342,10,0,0,0,0,0,0,0,0,0,10
3343,12,0,0,0,0,0,0,0,0,0,12
3344,6,0,0,0,0,0,0,0,0,0,6
3345,12,0,0,0,0,0,0,0,0,0,12
3346,5,0,0,0,0,0,0,0,0,0,5
3347,12,0,0,0,0,0,0,0,0,0,12
3348,13,0,0,0,0,0,0,0,0,0,13
3349,13,0,0,0,0,0,0,0,0,0,13
3350,12,0,0,0,0,0,0,0,0,0,12
3351,23,0,0,0,0,0,0,0,0,0,23
3352,14,0,0,0,0,0,0,0,0,0,14
3353,11,0,0,0,0,0,0,0,0,0,11
3354,9,0,0,0,0,0,0,0,0,0,9
3355,14,0,0,0,0,0,0,0,0,0,14
3356,19,0,0,0,0,0,0,0,0,0,19
3357,25,0,0,0,0,0,0,0,0,0,25
3358,15,0,0,0,0,0,0,0,0,0,15
3359,14,0,0,0,0,0,0,0,0,0,14
3360,14,0,0,0,0,0,0,0,0,0,14
3361,11,0,0,0,0,0,0,0,0,0,11
3362,9,0,0,0,0,0,0,0,0,0,9
3363,17,0,0,0,0,0,0,0,0,0,17
3364,10,0,0,0,0,0,0,0,0,0,10
3365,14,0,0,0,0,0,0,0,0,0,14
3366,10,0,0,0,0,0,0,0,0,0,10
3367,10,0,0,0,0,0,0,0,0,0,10
3368,6,0,0,0,0,0,0,0,0,0,6
3369,12,0,0,0,0,0,0,0,0,0,12
3370,7,0,0,0,0,0,0,0,0,0,7
3371,14,0,0,0,0,0,0,0,0,0,14
3372,16,0,0,0,0,0,0,0,0,0,16
3373,15,0,0,0,0,0,0,0,0,0,15
3374,11,0,0,0,0,0,0,0,0,0,11
3375,16,0,0,0,0,0,0,0,0,0,16
3376,18,0,0,0,0,0,0,0,0,0,18
3377,19,0,0,0,0,0,0,0,0,0,19
3378,14,0,0,0,0,0,0,0,0,0,14
3379,12,0,0,0,0,0,0,0,0,0,12
3380,18,0,0,0,0,0,0,0,0,0,18
3381,16,0,0,0,0,0,0,0,0,0,16
3382,16,0,0,0,0,0,0,0,0,0,16
3383,22,0,0,0,0,0,0,0,0,0,22
3384,17,0,0,0,0,0,0,0,0,0,17
3385,24,0,0,0,0,0,0,0,0,0,24
3386,30,0,0,0,0,0,0,0,0,0,30
3387,28,0,0,0,0,0,0,0,0,0,28
3388,25,0,0,0,0,0,0,0,0,0,25
3389,13,0,0,0,0,0,0,0,0,0,13
3390,10,0,0,0,0,0,0,0,0,0,10
3391,13,0,0,0,0,0,0,0,0,0,13
3392,21,0,0,0,0,0,0,0,0,0,21
3393,11,0,0,0,0,0,0,0,0,0,11
3394,11,0,0,0,0,0,0,0,0,0,11
3395,6,0,0,0,0,0,0,0,0,0,6
3396,11,0,0,0,0,0,0,0,0,0,11
3397,17,0,0,0,0,0,0,0,0,0,17
3398,18,0,0,0,0,0,0,0,0,0,18
3399,24,0,0,0,0,0,0,0,0,0,24
3400,27,0,0,0,0,0,0,0,0,0,27
3401,18,0,0,0,0,0,0,0,0,0,18
3402,22,0,0,0,0,0,0,0,0,0,22
3403,18,0,0,0,0,0,0,0,0,0,18
3404,16,0,0,0,0,0,0,0,0,0,16
3405,16,0,0,0,0,0,0,0,0,0,16
3406,23,0,0,0,0,0,0,0,0,0,23
3407,21,0,0,0,0,0,0,0,0,0,21
3408,27,0,0,0,0,0,0,0,0,0,27
3409,32,0,0,0,0,0,0,0,0,0,32
3410,21,0,0,0,0,0,0,0,0,0,21
3411,23,0,0,0,0,0,0,0,0,0,23
3412,26,0,3,0,0,0,0,0,0,0,29
3413,34,0,0,0,0,0,0,0,0,0,34
3414,28,0,1,0,0,0,0,0,0,0,29
3415,42,0,0,0,0,0,0,0,0,0,42
3416,36,0,0,0,0,0,0,0,0,0,36
3417,38,0,0,0,0,0,0,0,0,0,38
3418,35,0,0,0,0,0,0,0,0,0,35
3419,38,0,0,0,0,0,0,0,0,0,38
3420,43,0,0,0,0,0,0,0,0,0,43
3421,32,0,0,0,0,0,0,0,0,0,32
3422,31,0,0,0,0,0,0,0,0,0,31
3423,26,0,0,0,0,0,0,0,0,0,26
3424,19,0,0,0,0,0,0,0,0,0,19
3425,16,0,0,0,0,0,0,0,0,0,16
3426,21,0,0,0,0,0,0,0,0,0,21
3427,23,0,0,0,0,0,0,0,0,0,23
3428,33,0,0,0,0,0,0,0,0,0,33
3429,31,0,0,0,0,0,0,0,0,0,31
3430,24,0,0,0,0,0,0,0,0,0,24
3431,24,0,0,0,0,0,0,0,0,0,24
3432,16,0,0,0,0,0,0,0,0,0,16
3433,26,0,0,0,0,0,0,0,0,0,26
3434,19,0,0,0,0,0,0,0,0,0,19
3435,37,0,0,0,0,0,0,0,0,0,37
3436,29,0,0,0,0,0,0,0,0,0,29
3437,33,0,0,0,0,0,0,0,0,0,33
3438,20,0,1,0,0,0,0,0,0,0,21
3439,31,0,1,0,0,0,0,0,0,0,32
3440,36,0,0,0,0,0,0,0,0,0,36
3441,37,0,0,0,0,0,0,0,0,0,37
3442,35,0,0,0,0,0,0,0,0,0,35
3443,44,0,0,0,0,0,0,0,0,0,44
3444,49,0,1,0,0,0,0,0,0,0,50
3445,35,0,2,0,0,0,0,0,0,0,37
3446,37,0,0,0,0,0,0,0,0,0,37
3447,30,0,1,0,0,0,0,0,0,0,31
3448,44,0,1,0,0,0,0,0,0,0,45
3449,42,0,0,0,0,0,0,0,0,0,42
3450,22,0,0,0,0,0,0,0,0,0,22
3451,21,0,0,0,0,0,0,0,0,0,21
3452,20,0,0,0,0,0,0,0,0,0,20
3453,26,0,0,0,0,0,0,0,0,0,26
3454,16,0,0,0,0,0,0,0,0,0,16
3455,26,0,2,0,0,0,0,0,0,0,28
3456,19,0,5,0,0,0,0,0,0,0,24
3457,14,0,5,0,0,0,0,0,0,0,19
3458,20,0,5,0,0,0,0,0,0,0,25
3459,28,0,5,0,0,0,0,0,0,0,33
3460,21,0,5,0,0,0,0,0,0,0,26
3461,12,0,5,0,0,0,0,0,0,0,17
3462,15,0,5,0,0,0,0,0,0,0,20
3463,20,0,5,0,0,0,0,0,0,0,25
3464,26,0,5,0,0,0,0,0,0,0,31
3465,17,0,2,0,0,0,0,0,0,0,19
3466,14,0,0,0,0,0,0,0,0,0,14
3467,18,0,0,0,0,0,0,0,0,0,18
3468,10,0,0,0,0,0,0,0,0,0,10
3469,16,0,0,0,0,0,0,0,0,0,16
3470,18,0,0,0,0,0,0,0,0,0,18
3471,11,0,0,0,0,0,0,0,0,0,11
3472,16,0,0,0,0,0,0,0,0,0,16
3473,11,0,0,0,0,0,0,0,0,0,11
3474,15,0,0,0,0,0,0,0,0,0,15
3475,19,0,0,0,0,0,0,0,0,0,19
3476,22,0,0,0,0,0,0,0,0,0,22
3477,19,0,0,0,0,0,0,0,0,0,19
3478,19,0,0,0,0,0,0,0,0,0,19
3479,22,0,0,0,0,0,0,0,0,0,22
3480,23,0,4,0,0,0,0,0,0,0,27
3481,17,0,5,0,0,0,0,0,0,0,22
3482,19,0,2,0,0,0,0,0,0,0,21
3483,22,0,0,0,0,0,0,0,0,0,22
3484,22,0,0,0,0,0,0,0,0,0,22
3485,19,0,0,0,0,0,0,0,0,0,19
3486,9,0,0,0,0,0,0,0,0,0,9
3487,16,0,2,0,0,0,0,0,0,0,18
3488,20,0,0,0,0,0,0,0,0,0,20
3489,21,0,0,0,0,0,0,0,0,0,21
3490,13,0,0,0,0,0,0,0,0,0,13
3491,13,0,0,0,0,0,0,0,0,0,13
3492,21,0,0,0,0,0,0,0,0,0,21
3493,13,0,0,0,0,0,0,0,0,0,13
3494,22,0,0,0,0,0,0,0,0,0,22
3495,18,0,0,0,0,0,0,0,0,0,18
3496,19,0,0,0,0,0,0,0,0,0,19
3497,11,0,0,0,0,0,0,0,0,0,11
3498,17,0,0,0,0,0,0,0,0,0,17
3499,28,0,0,0,0,0,0,0,0,0,28
3500,30,0,0,0,0,0,0,0,0,0,30
3501,19,0,0,0,0,0,0,0,0,0,19
3502,27,0,0,0,0,0,0,0,0,0,27
3503,31,0,0,0,0,0,0,0,0,0,31
3504,27,0,0,0,0,0,0,0,0,0,27
3505,41,0,0,0,0,0,0,0,0,0,41
3506,19,0,0,0,0,0,0,0,0,0,19
3507,8,0,0,0,0,0,0,0,0,0,8
3508,12,0,0,0,0,0,0,0,0,0,12
3509,16,0,0,0,0,0,0,0,0,0,16
3510,21,0,0,0,0,0,0,0,0,0,21
3511,19,0,0,0,0,0,0,0,0,0,19
3512,28,0,0,0,0,0,0,0,0,0,28
3513,27,0,0,0,0,0,0,0,0,0,27
3514,18,0,0,0,0,0,0,0,0,0,18
3515,12,0,0,0,0,0,0,0,0,0,12
3516,17,0,0,0,0,0,0,0,0,0,17
3517,19,0,0,0,0,0,0,0,0,0,19
3518,38,0,0,0,0,0,0,0,0,0,38
3519,36,0,0,0,0,0,0,0,0,0,36
3520,44,0,0,0,0,0,0,0,0,0,44
3521,49,0,0,0,0,0,0,0,0,0,49
3522,49,0,0,0,0,0,0,0,0,0,49
3523,52,0,0,0,0,0,0,0,0,0,52
3524,46,0,3,0,0,0,0,0,0,0,49
3525,47,0,1,0,0,0,0,0,0,0,48
3526,48,0,5,0,0,0,0,0,0,0,53
3527,54,0,1,0,0,0,0,0,0,0,55
3528,46,0,4,0,0,0,0,0,0,0,50
3529,41,0,5,0,0,0,0,0,1,0,46
3530,41,0,2,0,0,0,0,0,5,0,43
3531,42,0,4,0,0,0,0,0,5,0,46
3532,47,0,0,0,0,0,0,0,5,0,47
3533,43,0,0,0,0,0,0,0,5,0,43
3534,49,0,0,0,0,0,0,0,4,0,49
3535,56,0,0,0,0,0,0,0,1,0,56
3536,51,0,0,0,0,0,0,0,0,0,51
3537,51,0,0,0,0,0,0,0,0,0,51
3538,52,0,0,0,0,0,0,0,0,0,52
3539,53,0,0,0,0,0,0,0,0,0,53
3540,55,0,0,0,0,0,0,0,0,0,55
3541,59,0,0,0,0,0,0,0,0,0,59
3542,61,0,0,0,0,0,0,0,0,0,61
3543,54,0,0,0,0,0,0,0,0,0,54
3544,50,0,0,0,0,0,0,0,0,0,50
3545,52,0,0,0,0,0,0,0,0,0,52
3546,50,0,0,0,0,0,0,0,0,0,50
3547,48,0,4,0,0,0,0,0,0,0,52
3548,51,0,0,0,0,0,0,0,1,0,51
3549,56,0,0,0,0,0,0,0,2,0,56
3550,49,0,0,0,0,0,0,0,0,0,49
3551,55,0,0,0,0,0,0,0,0,0,55
3552,55,0,0,0,0,0,0,0,0,0,55
3553,50,0,0,0,0,0,0,0,0,0,50
3554,46,0,0,0,0,0,0,0,0,0,46
3555,51,0,0,0,0,0,0,0,0,0,51
3556,49,0,0,0,0,0,0,0,0,0,49
3557,47,0,0,0,0,0,0,0,1,0,47
3558,46,0,0,0,0,0,0,0,1,0,46
3559,44,0,0,0,0,0,0,0,0,0,44
3560,41,0,0,0,0,0,0,0,0,0,41
3561,44,0,0,0,0,0,0,0,0,0,44
3562,50,0,0,0,0,0,0,0,0,0,50
3563,44,0,0,0,0,0,0,0,0,0,44
3564,49,0,0,0,0,0,0,0,0,0,49
3565,51,0,0,0,0,0,0,0,0,0,51
3566,46,0,0,0,0,0,0,0,0,0,46
3567,43,0,0,0,0,0,0,0,1,0,43
3568,39,0,3,0,0,0,0,0,15,0,42
3569,38,0,4,0,0,0,0,0,15,0,42
3570,45,0,5,0,0,0,0,0,13,0,50
3571,46,0,5,0,0,0,0,0,13,0,51
3572,40,0,5,0,0,0,0,0,15,0,45
3573,39,0,5,0,0,0,0,0,15,0,44
3574,44,0,5,0,0,0,0,0,15,0,49
3575,43,0,4,0,0,0,0,0,15,0,47
3576,39,0,5,0,0,0,0,0,15,0,44
3577,36,0,5,0,0,0,0,0,15,0,41
3578,34,0,0,0,0,0,0,0,15,0,34
3579,35,0,0,0,0,0,0,0,15,0,35
3580,36,0,0,0,0,0,0,0,15,0,36
3581,42,0,0,0,0,0,0,0,15,0,42
3582,45,0,0,0,0,0,0,0,15,0,45
3583,47,0,0,0,0,0,0,0,15,0,47
3584,43,0,0,0,0,0,0,0,15,0,43
3585,46,0,0,0,0,0,0,0,15,0,46
3586,44,0,0,0,0,0,0,0,15,0,44
3587,47,0,0,0,0,0,0,0,15,0,47
3588,53,0,0,0,0,0,0,0,15,0,53
3589,54,0,1,0,0,0,0,0,15,0,55
3590,51,0,0,0,0,0,0,0,15,0,51
3591,51,0,0,0,0,0,0,0,15,0,51
3592,50,0,0,0,0,0,0,0,15,0,50
3593,44,0,0,0,0,0,0,0,17,0,44
3594,49,0,0,0,0,0,0,0,16,0,49
3595,55,0,0,0,0,0,0,0,17,0,55
3596,51,0,0,0,0,0,0,0,17,0,51
3597,52,0,0,0,0,0,0,0,15,0,52
3598,54,0,0,0,0,0,0,0,15,0,54
3599,49,0,0,0,0,0,0,0,15,0,49
3600,57,0,0,0,0,0,0,0,15,0,57
3601,50,0,0,0,0,0,0,0,15,0,50
3602,56,0,0,0,0,0,0,0,15,0,56
3603,51,0,0,0,0,0,0,0,17,0,51
3604,40,0,0,0,0,0,0,0,15,0,40
3605,35,0,4,0,0,0,0,0,15,0,39
3606,42,0,4,0,0,0,0,0,15,0,46
3607,48,0,2,0,0,0,0,0,15,0,50
3608,50,0,3,0,0,0,0,0,15,0,53
3609,47,0,0,0,0,0,0,0,15,0,47
3610,50,0,0,0,0,0,0,0,15,0,50
3611,49,0,0,0,0,0,0,0,15,0,49
3612,48,0,0,0,0,0,0,0,4,0,48
3613,48,0,0,0,0,0,0,0,7,0,48
3614,45,0,0,0,0,0,0,0,15,0,45
3615,42,0,1,0,0,0,0,0,15,0,43
3616,37,0,3,0,0,0,0,0,14,0,40
3617,47,0,1,0,0,0,0,0,15,0,48
3618,50,1,0,0,0,0,0,0,13,0,51
3619,34,5,0,0,0,0,0,0,12,0,39
3620,34,5,1,0,0,0,0,0,15,0,40
3621,36,5,0,0,0,0,0,0,15,0,41
3622,39,5,0,0,0,0,0,0,12,0,44
3623,42,5,0,0,0,0,0,0,5,0,47
3624,43,5,0,0,0,0,0,0,6,0,48
3625,41,5,1,0,0,0,0,0,6,0,47
3626,30,5,5,0,0,0,0,0,5,0,40
3627,36,5,5,0,0,0,0,0,8,0,46
3628,41,5,1,0,0,0,0,0,4,0,47
3629,51,5,4,0,0,0,0,0,6,0,60
3630,39,5,4,0,0,0,0,0,3,0,48
3631,31,5,2,0,0,0,0,0,0,0,38
3632,35,5,4,0,0,0,0,0,0,0,44
3633,39,5,4,0,0,0,0,0,0,0,48
3634,37,5,5,0,0,0,0,0,0,0,47
3635,46,5,1,0,0,0,0,0,0,0,52
3636,46,4,3,0,0,0,0,0,0,0,53
3637,34,0,4,0,0,0,0,0,0,0,38
3638,38,0,2,0,0,0,0,0,0,0,40
3639,32,0,5,0,0,0,0,0,0,0,37
3640,38,0,1,0,0,0,0,0,0,0,39
3641,41,0,5,0,0,0,0,0,3,0,46
3642,44,0,2,0,0,0,0,0,2,0,46
3643,46,0,0,0,0,0,0,0,3,0,46
3644,49,0,4,0,0,0,0,0,4,0,53
3645,43,0,5,0,0,0,0,0,1,0,48
3646,45,0,5,0,0,0,0,0,3,0,50
3647,41,0,5,0,0,0,0,0,3,0,46
3648,33,0,5,0,0,0,0,0,1,0,38
3649,36,0,5,0,0,0,0,0,0,0,41
3650,40,0,6,0,0,0,0,0,0,0,46
3651,41,0,9,0,0,0,0,0,0,0,50
3652,52,0,5,0,0,0,0,0,0,0,57
3653,35,0,5,0,0,0,0,0,0,0,40
3654,38,0,4,0,0,0,0,0,0,0,42
3655,34,0,2,0,0,0,0,0,0,0,36
3656,36,0,1,0,0,0,0,0,0,0,37
3657,39,0,3,0,0,0,0,0,0,0,42
3658,42,0,5,0,0,0,0,0,0,0,47
3659,49,0,6,0,0,0,0,0,0,0,55
3660,35,0,7,0,0,0,0,0,0,0,42
3661,37,0,5,0,0,0,0,0,0,0,42
3662,43,0,1,0,0,0,0,0,0,0,44
3663,39,0,0,0,0,0,0,0,0,0,39
3664,41,0,0,0,0,0,0,0,0,0,41
3665,49,0,1,0,0,0,0,0,0,0,50
3666,58,0,1,0,0,0,0,0,0,0,59
3667,40,0,5,0,0,0,0,0,0,0,45
3668,50,0,10,0,0,0,0,0,0,0,60
3669,44,0,8,0,0,0,0,0,0,0,52
3670,42,0,5,0,0,0,0,0,0,0,47
3671,39,0,5,0,0,0,0,0,0,0,44
3672,41,0,4,0,0,0,0,0,0,0,45
3673,37,0,0,0,0,0,0,0,0,0,37
3674,35,0,0,0,0,0,0,0,0,0,35
3675,29,0,0,0,0,0,0,0,0,0,29
3676,33,0,0,0,0,0,0,0,0,0,33
3677,43,0,0,0,0,0,0,0,0,0,43
3678,56,0,0,0,0,0,0,0,0,0,56
3679,48,0,0,0,0,0,0,0,0,0,48
3680,51,0,0,0,0,0,0,0,0,0,51
3681,53,0,0,0,0,0,0,0,0,0,53
3682,47,0,0,0,0,0,0,0,0,0,47
3683,46,0,0,0,0,0,0,0,0,0,46
3684,43,0,2,0,0,0,0,0,0,0,45
3685,42,0,0,0,0,0,0,0,0,0,42
3686,52,0,0,0,0,0,0,0,0,0,52
3687,59,0,0,0,0,0,0,0,0,0,59
3688,49,0,1,0,0,0,0,0,0,0,50
3689,58,0,2,0,0,0,0,0,0,0,60
3690,58,0,2,0,0,0,0,0,0,0,60
3691,54,0,7,0,0,0,0,0,0,0,61
3692,53,0,5,0,0,0,0,0,0,0,58
3693,49,0,5,0,0,0,0,0,0,0,54
3694,50,0,7,0,0,0,0,0,0,0,57
3695,48,0,9,0,0,0,0,0,0,0,57
3696,51,0,6,0,0,0,0,0,0,0,57
3697,53,0,5,0,0,0,0,0,0,0,58
3698,50,0,5,0,0,0,0,0,0,0,55
3699,49,0,4,0,0,0,0,0,0,0,53
3700,53,0,4,0,0,0,0,0,0,0,57
3701,41,0,4,0,0,0,0,0,0,0,45
3702,44,0,3,0,0,0,0,0,0,0,47
3703,46,0,4,0,0,0,0,0,0,0,50
3704,42,0,6,0,0,0,0,0,0,0,48
3705,46,0,2,0,0,0,0,0,0,0,48
3706,44,0,0,0,0,0,0,0,0,0,44
3707,45,0,0,0,0,0,0,0,0,0,45
3708,42,0,1,0,0,0,0,0,0,0,43
3709,30,0,4,0,0,0,0,0,0,0,34
3710,24,0,9,0,0,0,0,0,0,0,33
3711,34,0,5,0,0,0,0,0,0,0,39
3712,32,0,5,0,0,0,0,0,0,0,37
3713,36,0,5,0,0,0,0,0,0,0,41
3714,42,0,5,0,0,0,0,0,0,0,47
3715,36,0,5,0,0,0,0,0,0,0,41
3716,42,0,5,0,0,0,0,0,0,0,47
3717,35,0,6,0,0,0,0,0,0,0,41
3718,31,0,1,0,0,0,0,0,0,0,32
3719,39,0,0,0,0,0,0,0,0,0,39
3720,37,0,0,0,0,0,0,0,0,0,37
3721,38,0,0,0,0,0,0,0,0,0,38
3722,34,0,0,0,0,0,0,0,0,0,34
3723,36,0,0,0,0,0,0,0,0,0,36
3724,34,0,0,0,0,0,0,0,0,0,34
3725,36,0,2,0,0,0,0,0,0,0,38
3726,44,0,0,0,0,0,0,0,0,0,44
3727,44,0,2,0,0,0,0,0,0,0,46
3728,40,0,5,0,0,0,0,0,0,0,45
3729,47,0,3,0,0,0,0,0,0,0,50
3730,42,0,5,0,0,0,0,0,0,0,47
3731,48,0,4,0,0,0,0,0,0,0,52
3732,53,0,6,0,0,0,0,0,0,0,59
3733,58,0,2,0,0,0,0,0,0,0,60
3734,60,0,0,0,0,0,0,0,0,0,60
3735,50,0,0,0,0,0,0,0,0,0,50
3736,61,0,0,0,0,0,0,0,0,0,61
3737,58,0,0,0,0,0,0,0,0,0,58
3738,50,0,0,0,0,0,0,0,0,0,50
3739,47,0,0,0,0,0,0,0,0,0,47
3740,47,0,1,0,0,0,0,0,0,0,48
3741,50,0,0,0,0,0,0,0,0,0,50
3742,49,0,3,0,0,0,0,0,0,0,52
3743,52,0,0,0,0,0,0,0,0,0,52
3744,55,0,0,0,0,0,0,0,0,0,55
3745,54,0,0,0,0,0,0,0,0,0,54
3746,51,0,2,0,0,0,0,0,0,0,53
3747,48,0,3,0,0,0,0,0,0,0,51
3748,52,0,3,0,0,0,0,0,0,0,55
3749,61,0,3,0,0,0,0,0,0,0,64
3750,59,0,4,0,0,0,0,0,0,0,63
3751,53,0,3,0,0,0,0,0,0,0,56
3752,47,0,0,0,0,0,0,0,0,0,47
3753,51,0,0,0,0,0,0,0,0,0,51
3754,54,0,0,0,0,0,0,0,0,0,54
3755,64,0,0,0,0,0,0,0,0,0,64
3756,66,0,0,0,0,0,0,0,0,0,66
3757,63,0,0,0,0,0,0,0,0,0,63
3758,62,0,0,0,0,0,0,0,0,0,62
3759,64,0,0,0,0,0,0,0,0,0,64
3760,58,0,0,0,0,0,0,0,0,0,58
3761,50,0,0,0,0,0,0,0,0,0,50
3762,49,0,0,0,0,0,0,0,0,0,49
3763,55,0,0,0,0,0,0,0,0,0,55
3764,53,0,0,0,0,0,0,0,0,0,53
3765,53,0,0,0,0,0,0,0,0,0,53
3766,50,0,3,0,0,0,0,0,0,0,53
3767,56,0,0,0,0,0,0,0,0,0,56
3768,54,0,1,0,0,0,0,0,0,0,55
3769,40,0,6,0,0,0,0,0,0,0,46
3770,46,0,3,0,0,0,0,0,0,0,49
3771,50,0,1,0,0,0,0,0,0,0,51
3772,52,0,0,0,0,0,0,0,0,0,52
3773,52,0,3,0,0,0,0,0,0,0,55
3774,49,0,0,0,0,0,0,0,0,0,49
3775,56,0,0,0,0,0,0,0,0,0,56
3776,57,0,0,0,0,0,0,0,0,0,57
3777,44,0,3,0,0,0,0,0,0,0,47
3778,48,0,2,0,0,0,0,0,0,0,50
3779,39,0,4,0,0,0,0,0,0,0,43
3780,40,0,2,0,0,0,0,0,2,0,42
3781,41,0,0,0,0,0,0,0,4,0,41
3782,39,0,0,0,0,0,0,0,3,0,39
3783,31,0,0,0,0,0,0,0,5,0,31
3784,32,0,0,0,0,0,0,0,5,0,32
3785,31,0,5,0,0,0,0,0,1,0,36
3786,31,0,5,0,0,0,0,0,0,0,36
3787,36,0,5,0,0,0,0,0,0,0,41
3788,35,0,10,0,0,0,0,0,0,0,45
3789,28,0,13,0,0,0,0,0,2,0,41
3790,44,0,12,0,0,0,0,0,1,0,56
3791,51,0,3,0,0,0,0,0,5,0,54
3792,54,0,0,0,0,0,0,0,5,0,54
3793,47,0,1,0,0,0,0,0,5,0,48
3794,50,0,0,0,0,0,0,0,5,0,50
3795,56,0,0,0,0,0,0,0,5,0,56
3796,54,0,0,0,0,0,0,0,5,0,54
3797,56,0,0,0,0,0,0,0,5,0,56
3798,51,0,0,0,0,0,0,0,5,0,51
3799,48,0,0,0,0,0,0,0,5,0,48
3800,47,0,1,0,0,0,0,0,5,0,48
3801,42,0,5,0,0,0,0,0,5,0,47
3802,47,0,5,0,0,0,0,0,5,0,52
3803,50,0,5,0,0,0,0,0,5,0,55
3804,51,0,5,0,0,0,0,0,5,0,56
3805,49,0,5,0,0,0,0,0,5,0,54
3806,51,0,5,0,0,0,0,0,5,0,56
3807,49,0,6,0,0,0,0,0,5,0,55
3808,50,0,5,0,0,0,0,0,5,0,55
3809,52,0,4,0,0,0,0,0,5,0,56
3810,58,0,2,0,0,0,0,0,5,0,60
3811,54,0,2,0,0,0,0,0,5,0,56
3812,58,0,0,0,0,0,0,0,10,0,58
3813,63,0,0,0,0,0,0,0,9,0,63
3814,58,0,0,0,0,0,0,0,5,0,58
3815,60,0,0,0,0,0,0,0,5,0,60
3816,55,0,0,0,0,0,0,0,7,0,55
3817,57,0,1,0,0,0,0,0,5,0,58
3818,18,0,13,0,0,0,0,0,0,0,31
3819,9,0,0,0,0,0,0,0,0,0,9
3820,10,0,2,0,0,0,0,0,0,0,12
3821,9,0,1,0,0,0,0,0,0,0,10
3822,11,0,2,0,0,0,0,0,0,0,13
3823,4,0,7,0,0,0,0,0,0,0,11
3824,0,0,8,0,0,0,0,0,0,0,8
3825,1,0,5,0,0,0,0,0,0,0,6
3826,1,0,3,0,0,0,0,0,0,0,4
3827,15,0,0,0,0,0,0,0,0,0,15
3828,5,0,2,0,0,0,0,0,0,0,7
3829,0,0,5,0,0,0,0,0,0,0,5
3830,1,0,6,0,0,0,0,0,0,0,7
3831,2,0,8,0,0,0,0,0,0,0,10
3832,0,0,10,0,0,0,0,0,0,0,10
3833,4,3,6,0,0,0,0,0,0,0,13
3834,5,2,3,0,0,0,0,0,0,0,10
3835,4,0,6,0,0,0,0,0,0,0,10
3836,1,0,4,0,0,0,0,0,0,0,5
3837,2,0,9,0,0,0,0,0,0,0,11
3838,5,0,5,0,0,0,0,0,0,0,10
3839,3,0,4,0,0,0,0,0,0,0,7
3840,4,0,2,0,0,0,0,0,0,0,6
3841,8,0,4,0,0,0,0,0,0,0,12
3842,6,0,1,0,0,0,0,0,0,0,7
3843,5,0,1,0,0,0,0,0,0,0,6
3844,10,0,0,0,0,0,0,0,0,0,10
3845,11,0,1,0,0,0,0,0,0,0,12
3846,11,0,0,0,0,0,0,0,0,0,11
3847,8,0,1,0,0,0,0,0,0,0,9
3848,7,0,1,0,0,0,0,0,0,0,8
3849,3,0,5,0,0,0,0,0,0,0,8
3850,4,1,2,0,0,0,0,0,0,0,7
3851,8,0,5,0,0,0,0,0,0,0,13
3852,21,0,3,0,0,0,0,0,0,0,24
3853,12,0,11,0,0,0,0,0,0,0,23
3854,15,0,7,0,0,0,0,0,0,0,22
3855,7,3,1,0,0,0,0,0,0,0,11
3856,5,0,0,0,0,0,0,0,0,0,5
3857,10,0,0,0,0,0,0,0,0,0,10
3858,10,0,0,0,0,0,0,0,0,0,10
3859,10,0,0,0,0,0,0,0,0,0,10
3860,7,0,0,0,0,0,0,0,0,0,7
3861,10,0,1,0,0,0,0,0,0,0,11
3862,10,0,0,0,0,0,0,0,0,0,10
3863,9,0,2,0,0,0,0,0,0,0,11
3864,7,0,5,0,0,0,0,0,0,0,12
3865,5,3,1,0,0,0,0,0,0,0,9
3866,5,2,3,0,0,0,0,0,0,0,10
3867,5,0,5,0,0,0,0,0,0,0,10
3868,0,1,4,0,0,0,0,0,0,0,5
3869,15,0,4,0,0,0,0,0,0,0,19
3870,33,0,0,0,0,0,0,0,0,0,33
3871,25,0,0,0,0,0,0,0,0,0,25
3872,14,0,0,0,0,0,0,0,0,0,14
3873,7,0,0,0,0,0,0,0,0,0,7
3874,6,0,0,0,0,0,0,0,0,0,6
3875,9,0,0,0,0,0,0,0,0,0,9
3876,9,0,0,0,0,0,0,0,0,0,9
3877,8,0,2,0,0,0,0,0,0,0,10
3878,8,0,0,0,0,0,0,0,0,0,8
3879,5,0,0,0,0,0,0,0,0,0,5
3880,4,0,0,0,0,0,0,0,0,0,4
3881,5,0,0,0,0,0,0,0,0,0,5
3882,3,0,2,0,0,0,0,0,0,0,5
3883,11,0,0,0,0,0,0,0,0,0,11
3884,11,0,0,0,0,0,0,0,0,0,11
3885,8,0,0,0,0,0,0,0,0,0,8
3886,5,0,1,0,0,0,0,0,0,0,6
3887,4,0,0,0,0,0,0,0,0,0,4
3889,3,0,0,0,0,0,0,0,0,0,3
3890,1,0,0,0,0,0,0,0,0,0,1
3897,0,0,4,0,0,0,0,0,0,0,4
3898,0,0,5,0,0,0,0,0,0,0,5
3899,0,1,3,0,0,0,0,0,0,0,4
3900,0,0,1,0,0,0,0,0,0,0,1
3901,4,0,0,0,0,0,0,0,0,0,4
3902,2,0,4,0,0,0,0,0,0,0,6
3903,2,0,5,0,0,0,0,0,0,0,7
3904,10,0,4,0,0,0,0,0,0,0,14
3905,14,0,4,0,0,0,0,0,0,0,18
3906,16,0,1,0,0,0,0,0,0,0,17
3907,11,0,4,0,0,0,0,0,0,0,15
3908,14,0,0,0,0,0,0,0,0,0,14
3909,15,0,0,0,0,0,0,0,0,0,15
3910,6,0,2,0,0,0,0,0,0,0,8
3911,11,1,1,0,0,0,0,0,0,0,13
3912,5,0,5,0,0,0,0,0,0,0,10
3913,3,2,1,0,0,0,0,0,0,0,6
3914,3,0,3,0,0,0,0,0,0,0,6
3915,12,0,1,0,0,0,0,0,0,0,13
3916,9,0,3,0,0,0,0,0,0,0,12
3917,17,0,4,0,0,0,0,0,0,0,21
3918,22,0,1,0,0,0,0,0,0,0,23
3919,21,0,3,0,0,0,0,0,0,0,24
3920,25,0,0,0,0,0,0,0,0,0,25
3921,18,1,0,0,0,0,0,0,0,0,19
3922,14,0,0,0,0,0,0,0,0,0,14
3923,6,0,0,0,0,0,0,0,0,0,6
3924,12,0,2,0,0,0,0,0,0,0,14
3925,10,0,0,0,0,0,0,0,0,0,10
3926,5,0,0,0,0,0,0,0,0,0,5
3927,4,0,0,0,0,0,0,0,0,0,4
3928,9,0,0,0,0,0,0,0,0,0,9
3929,5,0,0,0,0,0,0,0,1,0,5
3930,12,0,0,0,0,0,0,0,1,0,12
3931,13,0,3,0,0,0,0,0,0,0,16
3932,1,0,4,0,0,0,0,0,0,0,5
3933,0,0,2,0,0,0,0,0,0,0,2
3934,7,0,0,0,0,0,0,0,0,0,7
3935,5,0,0,0,0,0,0,0,0,0,5
3936,6,0,1,0,0,0,0,0,0,0,7
3937,11,0,1,0,0,0,0,0,0,0,12
3938,5,0,3,0,0,0,0,0,0,0,8
3939,3,0,2,0,0,0,0,0,0,0,5
3940,7,0,3,0,0,0,0,0,0,0,10
3941,12,0,5,0,0,0,0,0,0,0,17
3942,6,0,0,0,0,0,0,0,0,0,6
3943,10,0,1,0,0,0,0,0,0,0,11
3944,8,0,0,0,0,0,0,0,0,0,8
3945,11,0,0,0,0,0,0,0,0,0,11
3946,8,0,0,0,0,0,0,0,0,0,8
3947,9,0,1,0,0,0,0,0,0,0,10
3948,6,0,0,0,0,0,0,0,0,0,6
3949,6,0,0,0,0,0,0,0,0,0,6
3950,4,0,0,0,0,0,0,0,0,0,4
3951,6,0,0,0,0,0,0,0,0,0,6
3952,11,0,0,0,0,0,0,0,0,0,11
3953,11,0,0,0,0,0,0,0,0,0,11
3954,2,0,0,0,0,0,0,0,1,0,2
3955,10,0,2,0,0,0,0,0,0,0,12
3956,12,1,2,0,0,0,0,0,0,0,15
3957,1,1,4,0,0,0,0,0,0,0,6
3958,2,1,4,0,0,0,0,0,0,0,7
3959,5,0,5,0,0,0,0,0,0,0,10
3960,5,0,5,0,0,0,0,0,0,0,10
3961,5,0,5,0,0,0,0,0,0,0,10
3962,5,0,2,0,0,0,0,0,0,0,7
3963,5,0,0,0,0,0,0,0,0,0,5
3964,6,0,0,0,0,0,0,0,0,0,6
3965,6,0,1,0,0,0,0,0,0,0,7
3966,7,1,0,0,0,0,0,0,0,0,8
3967,13,0,0,0,0,0,0,0,0,0,13
3968,8,0,1,0,0,0,0,0,0,0,9
3969,17,0,3,0,0,0,0,0,0,0,20
3970,18,1,5,0,0,0,0,0,0,0,24
3971,13,0,2,0,0,0,0,0,0,0,15
3972,7,0,1,0,0,0,0,0,0,0,8
3973,7,0,5,0,0,0,0,0,0,0,12
3974,5,0,1,0,0,0,0,0,0,0,6
3975,9,0,5,0,0,0,0,0,0,0,14
3976,6,0,4,0,0,0,0,0,0,0,10
3977,6,0,6,0,0,0,0,0,0,0,12
3978,7,0,6,0,0,0,0,0,0,0,13
3979,8,1,10,0,0,0,0,0,0,0,19
3980,7,0,3,0,0,0,0,0,0,0,10
3981,11,0,10,0,0,0,0,0,0,0,21
3982,8,0,10,0,0,0,0,0,0,0,18
3983,5,0,8,0,0,0,0,0,0,0,13
3984,5,0,6,0,0,0,0,0,0,0,11
3985,4,0,3,0,0,0,0,0,0,0,7
3986,9,1,8,0,0,0,0,0,0,0,18
3987,2,0,7,0,0,0,0,0,0,0,9
3988,5,0,3,0,0,0,0,0,0,0,8
3989,9,0,3,0,0,0,0,0,0,0,12
3990,6,0,4,0,0,0,0,0,0,0,10
3991,3,0,8,0,0,0,0,0,0,0,11
3992,5,0,8,0,0,0,0,0,0,0,13
3993,6,0,5,0,0,0,0,0,0,0,11
3994,4,0,5,0,0,0,0,0,0,0,9
3995,6,0,5,0,0,0,0,0,0,0,11
3996,5,0,5,0,0,0,0,0,0,0,10
3997,3,0,5,0,0,0,0,0,0,0,8
3998,2,0,7,0,0,0,0,0,0,0,9
3999,13,1,1,0,0,0,0,0,0,0,15
4000,9,0,0,0,0,0,0,0,0,0,9
4001,11,0,5,0,0,0,0,0,0,0,16
4002,8,0,6,0,0,0,0,0,0,0,14
4003,15,0,2,0,0,0,0,0,0,0,17
4004,15,0,4,0,0,0,0,0,0,0,19
4005,13,0,5,0,0,0,0,0,0,0,18
4006,22,0,2,0,0,0,0,0,0,0,24
4007,22,0,2,0,0,0,0,0,0,0,24
4008,17,0,0,0,0,0,0,0,0,0,17
4009,13,0,2,0,0,0,0,0,0,0,15
4010,12,0,0,0,0,0,0,0,0,0,12
4011,15,0,0,0,0,0,0,0,0,0,15
4012,9,0,0,0,0,0,0,0,0,0,9
4013,12,0,2,0,0,0,0,0,0,0,14
4014,19,0,0,0,0,0,0,0,0,0,19
4015,10,0,0,0,0,0,0,0,0,0,10
4016,14,0,0,0,0,0,0,0,0,0,14
4017,6,0,0,0,0,0,0,0,0,0,6
4018,7,0,0,0,0,0,0,0,0,0,7
4019,8,0,3,0,0,0,0,0,0,0,11
4020,5,0,0,0,0,0,0,0,0,0,5
4021,9,0,3,0,0,0,0,0,0,0,12
4022,8,0,3,0,0,0,0,0,0,0,11
4023,6,1,1,0,0,0,0,0,0,0,8
4024,7,0,3,0,0,0,0,0,0,0,10
4025,9,0,1,0,0,0,0,0,0,0,10
4026,8,0,0,0,0,0,0,0,0,0,8
4027,14,0,0,0,0,0,0,0,0,0,14
4028,7,0,0,0,0,0,0,0,0,0,7
4029,4,0,0,0,0,0,0,0,0,0,4
4030,3,0,0,0,0,0,0,0,0,0,3
4031,7,0,0,0,0,0,0,0,0,0,7
4032,10,0,0,0,0,0,0,0,0,0,10
4033,18,0,0,0,0,0,0,0,0,0,18
4034,19,0,0,0,0,0,0,0,0,0,19
4035,21,0,0,0,0,0,0,0,0,0,21
4036,21,0,3,0,0,0,0,0,0,0,24
4037,20,0,1,0,0,0,0,0,0,0,21
4038,21,0,3,0,0,0,0,0,1,0,24
4039,18,0,6,0,0,0,0,0,0,0,24
4040,17,1,6,0,0,0,0,0,0,0,24
4041,18,0,6,0,0,0,0,0,0,0,24
4042,21,0,3,0,0,0,0,0,1,0,24
4043,15,0,0,0,0,0,0,0,0,0,15
4044,14,0,2,0,0,0,0,0,0,0,16
4045,16,0,3,0,0,0,0,0,0,0,19
4046,16,0,1,0,0,0,0,0,0,0,17
4047,12,0,1,0,0,0,0,0,0,0,13
4048,7,0,0,0,0,0,0,0,0,0,7
4049,6,0,0,0,0,0,0,0,0,0,6
4050,8,0,0,0,0,0,0,0,0,0,8
4051,6,0,0,0,0,0,0,0,0,0,6
4052,12,0,0,0,0,0,0,0,0,0,12
4053,16,0,0,0,0,0,0,0,0,0,16
4054,24,0,1,0,0,0,0,0,0,0,25
4055,35,0,1,0,0,0,0,0,0,0,36
4056,19,0,5,0,0,0,0,0,0,0,24
4057,19,0,4,0,0,0,0,0,0,0,23
4058,25,0,1,0,0,0,0,0,0,0,26
4059,17,0,0,0,0,0,0,0,0,0,17
4060,8,0,0,0,0,0,0,0,0,0,8
4061,10,0,0,0,0,0,0,0,0,0,10
4062,7,0,0,0,0,0,0,0,0,0,7
4063,8,0,2,0,0,0,0,0,0,0,10
4064,6,0,2,0,0,0,0,0,0,0,8
4065,5,0,0,0,0,0,0,0,0,0,5
4066,1,0,4,0,0,0,0,0,0,0,5
4067,2,1,2,0,0,0,0,0,0,0,5
4068,3,0,4,0,0,0,0,0,0,0,7
4069,9,0,3,0,0,0,0,0,0,0,12
4070,19,0,0,0,0,0,0,0,0,0,19
4071,6,0,0,0,0,0,0,0,0,0,6
4072,7,1,2,0,0,0,0,0,0,0,10
4073,7,0,2,0,0,0,0,0,0,0,9
4074,14,0,2,0,0,0,0,0,0,0,16
4075,7,0,5,0,0,0,0,0,0,0,12
4076,1,0,5,0,0,0,0,0,0,0,6
4077,4,1,3,0,0,0,0,0,0,0,8
4078,0,0,5,0,0,0,0,0,0,0,5
4079,0,1,4,0,0,0,0,0,0,0,5
4080,0,1,4,0,0,0,0,0,0,0,5
4081,1,0,5,0,0,0,0,0,0,0,6
4082,0,0,5,0,0,0,0,0,0,0,5
4083,0,0,5,0,0,0,0,0,0,0,5
4084,5,0,0,0,0,0,0,0,0,0,5
4085,8,0,0,0,0,0,0,0,0,0,8
4086,10,0,0,0,0,0,0,0,0,0,10
4087,8,0,0,0,0,0,0,0,0,0,8
4088,10,0,2,0,0,0,0,0,0,0,12
4089,16,0,0,0,0,0,0,0,0,0,16
4090,10,0,4,0,0,0,0,0,0,0,14
4091,10,0,3,0,0,0,0,0,0,0,13
4092,4,0,5,0,0,0,0,0,0,0,9
4093,3,0,6,0,0,0,0,0,0,0,9
4094,1,0,9,0,0,0,0,0,0,0,10
4095,3,0,4,0,0,0,0,0,0,0,7
4096,6,0,4,0,0,0,0,0,0,0,10
4097,5,0,4,0,0,0,0,0,0,0,9
4098,6,0,0,0,0,0,0,0,0,0,6
4099,3,0,3,0,0,0,0,0,0,0,6
4100,4,0,2,0,0,0,0,0,0,0,6
4101,7,0,0,0,0,0,0,0,0,0,7
4102,5,0,0,0,0,0,0,0,0,0,5
4103,4,0,0,0,0,0,0,0,0,0,4
4104,5,0,0,0,0,0,0,0,0,0,5
4105,3,0,0,0,0,0,0,0,0,0,3
4106,5,0,0,0,0,0,0,0,0,0,5
4107,5,0,0,0,0,0,0,0,0,0,5
4108,5,0,0,0,0,0,0,0,0,0,5
4109,2,0,0,0,0,0,0,0,0,0,2
4110,4,0,0,0,0,0,0,0,0,0,4
4111,3,0,0,0,0,0,0,0,0,0,3
4112,6,0,0,0,0,0,0,0,0,0,6
4113,2,0,0,0,0,0,0,0,0,0,2
4114,5,0,0,0,0,0,0,0,0,0,5
4115,1,0,0,0,0,0,0,0,0,0,1
4116,2,0,0,0,0,0,0,0,0,0,2
4117,7,0,0,0,0,0,0,0,0,0,7
4118,8,0,7,0,0,0,0,0,0,0,15
4119,0,0,5,0,0,0,0,0,0,0,5
4120,0,0,5,0,0,0,0,0,0,0,5
4121,0,0,5,0,0,0,0,0,0,0,5
4122,0,0,5,0,0,0,0,0,0,0,5
4123,32,0,5,0,0,0,0,0,0,0,37
4124,70,0,6,0,0,0,0,0,0,0,76
4125,55,0,8,0,0,0,0,0,0,0,63
4126,1,0,5,0,0,0,0,0,0,0,6
4127,4,0,6,0,0,0,0,0,0,0,10
4128,41,0,12,0,0,0,0,0,0,0,53
4129,4,0,1,0,0,0,0,0,0,0,5
4130,74,0,14,0,0,0,0,0,0,0,88
4131,19,0,5,0,0,0,0,0,0,0,24
4132,10,0,1,0,0,0,0,0,0,0,11
4133,7,0,3,0,0,0,0,0,0,0,10
4134,3,0,6,0,0,0,0,0,0,0,9
4135,2,1,5,0,0,0,0,0,0,0,8
4136,0,0,9,0,0,0,0,0,0,0,9
4137,1,0,10,0,0,0,0,0,0,0,11
4138,1,0,10,0,0,0,0,0,0,0,11
4139,0,0,11,0,0,0,0,0,0,0,11
4140,0,0,10,0,0,0,0,0,0,0,10
4141,0,0,10,0,0,0,0,0,0,0,10
4142,5,0,5,0,0,0,0,0,0,0,10
4143,5,0,4,0,0,0,0,0,0,0,9
4144,5,0,0,0,0,0,0,0,0,0,5
4145,20,0,6,0,0,0,0,0,0,0,26
4146,32,0,16,0,0,0,0,0,0,0,48
4147,38,0,12,0,0,0,0,0,0,0,50
4148,32,0,18,0,0,0,0,0,0,0,50
4149,42,0,9,0,0,0,0,0,0,0,51
4150,15,0,8,0,0,0,0,0,0,0,23
4151,7,0,6,0,0,0,0,0,0,0,13
4152,0,0,5,0,0,0,0,0,0,0,5
4153,0,0,5,0,0,0,0,0,0,0,5
4154,0,0,5,0,0,0,0,0,0,0,5
4155,0,0,5,0,0,0,0,0,0,0,5
4156,0,0,5,0,0,0,0,0,0,0,5
4157,0,0,5,0,0,0,0,0,0,0,5
4158,0,0,5,0,0,0,0,0,0,0,5
4159,0,0,5,0,0,0,0,0,0,0,5
4160,0,0,5,0,0,0,0,0,0,0,5
4161,0,0,5,0,0,0,0,0,0,0,5
4162,12,0,5,0,0,0,0,0,0,0,17
4163,17,0,5,0,0,0,0,0,0,0,22
4164,19,0,3,0,0,0,0,0,0,0,22
4165,18,0,2,0,0,0,0,0,0,0,20
4166,13,0,1,0,0,0,0,0,0,0,14
4167,13,0,0,0,0,0,0,0,0,0,13
4168,9,0,0,0,0,0,0,0,0,0,9
4169,10,0,1,0,0,0,0,0,0,0,11
4170,6,0,0,0,0,0,0,0,0,0,6
4171,11,0,0,0,0,0,0,0,0,0,11
4172,10,0,2,0,0,0,0,0,0,0,12
4173,7,0,1,0,0,0,0,0,0,0,8
4174,12,0,0,0,0,0,0,0,0,0,12
4175,13,0,0,0,0,0,0,0,0,0,13
4176,12,0,2,0,0,0,0,0,0,0,14
4177,0,0,6,0,0,0,0,0,0,0,6
4178,0,0,7,0,0,0,0,0,0,0,7
4179,5,0,6,0,0,0,0,0,0,0,11
4180,0,0,2,0,0,0,0,0,0,0,2
4181,0,0,6,0,0,0,0,0,0,0,6
4182,2,0,3,0,0,0,0,0,0,0,5
4183,1,0,3,0,0,0,0,0,0,0,4
4185,0,1,2,0,0,0,0,0,0,0,3
4186,0,1,1,0,0,0,0,0,0,0,2
4188,1,0,0,0,0,0,0,0,0,0,1
4189,4,0,0,0,0,0,0,0,0,0,4
4190,4,0,0,0,0,0,0,0,0,0,4
4194,0,0,2,0,0,0,0,0,0,0,2
4195,3,0,4,0,0,0,0,0,0,0,7
4196,10,0,4,0,0,0,0,0,0,0,14
4197,1,0,5,0,0,0,0,0,0,0,6
4198,0,0,4,0,0,0,0,0,0,0,4
4199,0,0,5,0,0,0,0,0,0,0,5
4200,4,0,0,0,0,0,0,0,0,0,4
4201,5,0,0,0,0,0,0,0,0,0,5
4202,5,0,0,0,0,0,0,0,0,0,5
4203,9,0,2,0,0,0,0,0,0,0,11
4204,7,0,0,0,0,0,0,0,0,0,7
4205,7,0,0,0,0,0,0,0,0,0,7
4206,5,0,0,0,0,0,0,0,0,0,5
4207,9,0,1,0,0,0,0,0,0,0,10
4208,10,0,4,0,0,0,0,0,0,0,14
4209,0,0,5,0,0,0,0,0,0,0,5
4210,0,0,5,0,0,0,0,0,0,0,5
4211,0,0,5,0,0,0,0,0,0,0,5
4212,0,0,5,0,0,0,0,0,0,0,5
4213,0,0,5,0,0,0,0,0,0,0,5
4214,0,0,5,0,0,0,0,0,0,0,5
4215,19,0,4,0,0,0,0,0,0,0,23
4216,12,0,5,0,0,0,0,0,0,0,17
4217,5,0,5,0,0,0,0,0,0,0,10
4218,5,0,5,0,0,0,0,0,0,0,10
4219,8,0,6,0,0,0,0,0,0,0,14
4220,18,0,5,0,0,0,0,0,0,0,23
4221,5,0,0,0,0,0,0,0,0,0,5
4222,24,0,0,0,0,0,0,0,0,0,24
4223,21,0,0,0,0,0,0,0,0,0,21
4224,13,0,2,0,0,0,0,0,0,0,15
4225,5,0,0,0,0,0,0,0,0,0,5
4226,22,0,1,0,0,0,0,0,0,0,23
4227,23,0,0,0,0,0,0,0,0,0,23
4228,7,0,0,0,0,0,0,0,0,0,7
4229,8,0,0,0,0,0,0,0,0,0,8
4230,6,0,2,0,0,0,0,0,0,0,8
4231,11,0,1,0,0,0,0,0,0,0,12
4232,15,0,2,0,0,0,0,0,0,0,17
4233,14,0,6,0,0,0,0,0,0,0,20
4234,5,0,0,0,0,0,0,0,0,0,5
4235,5,0,0,0,0,0,0,0,0,0,5
4236,5,0,0,0,0,0,0,0,0,0,5
4237,2,0,3,0,0,0,0,0,0,0,5
4238,6,0,5,0,0,0,0,0,0,0,11
4239,15,0,0,0,0,0,0,0,0,0,15
4240,13,0,1,0,0,0,0,0,0,0,14
4241,12,0,2,0,0,0,0,0,0,0,14
4242,3,0,5,0,0,0,0,0,0,0,8
4243,2,0,6,0,0,0,0,0,0,0,8
4244,5,1,4,0,0,0,0,0,0,0,10
4245,5,0,5,0,0,0,0,0,0,0,10
4246,5,2,5,0,0,0,0,0,0,0,12
4247,5,0,2,0,0,0,0,0,0,0,7
4248,5,0,3,0,0,0,0,0,0,0,8
4249,5,3,4,0,0,0,0,0,0,0,12
4250,5,2,5,0,0,0,0,0,0,0,12
4251,4,1,3,0,0,0,0,0,0,0,8
4252,4,0,1,0,0,0,0,0,0,0,5
4253,5,0,0,0,0,0,0,0,0,0,5
4254,4,0,5,0,0,0,0,0,0,0,9
4255,7,0,10,0,0,0,0,0,0,0,17
4256,5,0,8,0,0,0,0,0,0,0,13
4257,0,0,4,0,0,0,0,0,0,0,4
4258,3,0,5,0,0,0,0,0,0,0,8
4259,4,0,8,0,0,0,0,0,0,0,12
4260,1,0,8,0,0,0,0,0,0,0,9
4261,0,0,8,0,0,0,0,0,0,0,8
4262,0,0,7,0,0,0,0,0,0,0,7
4263,0,0,5,0,0,0,0,0,0,0,5
4264,5,0,6,0,0,0,0,0,0,0,11
4265,0,0,5,0,0,0,0,0,0,0,5
4266,13,0,3,0,0,0,0,0,0,0,16
4267,26,0,1,0,0,0,0,0,0,0,27
4268,32,0,2,0,0,0,0,0,0,0,34
4269,27,0,5,0,0,0,0,0,0,0,32
4270,29,0,8,0,0,0,0,0,0,0,37
4271,29,0,6,0,0,0,0,0,0,0,35
4272,23,0,3,0,0,0,0,0,0,0,26
4273,5,0,4,0,0,0,0,0,0,0,9
4274,8,0,5,0,0,0,0,0,0,0,13
4275,6,0,5,0,0,0,0,0,0,0,11
4276,9,0,5,0,0,0,0,0,0,0,14
4277,4,0,7,0,0,0,0,0,0,0,11
4278,5,0,7,0,0,0,0,0,0,0,12
4279,7,0,4,0,0,0,0,0,0,0,11
4280,12,0,7,0,0,0,0,0,0,0,19
4281,10,0,10,0,0,0,0,0,0,0,20
4282,8,0,6,0,0,0,0,0,0,0,14
4283,2,0,3,0,0,0,0,0,0,0,5
4284,34,0,4,0,0,0,1,0,1,0,39
4285,55,0,7,0,0,0,0,0,0,0,62
4286,12,0,6,0,0,0,0,0,0,0,18
4287,1,0,5,0,0,0,0,0,0,0,6
4288,1,0,5,0,0,0,0,0,0,0,6
4289,0,0,5,0,0,0,0,0,0,0,5
4290,11,0,5,0,0,0,0,0,0,0,16
4291,2,0,5,0,0,0,0,0,0,0,7
4292,5,0,3,0,0,0,0,0,0,0,8
4293,9,0,1,0,0,0,0,0,0,0,10
4294,10,0,2,0,0,0,0,0,0,0,12
4295,11,0,5,0,0,0,0,0,0,0,16
4296,12,0,3,0,0,0,0,0,0,0,15
4297,37,0,2,0,0,0,0,0,0,0,39
4298,7,0,2,0,0,0,0,0,0,0,9
4299,10,0,1,0,0,0,0,0,0,0,11
4300,19,0,0,0,0,0,0,0,0,0,19
4301,48,0,0,0,0,0,0,0,0,0,48
4302,35,0,0,0,0,0,0,0,0,0,35
4303,7,0,0,0,0,0,0,0,0,0,7
4304,10,0,1,0,0,0,0,0,0,0,11
4305,6,0,5,0,0,0,0,0,0,0,11
4306,6,1,2,0,0,0,0,0,0,0,9
4307,23,3,3,0,0,0,0,0,0,0,29
4308,23,0,12,0,0,0,0,0,0,0,35
4309,38,0,8,0,0,0,0,0,0,0,46
4310,7,0,0,0,0,0,0,0,0,0,7
4311,18,0,5,0,0,0,0,0,0,0,23
4312,2,0,5,0,0,0,0,0,0,0,7
4313,4,0,5,0,0,0,0,0,0,0,9
4314,5,0,5,0,0,0,0,0,0,0,10
4315,6,0,6,0,0,0,0,0,0,0,12
4316,3,0,7,0,0,0,0,0,0,0,10
4317,6,0,5,0,0,0,0,0,0,0,11
4318,7,0,6,0,0,0,0,0,0,0,13
4319,7,0,5,0,0,0,0,0,0,0,12
4320,5,0,5,0,0,0,0,0,0,0,10
4321,6,0,5,0,0,0,0,0,0,0,11
4322,5,0,5,0,0,0,0,0,0,0,10
4323,5,0,5,0,0,0,0,0,0,0,10
4324,5,0,5,0,0,0,0,0,0,0,10
4325,5,0,5,0,0,0,0,0,0,0,10
4326,5,0,1,0,0,0,0,0,0,0,6
4327,11,0,6,0,0,0,0,0,0,0,17
4328,11,0,5,0,0,0,4,0,0,0,20
4329,9,0,4,0,0,0,2,0,1,0,15
4330,5,0,1,0,0,0,1,0,3,0,7
4331,5,0,5,0,0,0,0,0,3,0,10
4332,4,0,1,0,0,0,0,0,1,0,5
4333,5,0,0,0,0,0,0,0,0,0,5
4334,7,0,0,0,0,0,0,0,0,0,7
4335,14,0,0,0,0,0,0,0,0,0,14
4336,22,0,0,0,0,0,0,0,0,0,22
4337,16,0,1,0,0,0,0,0,0,0,17
4338,5,0,0,0,0,0,0,0,0,0,5
4339,5,0,0,0,0,0,0,0,0,0,5
4340,13,0,3,0,0,0,0,0,2,0,16
4341,7,0,0,0,0,0,0,0,0,0,7
4342,39,0,5,0,0,0,0,0,0,0,44
4343,24,0,4,0,0,0,0,0,0,0,28
4344,43,0,0,0,0,0,0,0,0,0,43
4345,12,0,0,0,0,0,0,0,0,0,12
4346,15,0,4,0,0,0,0,0,1,0,19
4347,11,0,12,0,0,0,0,0,1,0,23
4348,10,0,10,0,0,0,0,0,0,0,20
4349,6,0,11,0,0,0,0,0,0,0,17
4350,19,0,10,0,0,0,0,0,0,0,29
4351,9,0,4,0,0,0,0,0,0,0,13
4352,20,0,10,0,0,0,0,0,0,0,30
4353,9,0,2,0,0,0,0,0,0,0,11
4354,5,0,0,0,0,0,0,0,0,0,5
4355,2,0,3,0,0,0,0,0,0,0,5
4356,0,0,5,0,0,0,0,0,0,0,5
4357,2,0,3,0,0,0,0,0,0,0,5
4358,1,0,4,0,0,0,0,0,0,0,5
4359,3,0,2,0,0,0,0,0,0,0,5
4360,1,0,4,0,0,0,0,0,0,0,5
4361,8,0,3,0,0,0,0,0,0,0,11
4362,8,0,4,0,0,0,0,0,1,0,12
4363,10,0,7,0,0,0,0,0,1,0,17
4364,25,0,2,0,0,0,0,0,0,0,27
4365,41,0,0,0,0,0,0,0,3,0,41
4366,44,2,1,0,0,0,0,0,0,0,47
4367,41,3,0,0,0,0,0,0,4,0,44
4368,38,0,1,0,0,0,0,0,2,0,39
4369,5,0,0,0,0,0,0,0,0,0,5
4370,5,0,0,0,0,0,0,0,0,0,5
4371,6,0,0,0,0,0,0,0,0,0,6
4372,5,0,1,0,0,0,0,0,0,0,6
4373,4,4,0,0,0,0,0,0,0,0,8
4374,5,5,0,0,0,0,0,0,0,0,10
4375,9,3,0,0,0,0,0,0,0,0,12
4376,8,0,0,0,0,0,0,0,0,0,8
4377,11,0,0,0,0,0,0,0,0,0,11
4378,5,0,1,0,0,0,0,0,0,0,6
4379,4,0,2,0,0,0,0,0,0,0,6
4380,7,0,2,0,0,0,0,0,0,0,9
4381,7,0,2,0,0,0,0,0,0,0,9
4382,5,0,5,0,0,0,0,0,0,0,10
4383,3,0,6,0,0,0,0,0,0,0,9
4384,0,0,5,0,0,0,0,0,0,0,5
4385,2,0,5,0,0,0,0,0,0,0,7
4386,0,0,5,0,0,0,0,0,0,0,5
4387,1,0,5,0,0,0,0,0,0,0,6
4388,2,0,5,0,0,0,0,0,0,0,7
4389,1,0,5,0,0,0,0,0,0,0,6
4390,0,0,5,0,0,0,0,0,0,0,5
4391,2,0,5,0,0,0,0,0,0,0,7
4392,7,0,2,0,0,0,0,0,0,0,9
4393,5,0,2,0,0,0,0,0,0,0,7
4394,3,0,2,0,0,0,0,0,0,0,5
4395,5,0,4,0,0,0,0,0,0,0,9
4396,4,0,6,0,0,0,0,0,0,0,10
4397,4,0,5,0,0,0,0,0,0,0,9
4398,0,0,5,0,0,0,0,0,0,0,5
4399,0,0,5,0,0,0,0,0,0,0,5
4400,0,0,5,0,0,0,0,0,0,0,5
4401,0,0,5,0,0,0,0,0,0,0,5
4402,0,0,5,0,0,0,0,0,0,0,5
4403,0,0,5,0,0,0,0,0,0,0,5
4404,0,0,5,0,0,0,0,0,0,0,5
4405,0,0,5,0,0,0,0,0,0,0,5
4406,0,0,5,0,0,0,0,0,0,0,5
4407,32,0,15,0,0,0,0,0,0,0,47
4408,29,0,9,0,0,0,0,0,0,0,38
4409,30,0,3,0,0,0,0,0,0,0,33
4410,28,0,9,0,0,0,0,0,0,0,37
4411,33,0,5,0,0,0,0,0,0,0,38
4412,29,0,6,0,0,0,0,0,0,0,35
4413,26,0,4,0,0,0,0,0,0,0,30
4414,24,0,4,0,0,0,0,0,0,0,28
4415,23,0,4,0,0,0,0,0,0,0,27
4416,24,0,5,0,0,0,0,0,0,0,29
4417,22,0,6,0,0,0,0,0,0,0,28
4418,20,0,9,0,0,0,0,0,0,0,29
4419,9,0,3,0,0,0,0,0,0,0,12
4420,5,0,3,0,0,0,0,0,0,0,8
4421,5,0,3,0,0,0,0,0,0,0,8
4422,32,0,13,0,0,0,0,0,0,0,45
4423,11,0,2,0,0,0,0,0,0,0,13
4424,3,0,4,0,0,0,0,0,0,0,7
4425,30,0,3,0,0,0,0,0,0,0,33
4426,36,0,3,0,0,0,0,0,0,0,39
4427,21,0,2,0,0,0,0,0,0,0,23
4428,22,0,1,0,0,0,0,0,0,0,23
4429,27,0,1,0,0,0,0,0,0,0,28
4430,28,0,6,0,0,0,0,0,0,0,34
4431,37,0,0,0,0,0,0,0,0,0,37
4432,24,0,1,0,0,0,0,0,0,0,25
4433,24,0,2,0,0,0,0,0,0,0,26
4434,27,0,1,0,0,0,0,0,0,0,28
4435,38,0,1,0,0,0,0,0,0,0,39
4436,35,0,0,0,0,0,0,0,0,0,35
4437,27,0,1,0,0,0,0,0,0,0,28
4438,20,0,3,0,0,0,0,0,0,0,23
4439,14,0,7,0,0,0,0,0,0,0,21
4440,11,0,1,0,0,0,0,0,0,0,12
4441,1,0,5,0,0,0,0,0,0,0,6
4442,0,0,5,0,0,0,0,0,0,0,5
4443,0,0,5,0,0,0,0,0,0,0,5
4444,0,0,5,0,0,0,0,0,0,0,5
4445,4,0,5,0,0,0,0,0,0,0,9
4446,3,0,7,0,0,0,0,0,0,0,10
4447,0,0,7,0,0,0,0,0,0,0,7
4448,0,0,6,0,0,0,0,0,0,0,6
4449,4,0,9,0,0,0,0,0,0,0,13
4450,7,0,10,0,0,0,0,0,0,0,17
4451,2,0,8,0,0,0,0,0,0,0,10
4452,3,2,8,0,0,0,0,0,0,0,13
4453,7,1,3,0,0,0,0,0,0,0,11
4454,5,0,3,0,0,0,0,0,0,0,8
4455,10,0,3,0,0,0,0,0,0,0,13
4456,6,0,3,0,0,0,0,0,0,0,9
4457,5,0,3,0,0,0,0,0,0,0,8
4458,1,0,4,0,0,0,0,0,0,0,5
4459,9,0,1,0,0,0,0,0,0,0,10
4460,4,0,5,0,0,0,0,0,0,0,9
4461,7,0,2,0,0,0,0,0,0,0,9
4462,9,0,1,0,0,0,0,0,0,0,10
4463,7,0,3,0,0,0,0,0,0,0,10
4464,4,0,1,0,0,0,0,0,0,0,5
4465,4,0,2,0,0,0,0,0,0,0,6
4466,4,0,7,0,0,0,0,0,0,0,11
4467,1,0,0,0,0,0,0,0,0,0,1
4468,2,0,0,0,0,0,0,0,0,0,2
4469,3,0,0,0,0,0,0,0,0,0,3
4470,5,0,0,0,0,0,0,0,0,0,5
4471,5,0,0,0,0,0,0,0,0,0,5
4472,8,0,0,0,0,0,0,0,0,0,8
4473,9,0,1,0,0,0,0,0,0,0,10
4474,13,0,3,0,0,0,0,0,0,0,16
4475,10,0,7,0,0,0,0,0,0,0,17
4476,6,1,7,0,0,0,0,0,0,0,14
4477,7,0,9,0,0,0,0,0,0,0,16
4478,9,0,5,0,0,0,0,0,0,0,14
4479,11,0,4,0,0,0,0,0,0,0,15
4480,13,0,2,0,0,0,0,0,0,0,15
4481,21,0,0,0,0,0,0,0,0,0,21
4482,16,0,1,0,0,0,0,0,0,0,17
4483,10,0,1,0,0,0,0,0,0,0,11
4484,16,0,0,0,0,0,0,0,0,0,16
4485,11,0,0,0,0,0,0,0,0,0,11
4486,20,0,0,0,0,0,0,0,0,0,20
4487,14,0,0,0,0,0,0,0,0,0,14
4488,23,0,1,0,0,0,0,0,0,0,24
4489,17,0,2,0,0,0,0,0,0,0,19
4490,19,0,5,0,0,0,0,0,0,0,24
4491,7,0,6,0,0,0,0,0,0,0,13
4492,3,0,2,0,0,0,0,0,0,0,5
4493,1,0,5,0,0,0,0,0,0,0,6
4494,10,0,4,0,0,0,0,0,0,0,14
4495,6,0,0,0,0,0,0,0,0,0,6
4496,11,0,0,0,0,0,0,0,0,0,11
4497,10,0,0,0,0,0,0,0,0,0,10
4498,9,0,0,0,0,0,0,0,0,0,9
4499,7,0,2,0,0,0,0,0,0,0,9
4500,3,0,3,0,0,0,0,0,0,0,6
4501,8,0,3,0,0,0,0,0,0,0,11
4502,13,0,1,0,0,0,0,0,0,0,14
4503,14,0,0,0,0,0,0,0,0,0,14
4504,10,0,0,0,0,0,0,0,0,0,10
4505,8,0,0,0,0,0,0,0,0,0,8
4506,6,0,0,0,0,0,0,0,0,0,6
4507,5,0,0,0,0,0,0,0,0,0,5
4508,5,0,1,0,0,0,0,0,0,0,6
4509,5,0,3,0,0,0,0,0,0,0,8
4510,1,0,0,0,0,0,0,0,0,0,1
4511,0,4,0,0,0,0,0,0,0,0,4
4512,0,1,0,0,0,0,0,0,0,0,1
4513,13,2,2,0,0,0,0,0,0,0,17
4514,0,4,2,0,0,0,0,0,0,0,6
4515,20,0,6,0,0,0,0,0,0,0,26
4516,9,0,5,0,0,0,0,0,0,0,14
4517,11,1,3,0,0,0,0,0,0,0,15
4518,10,1,4,0,0,0,0,0,0,0,15
4519,55,0,5,0,0,0,0,0,0,0,60
4520,44,0,11,0,0,0,0,0,0,0,55
4521,22,0,7,0,0,0,0,0,0,0,29
4522,3,0,5,0,0,0,0,0,0,0,8
4523,4,0,5,0,0,0,0,0,0,0,9
4524,8,0,6,0,0,0,0,0,0,0,14
4525,9,0,8,0,0,0,0,0,0,0,17
4526,9,0,6,0,0,0,0,0,0,0,15
4527,13,0,5,0,0,0,0,0,0,0,18
4528,14,0,5,0,0,0,0,0,0,0,19
4529,15,0,5,0,0,0,0,0,0,0,20
4530,17,0,6,0,0,0,0,0,0,0,23
4531,16,0,5,0,0,0,0,0,0,0,21
4532,23,0,5,0,0,0,0,0,0,0,28
4533,16,0,0,0,0,0,0,0,0,0,16
4534,12,4,0,0,0,0,0,0,0,0,16
4535,7,2,3,0,0,0,0,0,0,0,12
4536,2,3,2,0,0,0,0,0,0,0,7
4537,4,2,8,0,0,0,0,0,0,0,14
4538,3,2,8,0,0,0,0,0,0,0,13
4539,0,3,7,0,0,0,0,0,0,0,10
4540,0,0,10,0,0,0,0,0,0,0,10
4541,0,2,8,0,0,0,0,0,0,0,10
4542,0,0,10,0,0,0,0,0,0,0,10
4543,0,0,10,0,0,0,0,0,0,0,10
4544,0,0,10,0,0,0,0,0,0,0,10
4545,0,0,6,0,0,0,0,0,0,0,6
4546,0,0,5,0,0,0,0,0,0,0,5
4547,0,0,5,0,0,0,0,0,0,0,5
4548,3,0,4,0,0,0,0,0,0,0,7
4549,7,0,0,0,0,0,0,0,0,0,7
4550,13,0,0,0,0,0,0,0,0,0,13
4551,15,0,0,0,0,0,0,0,0,0,15
4552,14,0,1,0,0,0,0,0,0,0,15
4553,19,0,0,0,0,0,0,0,0,0,19
4554,20,0,0,0,0,0,0,0,0,0,20
4555,26,0,0,0,0,0,0,0,0,0,26
4556,21,0,0,0,0,0,0,0,0,0,21
4557,21,0,0,0,0,0,0,0,0,0,21
4558,16,0,0,0,0,0,0,0,0,0,16
4559,10,0,1,0,0,0,0,0,0,0,11
4560,5,0,0,0,0,0,0,0,0,0,5
4561,6,0,0,0,0,0,0,0,0,0,6
4562,6,0,0,0,0,0,0,0,0,0,6
4563,3,0,0,0,0,0,0,0,0,0,3
4566,9,0,2,0,0,0,0,0,0,0,11
4567,7,1,4,0,0,0,0,0,0,0,12
4568,8,1,3,0,0,0,0,0,0,0,12
4569,7,1,1,0,0,0,0,0,0,0,9
4570,6,0,3,0,0,0,0,0,0,0,9
4571,9,0,1,0,0,0,0,0,0,0,10
4572,4,0,3,0,0,0,0,0,0,0,7
4573,1,0,5,0,0,0,0,0,0,0,6
4574,1,0,5,0,0,0,0,0,0,0,6
4575,5,0,5,0,0,0,0,0,0,0,10
4576,5,0,5,0,0,0,0,0,0,0,10
4577,1,0,5,0,0,0,0,0,0,0,6
4578,5,0,5,0,0,0,0,0,0,0,10
4579,5,0,10,0,0,0,0,0,0,0,15
4580,5,0,10,0,0,0,0,0,0,0,15
4581,6,1,5,0,0,0,0,0,0,0,12
4582,5,2,3,0,0,0,0,0,0,0,10
4583,5,4,5,0,0,0,0,0,0,0,14
4584,5,4,6,0,0,0,0,0,0,0,15
4585,5,3,6,0,0,0,0,0,0,0,14
4586,7,1,1,0,0,0,0,0,0,0,9
4587,0,3,2,0,0,0,0,0,0,0,5
4588,0,2,3,0,0,0,0,0,0,0,5
4589,0,2,3,0,0,0,0,0,0,0,5
4590,10,0,2,0,0,0,0,0,0,0,12
4591,21,0,1,0,0,0,0,0,0,0,22
4592,6,0,0,0,0,0,0,0,0,0,6
4593,5,0,0,0,0,0,0,0,0,0,5
4594,7,0,4,0,0,0,0,0,0,0,11
4595,10,0,0,0,0,0,0,0,0,0,10
4596,5,0,0,0,0,0,0,0,0,0,5
4597,6,0,0,0,0,0,0,0,0,0,6
4598,6,0,0,0,0,0,0,0,0,0,6
4599,10,0,0,0,0,0,0,0,0,0,10
4600,16,0,0,0,0,0,0,0,0,0,16
4601,8,0,0,0,0,0,0,0,0,0,8
4602,6,0,0,0,0,0,0,0,0,0,6
4603,15,0,0,0,0,0,0,0,0,0,15
4604,25,0,2,0,0,0,0,0,0,0,27
4605,18,0,0,0,0,0,0,0,0,0,18
4606,13,0,2,0,0,0,0,0,0,0,15
4607,20,0,0,0,0,0,0,0,0,0,20
4608,7,0,0,0,0,0,0,0,0,0,7
4609,7,0,0,0,0,0,0,0,0,0,7
4610,7,0,1,0,0,0,0,0,0,0,8
4611,10,0,1,0,0,0,0,0,0,0,11
4612,14,0,0,0,0,0,0,0,0,0,14
4613,7,0,0,0,0,0,0,0,0,0,7
4614,7,0,0,0,0,0,0,0,0,0,7
4615,6,0,0,0,0,0,0,0,0,0,6
4616,10,0,1,0,0,0,0,0,0,0,11
4617,12,0,1,0,0,0,0,0,0,0,13
4618,0,0,5,0,0,0,0,0,0,0,5
4619,0,0,5,0,0,0,0,0,0,0,5
4620,0,0,5,0,0,0,0,0,0,0,5
4621,0,0,5,0,0,0,0,0,0,0,5
4622,0,0,5,0,0,0,0,0,0,0,5
4623,3,0,5,0,0,0,0,0,0,0,8
4624,0,0,5,0,0,0,0,0,0,0,5
4625,2,3,1,0,0,0,0,0,0,0,6
4626,5,0,5,0,0,0,0,0,0,0,10
4627,0,0,5,0,0,0,0,0,0,0,5
4628,4,0,5,0,0,0,0,0,0,0,9
4629,5,0,0,0,0,0,0,0,0,0,5
4630,6,0,3,0,0,0,0,0,0,0,9
4631,6,1,4,0,0,0,0,0,0,0,11
4632,7,0,4,0,0,0,0,0,0,0,11
4633,2,0,4,0,0,0,0,0,0,0,6
4634,5,0,1,0,0,0,0,0,0,0,6
4635,3,0,4,0,0,0,0,0,0,0,7
4636,0,0,5,0,0,0,0,0,0,0,5
4637,7,0,0,0,0,0,0,0,0,0,7
4638,9,0,0,0,0,0,0,0,0,0,9
4639,2,0,5,0,0,0,0,0,0,0,7
4640,11,0,5,0,0,0,0,0,0,0,16
4641,10,0,5,0,0,0,0,0,0,0,15
4642,11,2,4,0,0,0,0,0,0,0,17
4643,6,1,5,0,0,0,0,0,0,0,12
4644,8,2,3,0,0,0,0,0,0,0,13
4645,9,1,4,0,0,0,0,0,0,0,14
4646,7,1,7,0,0,0,0,0,0,0,15
4647,6,2,7,0,0,0,0,0,0,0,15
4648,1,4,7,0,0,0,0,0,0,0,12
4649,14,0,6,0,0,0,0,0,0,0,20
4650,6,0,3,0,0,0,0,0,0,0,9
4651,12,0,2,0,0,0,0,0,0,0,14
4652,14,0,2,0,0,0,0,0,0,0,16
4653,12,0,3,0,0,0,0,0,0,0,15
4654,8,0,2,0,0,0,0,0,0,0,10
4655,6,0,1,0,0,0,0,0,0,0,7
4656,5,0,5,0,0,0,0,0,0,0,10
4657,5,0,1,0,0,0,0,0,0,0,6
4658,13,0,3,0,0,0,0,0,0,0,16
4659,34,0,5,0,0,0,0,0,0,0,39
4660,26,0,3,0,0,0,0,0,0,0,29
4661,64,0,11,0,0,0,0,0,0,0,75
4662,7,0,0,0,0,0,0,0,0,0,7
4663,6,0,0,0,0,0,0,0,0,0,6
4664,10,0,0,0,0,0,0,0,0,0,10
4665,11,0,0,0,0,0,0,0,0,0,11
4666,12,0,0,0,0,0,0,0,0,0,12
4667,8,0,2,0,0,0,0,0,0,0,10
4668,10,0,0,0,0,0,0,0,0,0,10
4669,8,0,2,0,0,0,0,0,0,0,10
4670,16,0,0,0,0,0,0,0,0,0,16
4671,12,0,0,0,0,0,0,0,0,0,12
4672,8,0,2,0,0,0,0,0,0,0,10
4673,10,0,0,0,0,0,0,0,0,0,10
4674,6,0,0,0,0,0,0,0,0,0,6
4675,8,0,0,0,0,0,0,0,0,0,8
4676,6,0,0,0,0,0,0,0,0,0,6
4677,8,0,0,0,0,0,0,0,0,0,8
4678,5,0,0,0,0,0,0,0,0,0,5
4679,5,0,0,0,0,0,0,0,0,0,5
4680,11,0,0,0,0,0,0,0,0,0,11
4681,6,0,0,0,0,0,0,0,0,0,6
4682,7,0,0,0,0,0,0,0,0,0,7
4683,11,0,0,0,0,0,0,0,0,0,11
4684,11,0,0,0,0,0,0,0,0,0,11
4685,11,0,0,0,0,0,0,0,0,0,11
4686,2,0,5,0,0,0,0,0,0,0,7
4687,9,0,1,0,0,0,0,0,0,0,10
4688,7,0,2,0,0,0,0,0,0,0,9
4689,9,0,4,0,0,0,0,0,0,0,13
4690,10,0,1,0,0,0,0,0,0,0,11
4691,11,0,1,0,0,0,0,0,0,0,12
4692,12,0,0,0,0,0,0,0,0,0,12
4693,9,0,0,0,0,0,0,0,0,0,9
4694,12,0,0,0,0,0,0,0,0,0,12
4695,13,0,0,0,0,0,0,0,0,0,13
4696,6,0,0,0,0,0,0,0,0,0,6
4697,2,0,5,0,0,0,0,0,0,0,7
4698,7,0,4,0,0,0,0,0,0,0,11
4699,10,0,0,0,0,0,0,0,0,0,10
4700,7,0,3,0,0,0,0,0,0,0,10
4701,20,0,0,0,0,0,0,0,0,0,20
4702,16,0,2,0,0,0,0,0,0,0,18
4703,18,0,1,0,0,0,0,0,0,0,19
4704,15,0,0,0,0,0,0,0,0,0,15
4705,19,0,0,0,0,0,0,0,0,0,19
4706,16,0,0,0,0,0,0,0,0,0,16
4707,5,0,0,0,0,0,0,0,0,0,5
4708,5,0,0,0,0,0,0,0,0,0,5
4709,22,0,2,0,0,0,0,0,0,0,24
4710,20,0,2,0,0,0,0,0,0,0,22
4711,5,0,0,0,0,0,0,0,0,0,5
4712,27,0,1,0,0,0,0,0,0,0,28
4713,21,0,2,0,0,0,0,0,0,0,23
4714,22,0,0,0,0,0,0,0,0,0,22
4715,16,0,0,0,0,0,0,0,0,0,16
4716,16,0,2,0,0,0,0,0,0,0,18
4717,5,0,0,0,0,0,0,0,0,0,5
4718,10,0,3,0,0,0,0,0,0,0,13
4719,7,0,1,0,0,0,0,0,0,0,8
4720,11,0,5,0,0,0,0,0,0,0,16
4721,1,0,6,0,0,0,0,0,0,0,7
4722,3,0,5,0,0,0,0,0,0,0,8
4723,5,0,5,0,0,0,0,0,0,0,10
4724,4,0,6,0,0,0,0,0,0,0,10
4725,5,0,6,0,0,0,0,0,0,0,11
4726,7,0,5,0,0,0,0,0,0,0,12
4727,12,0,5,0,0,0,0,0,0,0,17
4728,10,0,4,0,0,0,0,0,0,0,14
4729,14,0,5,0,0,0,0,0,0,0,19
4730,10,0,5,0,0,0,0,0,0,0,15
4731,10,1,0,0,0,0,0,0,0,0,11
4732,7,0,0,0,0,0,0,0,0,0,7
4733,5,0,0,0,0,0,0,0,0,0,5
4734,8,0,0,0,0,0,0,0,0,0,8
4735,15,0,3,0,0,0,0,0,0,0,18
4736,21,0,2,0,0,0,0,0,0,0,23
4737,20,0,2,0,0,0,0,0,0,0,22
4738,18,0,0,0,0,0,0,0,0,0,18
4739,5,0,0,0,0,0,0,0,0,0,5
4740,16,0,1,0,0,0,0,0,0,0,17
4741,14,0,0,0,0,0,0,0,0,0,14
4742,14,0,0,0,0,0,0,0,0,0,14
4743,12,0,1,0,0,0,0,0,0,0,13
4744,9,0,0,0,0,0,0,0,0,0,9
4745,10,0,1,0,0,0,0,0,0,0,11
4746,11,0,1,0,0,0,0,0,0,0,12
4747,10,0,0,0,0,0,0,0,0,0,10
4748,7,0,0,0,0,0,0,0,0,0,7
4749,6,0,0,0,0,0,0,0,0,0,6
4750,11,0,0,0,0,0,0,0,0,0,11
4751,6,0,0,0,0,0,0,0,0,0,6
4752,8,0,1,0,0,0,0,0,0,0,9
4753,8,0,3,0,0,0,0,0,0,0,11
4754,2,0,4,0,0,0,0,0,0,0,6
4755,7,0,2,0,0,0,0,0,0,0,9
4756,8,0,1,0,0,0,0,0,0,0,9
4757,7,0,1,0,0,0,0,0,0,0,8
4758,5,0,5,0,0,0,0,0,0,0,10
4759,5,0,5,0,0,0,0,0,0,0,10
4760,5,0,5,0,0,0,0,0,0,0,10
4761,5,0,5,0,0,0,0,0,0,0,10
4762,5,0,5,0,0,0,0,0,0,0,10
4763,7,0,2,0,0,0,0,0,0,0,9
4764,16,0,0,0,0,0,0,0,0,0,16
4765,14,0,1,0,0,0,0,0,0,0,15
4766,6,0,0,0,0,0,0,0,0,0,6
4767,5,0,5,0,0,0,0,0,0,0,10
4768,9,0,1,0,0,0,0,0,0,0,10
4769,7,0,1,0,0,0,0,0,0,0,8
4770,10,0,0,0,0,0,0,0,0,0,10
4771,9,0,1,0,0,0,0,0,0,0,10
4772,10,0,1,0,0,0,0,0,0,0,11
4773,24,0,5,0,0,0,0,0,0,0,29
4774,6,0,4,0,0,0,0,0,0,0,10
4775,3,0,5,0,0,0,0,0,0,0,8
4776,4,0,5,0,0,0,0,0,0,0,9
4777,0,0,5,0,0,0,0,0,0,0,5
4778,0,0,5,0,0,0,0,0,0,0,5
4779,0,0,5,0,0,0,0,0,0,0,5
4780,0,0,5,0,0,0,0,0,0,0,5
4781,0,0,5,0,0,0,0,0,0,0,5
4782,0,0,5,0,0,0,0,0,0,0,5
4783,1,0,5,0,0,0,0,0,0,0,6
4784,0,0,10,0,0,0,0,0,0,0,10
4785,0,0,7,0,0,0,0,0,0,0,7
4786,3,0,5,0,0,0,0,0,0,0,8
4787,0,0,5,0,0,0,0,0,0,0,5
4788,0,0,5,0,0,0,0,0,0,0,5
4789,0,0,5,0,0,0,0,0,0,0,5
4790,1,0,5,0,0,0,0,0,0,0,6
4791,0,0,5,0,0,0,0,0,0,0,5
4792,0,0,8,0,0,0,0,0,0,0,8
4793,0,0,10,0,0,0,0,0,0,0,10
4794,0,0,10,0,0,0,0,0,0,0,10
4795,5,0,5,0,0,0,0,0,0,0,10
4796,8,0,5,0,0,0,0,0,0,0,13
4797,1,0,5,0,0,0,0,0,0,0,6
4798,2,0,5,0,0,0,0,0,0,0,7
4799,7,0,5,0,0,0,0,0,0,0,12
4800,9,0,5,0,0,0,0,0,0,0,14
4801,15,0,5,0,0,0,0,0,0,0,20
4802,12,0,5,0,0,0,0,0,0,0,17
4803,14,0,5,0,0,0,0,0,0,0,19
4804,10,0,2,0,0,0,0,0,0,0,12
4805,10,0,0,0,0,0,0,0,0,0,10
4806,8,0,0,0,0,0,0,0,0,0,8
4807,5,0,2,0,0,0,0,0,0,0,7
4808,5,0,0,0,0,0,0,0,0,0,5
4809,9,0,0,0,0,0,0,0,0,0,9
4810,10,0,0,0,0,0,0,0,0,0,10
4811,10,0,0,0,0,0,0,0,0,0,10
4812,14,0,0,0,0,0,0,0,0,0,14
4813,9,0,0,0,0,0,0,0,0,0,9
4814,8,0,0,0,0,0,0,0,0,0,8
4815,10,0,0,0,0,0,0,0,0,0,10
4816,9,0,0,0,0,0,0,0,0,0,9
4817,6,0,0,0,0,0,0,0,0,0,6
4818,5,0,0,0,0,0,0,0,0,0,5
4819,9,0,2,0,0,0,0,0,0,0,11
4820,6,0,1,0,0,0,0,0,0,0,7
4821,9,0,0,0,0,0,0,0,0,0,9
4822,7,0,0,0,0,0,0,0,0,0,7
4823,13,0,1,0,0,0,0,0,0,0,14
4824,10,0,0,0,0,0,0,0,0,0,10
4825,11,0,1,0,0,0,0,0,0,0,12
4826,10,0,1,0,0,0,0,0,0,0,11
4827,14,0,1,0,0,0,0,0,0,0,15
4828,9,0,0,0,0,0,0,0,0,0,9
4829,5,0,3,0,0,0,0,0,0,0,8
4830,7,0,2,0,0,0,0,0,0,0,9
4831,11,0,8,0,0,0,0,0,0,0,19
4832,20,0,2,0,0,0,0,0,0,0,22
4833,7,0,3,0,0,0,0,0,0,0,10
4834,7,0,1,0,0,0,0,0,0,0,8
4835,7,0,0,0,0,0,0,0,0,0,7
4836,10,0,0,0,0,0,0,0,0,0,10
4837,12,0,1,0,0,0,0,0,0,0,13
4838,9,0,4,0,0,0,0,0,0,0,13
4839,6,0,7,0,0,0,0,0,0,0,13
4840,11,0,5,0,0,0,0,0,0,0,16
4841,10,0,11,0,0,0,0,0,0,0,21
4842,11,0,7,0,0,0,0,0,0,0,18
4843,4,0,5,0,0,0,0,0,0,0,9
4844,8,0,4,0,0,0,0,0,0,0,12
4845,2,0,9,0,0,0,0,0,0,0,11
4846,8,0,5,0,0,0,0,0,0,0,13
4847,17,0,2,0,0,0,0,0,0,0,19
4848,10,0,0,0,0,0,0,0,0,0,10
4849,8,0,3,0,0,0,0,0,0,0,11
4850,11,0,4,0,0,0,0,0,0,0,15
4851,20,0,11,0,0,0,0,0,0,0,31
4852,23,0,5,0,0,0,0,0,0,0,28
4853,22,0,7,0,0,0,0,0,0,0,29
4854,31,0,8,0,0,0,0,0,0,0,39
4855,30,0,6,0,0,0,0,0,0,0,36
4856,15,0,9,0,0,0,0,0,0,0,24
4857,15,0,15,0,0,0,0,0,0,0,30
4858,5,0,0,0,0,0,0,0,0,0,5
4859,7,0,1,0,0,0,0,0,0,0,8
4860,9,0,5,0,0,0,0,0,0,0,14
4861,7,0,0,0,0,0,0,0,0,0,7
4862,10,0,3,0,0,0,0,0,0,0,13
4863,11,0,3,0,0,0,0,0,0,0,14
4864,6,0,0,0,0,0,0,0,0,0,6
4865,6,1,1,0,0,0,0,0,0,0,8
4866,11,0,2,0,0,0,0,0,0,0,13
4867,6,0,3,0,0,0,0,0,0,0,9
4868,6,0,6,0,0,0,0,0,0,0,12
4869,15,0,7,0,0,0,0,0,0,0,22
4870,12,0,4,0,0,0,0,0,0,0,16
4871,21,0,1,0,0,0,0,0,0,0,22
4872,23,0,3,0,0,0,0,0,0,0,26
4873,23,0,2,0,0,0,0,0,0,0,25
4874,21,0,1,0,0,0,0,0,0,0,22
4875,15,0,2,0,0,0,0,0,0,0,17
4876,13,0,3,0,0,0,0,0,0,0,16
4877,5,0,0,0,0,0,0,0,0,0,5
4878,5,0,1,0,0,0,0,0,0,0,6
4879,7,0,0,0,0,0,0,0,0,0,7
4880,4,0,3,0,0,0,0,0,0,0,7
4881,4,0,3,0,0,0,0,0,0,0,7
4882,7,0,0,0,0,0,0,0,0,0,7
4883,11,0,0,0,0,0,0,0,0,0,11
4884,13,0,0,0,0,0,0,0,0,0,13
4885,13,0,1,0,0,0,0,0,0,0,14
4886,5,0,0,0,0,0,0,0,0,0,5
4887,5,0,3,0,0,0,0,0,0,0,8
4888,5,0,5,0,0,0,0,0,0,0,10
4889,8,0,5,0,0,0,0,0,0,0,13
4890,9,0,6,0,0,0,0,0,0,0,15
4891,6,0,11,0,0,0,0,0,0,0,17
4892,7,0,9,0,0,0,0,0,0,0,16
4893,3,0,9,0,0,0,0,0,0,0,12
4894,9,0,10,0,0,0,0,0,0,0,19
4895,11,0,9,0,0,0,0,0,0,0,20
4896,12,0,10,0,0,0,0,0,0,0,22
4897,12,0,10,0,0,0,0,0,0,0,22
4898,14,0,6,0,0,0,0,0,0,0,20
4899,16,0,5,0,0,0,0,0,0,0,21
4900,13,0,6,0,0,0,0,0,0,0,19
4901,10,0,5,0,0,0,0,0,0,0,15
4902,6,0,5,0,0,0,0,0,0,0,11
4903,0,0,5,0,0,0,0,0,0,0,5
4904,2,0,5,0,0,0,0,0,0,0,7
4905,6,0,5,0,0,0,0,0,0,0,11
4906,7,0,9,0,0,0,0,0,0,0,16
4907,11,0,6,0,0,0,0,0,0,0,17
4908,5,1,10,0,0,0,0,0,0,0,16
4909,2,5,8,0,0,0,0,0,0,0,15
4910,0,1,14,0,0,0,0,0,0,0,15
4911,0,1,13,0,0,0,0,0,0,0,14
4912,1,5,6,0,0,0,0,0,0,0,12
4913,33,1,3,0,0,0,0,0,0,0,37
4914,56,0,4,0,0,0,0,0,0,0,60
4915,57,0,5,0,0,0,0,0,0,0,62
4916,5,0,0,0,0,0,0,0,0,0,5
4917,5,0,1,0,0,0,0,0,0,0,6
4918,22,0,2,0,0,0,0,0,0,0,24
4919,17,0,4,0,0,0,0,0,0,0,21
4920,22,0,4,0,0,0,0,0,0,0,26
4921,48,0,6,0,0,0,0,0,0,0,54
4922,19,0,3,0,0,0,0,0,0,0,22
4923,5,0,1,0,0,0,0,0,0,0,6
4924,13,0,2,0,0,0,0,0,0,0,15
4925,24,0,6,0,0,0,0,0,0,0,30
4926,17,0,16,0,0,0,0,0,0,0,33
4927,6,0,3,0,0,0,0,0,0,0,9
4928,0,1,2,0,0,0,0,0,0,0,3
4929,4,0,2,0,0,0,0,0,0,0,6
4930,0,0,5,0,0,0,0,0,0,0,5
4931,0,1,4,0,0,0,0,0,0,0,5
4932,0,0,5,0,0,0,0,0,0,0,5
4933,2,1,4,0,0,0,0,0,0,0,7
4934,1,0,5,0,0,0,0,0,0,0,6
4935,0,0,7,0,0,0,0,0,0,0,7
4936,0,0,6,0,0,0,0,0,0,0,6
4937,0,0,13,0,0,0,0,0,0,0,13
4938,1,1,12,0,0,0,0,0,0,0,14
4939,0,0,9,0,0,0,0,0,0,0,9
4940,0,0,10,0,0,0,0,0,0,0,10
4941,0,0,10,0,0,0,0,0,0,0,10
4942,0,0,10,0,0,0,0,0,0,0,10
4943,0,0,10,0,0,0,0,0,0,0,10
4944,4,0,10,0,0,0,0,0,0,0,14
4945,6,0,9,0,0,0,0,0,0,0,15
4946,4,0,5,0,0,0,0,0,0,0,9
4947,0,0,4,0,0,0,0,0,0,0,4
4948,34,0,10,0,0,0,0,0,0,0,44
4949,28,0,14,0,0,0,0,0,0,0,42
4950,9,0,1,0,0,0,0,0,0,0,10
4951,26,0,6,0,0,0,0,0,0,0,32
4952,20,0,8,0,0,0,0,0,0,0,28
4953,13,0,8,0,0,0,0,0,0,0,21
4954,26,0,1,0,0,0,0,0,0,0,27
4955,19,0,0,0,0,0,0,0,0,0,19
4956,31,0,0,0,0,0,0,0,0,0,31
4957,21,0,2,0,0,0,0,0,0,0,23
4958,20,0,0,0,0,0,0,0,0,0,20
4959,13,0,2,0,0,0,0,0,0,0,15
4960,27,0,9,0,0,0,0,0,0,0,36
4961,15,0,0,0,0,0,0,0,0,0,15
4962,10,0,0,0,0,0,0,0,0,0,10
4963,6,0,0,0,0,0,0,0,0,0,6
4964,8,0,5,0,0,0,0,0,0,0,13
4965,3,0,0,0,0,0,0,0,0,0,3
4966,6,0,5,0,0,0,0,0,0,0,11
4967,11,0,8,0,0,0,0,0,0,0,19
4968,8,0,0,0,0,0,0,0,0,0,8
4969,7,0,0,0,0,0,0,0,0,0,7
4970,7,0,1,0,0,0,0,0,0,0,8
4971,9,0,1,0,0,0,0,0,0,0,10
4972,16,0,1,0,0,0,0,0,0,0,17
4973,27,0,2,0,0,0,0,0,0,0,29
4974,17,0,6,0,0,0,0,0,0,0,23
4975,9,0,0,0,0,0,0,0,0,0,9
4976,5,0,0,0,0,0,0,0,0,0,5
4977,6,0,0,0,0,0,0,0,0,0,6
4978,5,0,0,0,0,0,0,0,0,0,5
4979,5,0,0,0,0,0,0,0,0,0,5
4980,5,0,0,0,0,0,0,0,0,0,5
4981,5,0,0,0,0,0,0,0,0,0,5
4982,5,0,0,0,0,0,0,0,0,0,5
4983,5,0,0,0,0,0,0,0,0,0,5
4985,5,0,0,0,0,0,0,0,0,0,5
4986,2,0,0,0,0,0,0,0,0,0,2
4987,5,0,0,0,0,0,0,0,0,0,5
4988,6,0,1,0,0,0,0,0,0,0,7
4989,13,0,2,0,0,0,0,0,0,0,15
4990,13,0,0,0,0,0,0,0,0,0,13
4991,12,0,5,0,0,0,0,0,0,0,17
4992,14,0,10,0,0,0,0,0,0,0,24
4993,8,0,0,0,0,0,0,0,0,0,8
4994,19,0,5,0,0,0,0,0,0,0,24
4995,28,0,10,0,0,0,0,0,0,0,38
4996,22,0,4,0,0,0,0,0,0,0,26
4997,22,0,1,0,0,0,0,0,0,0,23
4998,17,0,1,0,0,0,0,0,0,0,18
4999,6,0,5,0,0,0,0,0,0,0,11
5000,1,0,5,0,0,0,0,0,0,0,6
5001,0,0,5,0,0,0,0,0,0,0,5
5002,0,0,5,0,0,0,0,0,0,0,5
5003,0,0,5,0,0,0,0,0,0,0,5
5004,0,0,5,0,0,0,0,0,0,0,5
5005,3,0,4,0,0,0,0,0,0,0,7
5006,5,0,2,0,0,0,0,0,0,0,7
5007,2,0,5,0,0,0,0,0,0,0,7
5008,5,0,5,0,0,0,0,0,0,0,10
5009,5,0,2,0,0,0,0,0,0,0,7
5010,5,0,2,0,0,0,0,0,0,0,7
5011,15,0,4,0,0,0,0,0,0,0,19
5012,25,0,1,0,0,0,0,0,0,0,26
5013,23,0,4,0,0,0,0,0,0,0,27
5014,13,0,1,0,0,0,0,0,0,0,14
5015,16,0,3,0,0,0,0,0,0,0,19
5016,37,0,5,0,0,0,0,0,0,0,42
5017,44,0,2,0,0,0,0,0,0,0,46
5018,50,0,5,0,0,0,0,0,0,0,55
5019,49,0,3,0,0,0,0,0,0,0,52
5020,50,0,4,0,0,0,0,0,0,0,54
5021,45,0,3,0,0,0,0,0,0,0,48
5022,18,0,5,0,0,0,0,0,0,0,23
5023,0,0,5,0,0,0,0,0,0,0,5
5024,0,0,5,0,0,0,0,0,0,0,5
5025,7,0,6,0,0,0,0,0,0,0,13
5026,12,0,8,0,0,0,0,0,0,0,20
5027,1,0,4,0,0,0,0,0,0,0,5
5028,6,0,4,0,0,0,0,0,0,0,10
5029,6,0,0,0,0,0,0,0,0,0,6
5030,4,0,1,0,0,0,0,0,0,0,5
5031,6,0,1,0,0,0,0,0,0,0,7
5032,10,0,0,0,0,0,0,0,0,0,10
5033,14,0,0,0,0,0,0,0,0,0,14
5034,16,0,0,0,0,0,0,0,0,0,16
5035,14,0,2,0,0,0,0,0,0,0,16
5036,11,0,1,0,0,0,0,0,0,0,12
5037,13,0,0,0,0,0,0,0,0,0,13
5038,14,0,0,0,0,0,0,0,0,0,14
5039,12,0,0,0,0,0,0,0,0,0,12
5040,20,0,2,0,0,0,0,0,0,0,22
5041,18,0,3,0,0,0,0,0,0,0,21
5042,20,0,5,0,0,0,0,0,0,0,25
5043,8,0,7,0,0,0,0,0,0,0,15
5044,10,1,8,0,0,0,0,0,0,0,19
5045,11,0,9,0,0,0,0,0,0,0,20
5046,10,0,6,0,0,0,0,0,0,0,16
5047,7,3,5,0,0,0,0,0,0,0,15
5048,5,1,5,0,0,0,0,0,0,0,11
5049,5,0,12,0,0,0,0,0,0,0,17
5050,5,0,15,0,0,0,0,0,0,0,20
5051,5,2,10,0,0,0,0,0,0,0,17
5052,6,0,10,0,0,0,0,0,0,0,16
5053,5,0,9,0,0,0,0,0,0,0,14
5054,4,0,9,0,0,0,0,0,0,0,13
5055,0,0,10,0,0,0,0,0,0,0,10
5056,2,0,10,0,0,0,0,0,0,0,12
5057,7,2,8,0,0,0,0,0,0,0,17
5058,8,2,11,0,0,0,0,0,0,0,21
5059,12,4,7,0,0,0,0,0,0,0,23
5060,13,3,7,0,0,0,0,0,0,0,23
5061,6,3,7,0,0,0,0,0,0,0,16
5062,5,1,8,0,0,0,0,0,0,0,14
5063,5,0,5,0,0,0,0,0,0,0,10
5064,8,0,5,0,0,0,0,0,0,0,13
5065,5,0,5,0,0,0,0,0,0,0,10
5066,7,0,5,0,0,0,0,0,0,0,12
5067,4,0,6,0,0,0,0,0,0,0,10
5068,5,0,5,0,0,0,0,0,0,0,10
5069,5,0,5,0,0,0,0,0,0,0,10
5070,22,0,2,0,0,0,0,0,0,0,24
5071,8,0,0,0,0,0,0,0,0,0,8
5072,13,0,3,0,0,0,0,0,0,0,16
5073,18,0,0,0,0,0,0,0,0,0,18
5074,16,0,1,0,0,0,0,0,0,0,17
5075,10,0,5,0,0,0,0,0,0,0,15
5076,7,0,3,0,0,0,0,0,0,0,10
5077,4,0,5,0,0,0,0,0,0,0,9
5078,0,0,5,0,0,0,0,0,0,0,5
5079,3,0,5,0,0,0,0,0,0,0,8
5080,5,0,5,0,0,0,0,0,0,0,10
5081,7,0,5,0,0,0,0,0,0,0,12
5082,9,0,5,0,0,0,0,0,0,0,14
5083,9,1,4,0,0,0,0,0,0,0,14
5084,2,0,8,0,0,0,0,0,0,0,10
5085,7,0,7,0,0,0,0,0,0,0,14
5086,6,0,10,0,0,0,0,0,0,0,16
5087,11,0,5,0,0,0,0,0,0,0,16
5088,27,0,11,0,0,0,0,0,0,0,38
5089,5,0,4,0,0,0,0,0,0,0,9
5090,10,0,4,0,0,0,0,0,0,0,14
5091,6,0,7,0,0,0,0,0,0,0,13
5092,3,0,9,0,0,0,0,0,0,0,12
5093,7,0,6,0,0,0,0,0,0,0,13
5094,9,0,9,0,0,0,0,0,0,0,18
5095,6,4,5,0,0,0,0,0,0,0,15
5096,5,4,6,0,0,0,0,0,0,0,15
5097,6,5,8,0,0,0,0,0,0,0,19
5098,6,5,3,0,0,0,0,0,0,0,14
5099,8,5,1,0,0,0,0,0,0,0,14
5100,5,5,0,0,0,0,0,0,0,0,10
5101,3,5,1,0,0,0,0,0,0,0,9
5102,5,3,2,0,0,0,0,0,0,0,10
5103,6,0,0,0,0,0,0,0,0,0,6
5104,10,0,0,0,0,0,0,0,0,0,10
5105,9,0,0,0,0,0,0,0,0,0,9
5106,10,0,0,0,0,0,0,0,0,0,10
5107,9,0,0,0,0,0,0,0,0,0,9
5108,10,0,0,0,0,0,0,0,0,0,10
5109,8,0,0,0,0,0,0,0,0,0,8
5110,12,0,3,0,0,0,0,0,0,0,15
5111,11,0,2,0,0,0,0,0,0,0,13
5112,19,0,0,0,0,0,0,0,0,0,19
5113,15,0,1,0,0,0,0,0,0,0,16
5114,20,0,1,0,0,0,0,0,0,0,21
5115,5,0,0,0,0,0,0,0,0,0,5
5116,7,0,3,0,0,0,3,0,4,0,13
5117,5,0,4,0,0,0,3,0,7,0,12
5118,5,0,3,0,0,0,3,0,9,0,11
5119,4,0,2,0,0,0,0,0,9,0,6
5120,3,0,0,0,0,0,0,0,9,0,3
5121,10,0,4,0,0,0,0,0,5,0,14
5122,5,0,6,0,0,0,0,0,0,0,11
5123,3,0,5,0,0,0,0,0,0,0,8
5124,10,0,5,0,0,0,0,0,0,0,15
5125,9,0,5,0,0,0,0,0,0,0,14
5126,7,0,5,0,0,0,0,0,0,0,12
5127,4,0,6,0,0,0,0,0,0,0,10
5128,5,0,5,0,0,0,0,0,0,0,10
5129,6,0,4,0,0,0,0,0,0,0,10
5130,4,0,5,0,0,0,0,0,0,0,9
5131,1,0,5,0,0,0,0,0,0,0,6
5132,1,0,8,0,0,0,0,0,0,0,9
5133,3,0,1,0,0,0,0,0,0,0,4
5134,4,0,0,0,0,0,0,0,0,0,4
5136,4,0,0,0,0,0,0,0,0,0,4
5137,1,0,0,0,0,0,0,0,0,0,1
5138,4,0,1,0,0,0,0,0,0,0,5
5139,6,0,3,0,0,0,0,0,0,0,9
5140,7,0,2,0,0,0,0,0,0,0,9
5141,4,0,2,0,0,0,0,0,0,0,6
5142,15,0,7,0,0,0,0,0,0,0,22
5143,11,0,4,0,0,0,0,0,0,0,15
5144,5,0,0,0,0,0,0,0,0,0,5
5145,5,0,0,0,0,0,0,0,0,0,5
5146,6,0,0,0,0,0,0,0,0,0,6
5147,13,0,1,0,0,0,0,0,0,0,14
5148,9,0,2,0,0,0,0,0,0,0,11
5149,10,0,3,0,0,0,0,0,0,0,13
5150,11,0,2,0,0,0,0,0,0,0,13
5151,7,0,0,0,0,0,0,0,0,0,7
5152,7,0,0,0,0,0,0,0,0,0,7
5153,5,0,1,0,0,0,0,0,0,0,6
5154,7,0,0,0,0,0,0,0,0,0,7
5155,14,0,2,0,0,0,0,0,0,0,16
5156,32,0,7,0,0,0,0,0,0,0,39
5157,50,0,6,0,0,0,0,0,0,0,56
5158,17,0,4,0,0,0,0,0,0,0,21
5159,5,0,0,0,0,0,0,0,0,0,5
5160,5,0,0,0,0,0,0,0,0,0,5
5161,31,0,10,0,0,0,0,0,0,0,41
5162,27,0,5,0,0,0,0,0,0,0,32
5163,7,0,0,0,0,0,0,0,0,0,7
5164,5,0,2,0,0,0,0,0,0,0,7
5165,4,0,2,0,0,0,0,0,0,0,6
5166,28,0,0,0,0,0,0,0,0,0,28
5167,29,0,0,0,0,0,0,0,0,0,29
5168,22,0,0,0,0,0,0,0,0,0,22
5169,5,0,0,0,0,0,0,0,0,0,5
5170,4,0,1,0,0,0,0,0,0,0,5
5171,0,0,5,0,0,0,0,0,0,0,5
5172,4,0,3,0,0,0,0,0,0,0,7
5173,3,0,5,0,0,0,0,0,0,0,8
5174,13,0,4,0,0,0,0,0,0,0,17
5175,33,0,2,0,0,0,0,0,0,0,35
5176,58,0,5,0,0,0,1,0,0,0,64
5177,45,0,10,0,0,0,0,0,0,0,55
5178,46,0,9,0,0,0,1,0,0,0,56
5179,22,0,3,0,0,0,0,0,0,0,25
5180,10,0,0,0,0,0,1,0,0,0,11
5181,13,0,0,0,0,0,0,0,0,0,13
5182,13,1,5,0,0,0,0,0,0,0,19
5183,10,0,6,0,0,0,0,0,0,0,16
5184,10,0,6,0,0,0,0,0,0,0,16
5185,11,0,5,0,0,0,0,0,0,0,16
5186,14,0,13,0,0,0,0,0,0,0,27
5187,13,0,6,0,0,0,0,0,0,0,19
5188,5,0,7,0,0,0,0,0,0,0,12
5189,5,0,10,0,0,0,0,0,0,0,15
5190,11,0,10,0,0,0,0,0,0,0,21
5191,14,0,5,0,0,0,0,0,0,0,19
5192,7,0,5,0,0,0,0,0,0,0,12
5193,7,0,5,0,0,0,0,0,0,0,12
5194,4,0,10,0,0,0,0,0,0,0,14
5195,6,0,10,0,0,0,0,0,0,0,16
5196,11,0,8,0,0,0,0,0,0,0,19
5197,16,1,4,0,0,0,0,0,0,0,21
5198,16,0,5,0,0,0,0,0,0,0,21
5199,13,0,5,0,0,0,0,0,0,0,18
5200,11,0,4,0,0,0,0,0,0,0,15
5201,8,0,3,0,0,0,0,0,0,0,11
5202,3,0,4,0,0,0,0,0,0,0,7
5203,4,0,5,0,0,0,0,0,0,0,9
5204,5,0,5,0,0,0,0,0,0,0,10
5205,4,0,4,0,0,0,0,0,0,0,8
5206,23,0,5,0,0,0,0,0,0,0,28
5207,8,0,0,0,0,0,0,0,0,0,8
5208,6,0,0,0,0,0,0,0,0,0,6
5209,13,0,2,0,0,0,0,0,0,0,15
5210,7,0,0,0,0,0,0,0,0,0,7
5211,8,0,3,0,0,0,0,0,0,0,11
5212,9,0,1,0,0,0,0,0,0,0,10
5213,9,0,0,0,0,0,0,0,0,0,9
5214,11,0,0,0,0,0,0,0,0,0,11
5215,12,0,0,0,0,0,0,0,0,0,12
5216,9,0,0,0,0,0,0,0,0,0,9
5217,8,0,1,0,0,0,0,0,0,0,9
5218,5,0,0,0,0,0,0,0,0,0,5
5219,7,0,2,0,0,0,0,0,0,0,9
5220,12,0,5,0,0,0,0,0,0,0,17
5221,11,0,5,0,0,0,0,0,0,0,16
5222,7,0,1,0,0,0,0,0,0,0,8
5223,11,0,2,0,0,0,0,0,0,0,13
5224,6,0,2,0,0,0,0,0,0,0,8
5225,9,0,4,0,0,0,0,0,0,0,13
5226,6,0,0,0,0,0,0,0,0,0,6
5227,6,0,0,0,0,0,0,0,0,0,6
5228,5,0,0,0,0,0,0,0,0,0,5
5229,6,0,0,0,0,0,0,0,0,0,6
5230,6,0,0,0,0,0,0,0,0,0,6
5231,9,0,2,0,0,0,0,0,0,0,11
5232,12,0,4,0,0,0,0,0,0,0,16
5233,6,0,0,0,0,0,0,0,0,0,6
5234,8,0,0,0,0,0,0,0,0,0,8
5235,6,0,0,0,0,0,0,0,0,0,6
5236,12,0,0,0,0,0,0,0,0,0,12
5237,12,0,0,0,0,0,0,0,0,0,12
5238,12,0,0,0,0,0,0,0,0,0,12
5239,12,0,2,0,0,0,0,0,0,0,14
5240,14,0,1,0,0,0,0,0,0,0,15
5241,16,0,2,0,0,0,0,0,0,0,18
5242,13,0,0,0,0,0,0,0,0,0,13
5243,7,0,0,0,0,0,0,0,0,0,7
5244,5,0,0,0,0,0,0,0,0,0,5
5245,5,0,0,0,0,0,0,0,0,0,5
5246,5,0,0,0,0,0,0,0,0,0,5
5247,13,0,0,0,0,0,0,0,0,0,13
5248,8,0,1,0,0,0,0,0,0,0,9
5249,14,0,3,0,0,0,0,0,0,0,17
5250,16,0,3,0,0,0,0,0,0,0,19
5251,25,0,3,0,0,0,0,0,0,0,28
5252,10,0,0,0,0,0,0,0,0,0,10
5253,8,0,0,0,0,0,0,0,0,0,8
5254,5,0,0,0,0,0,0,0,0,0,5
5255,15,0,1,0,0,0,0,0,0,0,16
5256,50,0,1,0,0,0,0,0,0,0,51
5257,51,0,8,0,0,0,0,0,0,0,59
5258,50,0,8,0,0,0,0,0,0,0,58
5259,43,0,6,0,0,0,0,0,0,0,49
5260,36,0,2,0,0,0,0,0,0,0,38
5261,34,0,3,0,0,0,0,0,0,0,37
5262,32,0,3,0,0,0,0,0,0,0,35
5263,21,0,1,0,0,0,0,0,0,0,22
5264,24,0,7,0,0,0,0,0,0,0,31
5265,26,0,7,0,0,0,0,0,0,0,33
5266,31,0,4,0,0,0,0,0,0,0,35
5267,20,0,0,0,0,0,0,0,0,0,20
5268,29,0,3,0,0,0,0,0,0,0,32
5269,16,0,0,0,0,0,0,0,2,0,16
5270,5,0,0,0,0,0,0,0,5,0,5
5271,1,0,0,0,0,0,0,0,5,0,1
5272,17,0,1,0,0,0,0,0,5,0,18
5273,5,0,0,0,0,0,0,0,5,0,5
5274,1,0,0,0,0,0,0,0,5,0,1
5275,1,0,0,0,0,0,0,0,5,0,1
5276,3,0,0,0,0,0,0,0,5,0,3
5277,2,0,0,0,0,0,0,0,5,0,2
5278,2,0,0,0,0,0,0,0,5,0,2
5279,0,0,0,0,0,0,0,0,5,0,0
5280,1,0,0,0,0,0,0,0,5,0,1
5281,2,0,0,0,0,0,0,0,5,0,2
5282,2,0,0,0,0,0,0,0,5,0,2
5283,0,0,0,0,0,0,0,0,5,0,0
5284,1,0,0,0,0,0,0,0,5,0,1
5285,0,0,0,0,0,0,0,0,5,0,0
5286,1,0,0,0,0,0,0,0,5,0,1
5287,1,0,0,0,0,0,0,0,5,0,1
5288,1,0,0,0,0,0,0,0,5,0,1
5289,1,0,0,0,0,0,0,0,5,0,1
5290,2,0,0,0,0,0,0,0,5,0,2
5291,0,0,0,0,0,0,0,0,5,0,0
5292,1,0,0,0,0,0,0,0,5,0,1
5293,1,0,0,0,0,0,0,0,5,0,1
5294,6,0,0,0,0,0,0,0,5,0,6
5295,6,0,0,0,0,0,0,0,5,0,6
5296,12,0,0,0,0,0,0,0,5,0,12
5297,10,0,1,0,0,0,0,0,5,0,11
5298,11,0,0,0,0,0,0,0,5,0,11
5299,16,0,0,0,0,0,0,0,5,0,16
5300,16,0,1,0,0,0,0,0,4,0,17
5301,12,0,3,0,0,0,0,0,0,0,15
5302,10,0,2,0,0,0,0,0,0,0,12
5303,8,0,4,0,0,0,0,0,0,0,12
5304,18,0,2,0,0,0,0,0,0,0,20
5305,11,0,0,0,0,0,0,0,0,0,11
5306,12,0,0,0,0,0,0,0,0,0,12
5307,12,0,0,0,0,0,0,0,0,0,12
5308,15,0,1,0,0,0,0,0,0,0,16
5309,29,0,6,0,0,0,0,0,1,0,35
5310,20,0,6,0,0,0,0,0,3,0,26
5311,0,0,0,0,0,0,0,0,5,0,0
5312,0,0,2,0,0,0,0,0,5,0,2
5313,0,0,5,0,0,0,0,0,3,0,5
5314,0,0,5,0,0,0,0,0,0,0,5
5315,0,0,5,0,0,0,0,0,0,0,5
5316,0,0,5,0,0,0,0,0,0,0,5
5317,0,0,5,0,0,0,0,0,0,0,5
5318,0,0,8,0,0,0,0,0,0,0,8
5319,0,0,10,0,0,0,0,0,0,0,10
5320,0,0,11,0,0,0,0,0,0,0,11
5321,0,0,15,0,0,0,0,0,0,0,15
5322,0,0,12,0,0,0,0,0,0,0,12
5323,1,0,10,0,0,0,0,0,0,0,11
5324,0,0,10,0,0,0,0,0,0,0,10
5325,1,0,6,0,0,0,0,0,0,0,7
5326,0,0,10,0,0,0,0,0,0,0,10
5327,0,0,12,0,0,0,0,0,0,0,12
5328,0,0,15,0,0,0,0,0,0,0,15
5329,0,0,10,0,0,0,0,0,0,0,10
5330,0,1,5,0,0,0,0,0,0,0,6
5331,0,1,5,0,0,0,0,0,0,0,6
5332,0,2,8,0,0,0,0,0,0,0,10
5333,0,0,5,0,0,0,0,0,0,0,5
5334,2,0,7,0,0,0,0,0,0,0,9
5335,0,5,0,0,0,0,0,0,0,0,5
5336,1,3,1,0,0,0,0,0,0,0,5
5337,7,0,0,0,0,0,0,0,0,0,7
5338,13,0,1,0,0,0,0,0,0,0,14
5339,10,0,0,0,0,0,0,0,1,0,10
5340,8,0,1,0,0,0,0,0,3,0,9
5341,14,0,3,0,0,0,0,0,4,0,17
5342,8,0,4,0,0,0,0,0,5,0,12
5343,4,0,0,0,0,0,0,0,5,0,4
5344,5,0,0,0,0,0,0,0,1,0,5
5345,5,0,0,0,0,0,0,0,0,0,5
5346,5,0,0,0,0,0,0,0,0,0,5
5347,5,0,0,0,0,0,0,0,0,0,5
5348,6,0,0,0,0,0,0,0,0,0,6
5349,5,0,0,0,0,0,0,0,0,0,5
5350,6,0,0,0,0,0,0,0,0,0,6
5351,5,0,0,0,0,0,0,0,0,0,5
5352,13,0,1,0,0,0,0,0,0,0,14
5353,12,0,0,0,0,0,0,0,0,0,12
5354,5,0,0,0,0,0,0,0,0,0,5
5355,5,0,3,0,0,0,0,0,0,0,8
5356,8,0,5,0,0,0,0,0,0,0,13
5357,10,0,5,0,0,0,0,0,0,0,15
5358,10,0,5,0,0,0,0,0,0,0,15
5359,12,0,4,0,0,0,0,0,0,0,16
5360,15,0,5,0,0,0,0,0,0,0,20
5361,18,0,4,0,0,0,0,0,0,0,22
5362,11,0,6,0,0,0,0,0,0,0,17
5363,10,0,4,0,0,0,0,0,0,0,14
5364,14,0,5,0,0,0,0,0,0,0,19
5365,13,0,3,0,0,0,0,0,0,0,16
5366,12,0,0,0,0,0,0,0,0,0,12
5367,11,0,2,0,0,0,0,0,0,0,13
5368,8,0,1,0,0,0,0,0,0,0,9
5369,6,0,3,0,0,0,0,0,0,0,9
5370,7,0,0,0,0,0,0,0,0,0,7
5371,6,0,1,0,0,0,0,0,0,0,7
5372,5,0,0,0,0,0,0,0,0,0,5
5373,6,0,1,0,0,0,0,0,0,0,7
5374,9,0,0,0,0,0,0,0,0,0,9
5375,10,0,0,0,0,0,0,0,0,0,10
5376,20,0,0,0,0,0,0,0,0,0,20
5377,19,0,0,0,0,0,0,0,0,0,19
5378,10,0,0,0,0,0,0,0,0,0,10
5379,12,0,0,0,0,0,0,0,0,0,12
5380,15,0,1,0,0,0,0,0,0,0,16
5381,12,0,2,0,0,0,0,0,0,0,14
5382,11,0,2,0,0,0,0,0,0,0,13
5383,9,0,1,0,0,0,0,0,0,0,10
5384,14,0,0,0,0,0,0,0,0,0,14
5385,14,0,1,0,0,0,0,0,0,0,15
5386,23,0,0,0,0,0,0,0,0,0,23
5387,13,0,1,0,0,0,0,0,0,0,14
5388,12,0,2,0,0,0,0,0,0,0,14
5389,8,0,0,0,0,0,0,0,0,0,8
5390,13,0,1,0,0,0,0,0,0,0,14
5391,4,0,1,0,0,0,0,0,0,0,5
5392,7,0,0,0,0,0,0,0,0,0,7
5393,35,0,7,0,0,0,0,0,0,0,42
5394,20,0,2,0,0,0,0,0,0,0,22
5395,12,0,1,0,0,0,0,0,0,0,13
5396,2,0,3,0,0,0,0,0,0,0,5
5397,1,0,4,0,0,0,0,0,0,0,5
5398,1,0,4,0,0,0,0,0,0,0,5
5399,3,0,4,0,0,0,0,0,0,0,7
5400,12,0,2,0,0,0,0,0,0,0,14
5401,15,0,0,0,0,0,0,0,0,0,15
5402,16,0,0,0,0,0,0,0,0,0,16
5403,15,0,0,0,0,0,0,0,0,0,15
5404,10,0,1,0,0,0,0,0,0,0,11
5405,10,0,2,0,0,0,0,0,0,0,12
5406,10,0,0,0,0,0,0,0,0,0,10
5407,10,0,0,0,0,0,0,0,0,0,10
5408,6,0,0,0,0,0,0,0,0,0,6
5409,19,0,4,0,0,0,0,0,0,0,23
5410,8,0,6,0,0,0,0,0,0,0,14
5411,0,0,5,0,0,0,0,0,0,0,5
5412,0,0,5,0,0,0,0,0,0,0,5
5413,1,1,4,0,0,0,0,0,0,0,6
5414,0,3,5,0,0,0,0,0,0,0,8
5415,0,2,10,0,0,0,0,0,0,0,12
5416,0,0,10,0,0,0,0,0,0,0,10
5417,0,1,12,0,0,0,0,0,0,0,13
5418,0,1,14,0,0,0,0,0,0,0,15
5419,0,0,15,0,0,0,0,0,0,0,15
5420,0,1,14,0,0,0,0,0,0,0,15
5421,0,0,21,0,0,0,0,0,0,0,21
5422,0,0,20,0,0,0,0,0,0,0,20
5423,0,0,13,0,0,0,0,0,0,0,13
5424,5,0,12,0,0,0,0,0,0,0,17
5425,5,0,9,0,0,0,0,0,0,0,14
5426,3,0,6,0,0,0,0,0,0,0,9
5427,43,0,6,0,0,0,0,0,0,0,49
5428,58,0,9,0,0,0,0,0,0,0,67
5429,47,0,11,0,0,0,0,0,0,0,58
5430,5,0,0,0,0,0,0,0,0,0,5
5431,14,0,2,0,0,0,0,0,0,0,16
5432,47,0,10,0,0,0,0,0,0,0,57
5433,53,0,8,0,0,0,0,0,0,0,61
5434,21,0,5,0,0,0,0,0,0,0,26
5435,0,0,5,0,0,0,0,0,0,0,5
5436,0,0,5,0,0,0,0,0,0,0,5
5437,0,0,8,0,0,0,0,0,0,0,8
5438,0,1,9,0,0,0,0,0,0,0,10
5439,0,1,9,0,0,0,0,0,0,0,10
5440,0,0,10,0,0,0,0,0,0,0,10
5441,3,0,10,0,0,0,0,0,0,0,13
5442,5,0,10,0,0,0,0,0,0,0,15
5443,5,0,5,0,0,0,0,0,0,0,10
5444,5,0,5,0,0,0,0,0,0,0,10
5445,5,0,5,0,0,0,0,0,0,0,10
5446,5,0,7,0,0,0,0,0,0,0,12
5447,5,0,10,0,0,0,0,0,0,0,15
5448,5,0,8,0,0,0,0,0,0,0,13
5449,4,0,5,0,0,0,0,0,0,0,9
5450,0,0,5,0,0,0,0,0,0,0,5
5451,0,0,6,0,0,0,0,0,0,0,6
5452,3,0,5,0,0,0,0,0,0,0,8
5453,6,0,7,0,0,0,0,0,0,0,13
5454,8,0,6,0,0,0,0,0,0,0,14
5455,0,0,5,0,0,0,0,0,0,0,5
5456,0,0,5,0,0,0,0,0,0,0,5
5457,21,0,7,0,0,0,0,0,0,0,28
5458,7,0,5,0,0,0,0,0,0,0,12
5459,5,1,4,0,0,0,0,0,0,0,10
5460,8,1,2,0,0,0,0,0,0,0,11
5461,4,0,4,0,0,0,0,0,0,0,8
5462,8,0,9,0,0,0,0,0,0,0,17
5463,10,0,10,0,0,0,0,0,0,0,20
5464,12,0,10,0,0,0,0,0,0,0,22
5465,15,0,9,0,0,0,0,0,0,0,24
5466,10,0,10,0,0,0,0,0,0,0,20
5467,8,0,10,0,0,0,0,0,0,0,18
5468,13,0,10,0,0,0,0,0,0,0,23
5469,10,0,7,0,0,0,0,0,0,0,17
5470,3,0,5,0,0,0,0,0,0,0,8
5471,0,0,5,0,0,0,0,0,0,0,5
5472,0,0,5,0,0,0,0,0,0,0,5
5473,6,0,5,0,0,0,0,0,0,0,11
5474,8,0,5,0,0,0,0,0,0,0,13
5475,6,0,5,0,0,0,0,0,0,0,11
5476,15,0,5,0,0,0,0,0,0,0,20
5477,21,0,3,0,0,0,0,0,0,0,24
5478,20,0,0,0,0,0,0,0,0,0,20
5479,20,0,1,0,0,0,0,0,0,0,21
5480,18,0,0,0,0,0,0,0,0,0,18
5481,5,0,0,0,0,0,0,0,0,0,5
5482,5,0,0,0,0,0,0,0,0,0,5
5483,5,0,0,0,0,0,0,0,0,0,5
5484,5,0,0,0,0,0,0,0,0,0,5
5485,5,0,0,0,0,0,0,0,0,0,5
5486,6,0,0,0,0,0,0,0,0,0,6
5487,5,0,0,0,0,0,0,0,0,0,5
5488,6,0,0,0,0,0,0,0,0,0,6
5489,12,0,3,0,0,0,0,0,0,0,15
5490,21,0,5,0,0,0,0,0,0,0,26
5491,23,0,0,0,0,0,0,0,0,0,23
5492,15,0,1,0,0,0,0,0,0,0,16
5493,5,0,0,0,0,0,0,0,0,0,5
5494,7,0,0,0,0,0,0,0,0,0,7
5495,6,0,0,0,0,0,0,0,0,0,6
5496,10,0,0,0,0,0,0,0,0,0,10
5497,6,0,3,0,0,0,0,0,0,0,9
5498,3,0,4,0,0,0,0,0,0,0,7
5499,0,0,5,0,0,0,0,0,0,0,5
5500,2,0,5,0,0,0,0,0,0,0,7
5501,1,0,5,0,0,0,0,0,0,0,6
5502,7,0,6,0,0,0,0,0,0,0,13
5503,17,0,4,0,0,0,0,0,0,0,21
5504,20,0,10,0,0,0,0,0,0,0,30
5505,0,0,5,0,0,0,0,0,0,0,5
5506,8,0,8,0,0,0,0,0,0,0,16
5507,25,0,6,0,0,0,0,0,0,0,31
5508,10,0,1,0,0,0,0,0,0,0,11
5509,5,0,0,0,0,0,0,0,0,0,5
5510,31,0,3,0,0,0,0,0,0,0,34
5511,31,0,4,0,0,0,0,0,0,0,35
5512,13,0,3,0,0,0,0,0,0,0,16
5513,23,0,6,0,0,0,0,0,0,0,29
5514,14,0,5,0,0,0,0,0,0,0,19
5515,23,0,12,0,0,0,0,0,0,0,35
5516,13,0,3,0,0,0,0,0,0,0,16
5517,14,0,0,0,0,0,0,0,0,0,14
5518,5,0,2,0,0,0,0,0,0,0,7
5519,5,0,0,0,0,0,0,0,0,0,5
5520,14,0,3,0,0,0,0,0,0,0,17
5521,11,0,2,0,0,0,0,0,0,0,13
5522,7,0,2,0,0,0,0,0,0,0,9
5523,7,0,2,0,0,0,0,0,0,0,9
5524,2,0,7,0,0,0,0,0,0,0,9
5525,3,0,7,0,0,0,0,0,0,0,10
5526,2,2,3,0,0,0,0,0,0,0,7
5527,5,0,0,0,0,0,0,0,0,0,5
5528,4,0,1,0,0,0,0,0,0,0,5
5529,6,1,0,0,0,0,0,0,0,0,7
5530,8,0,1,0,0,0,0,0,0,0,9
5531,19,0,4,0,0,0,0,0,0,0,23
5532,5,0,0,0,0,0,0,0,0,0,5
5533,8,0,0,0,0,0,0,0,0,0,8
5534,10,0,0,0,0,0,0,0,0,0,10
5535,10,0,0,0,0,0,0,0,0,0,10
5536,15,0,0,0,0,0,0,0,0,0,15
5537,8,0,3,0,0,0,0,0,0,0,11
5538,20,0,0,0,0,0,0,0,0,0,20
5539,18,0,2,0,0,0,0,0,0,0,20
5540,17,0,4,0,0,0,0,0,0,0,21
5541,9,0,5,0,0,0,0,0,0,0,14
5542,4,0,5,0,0,0,0,0,0,0,9
5543,4,0,5,0,0,0,0,0,0,0,9
5544,5,0,5,0,0,0,0,0,0,0,10
5545,4,0,5,0,0,0,0,0,0,0,9
5546,19,0,5,0,0,0,0,0,0,0,24
5547,4,0,5,0,0,0,0,0,0,0,9
5548,0,0,6,0,0,0,0,0,0,0,6
5549,1,0,10,0,0,0,0,0,0,0,11
5550,0,0,7,0,0,0,0,0,0,0,7
5551,0,0,5,0,0,0,0,0,0,0,5
5552,1,0,5,0,0,0,0,0,0,0,6
5553,0,0,5,0,0,0,0,0,0,0,5
5554,49,0,5,0,0,0,0,0,0,0,54
5555,61,0,0,0,0,0,0,0,0,0,61
5556,31,0,5,0,0,0,0,0,0,0,36
5557,0,0,6,0,0,0,0,0,0,0,6
5558,0,0,5,0,0,0,0,0,0,0,5
5559,49,0,2,0,0,0,0,0,0,0,51
5560,48,0,7,0,0,0,0,0,0,0,55
5561,55,0,3,0,0,0,0,0,0,0,58
5562,46,0,2,0,0,0,0,0,0,0,48
5563,59,0,3,0,0,0,0,0,0,0,62
5564,64,0,2,0,0,0,0,0,0,0,66
5565,54,0,3,0,0,0,0,0,0,0,57
5566,71,0,2,0,0,0,0,0,0,0,73
5567,14,0,5,0,0,0,0,0,0,0,19
5568,0,0,5,0,0,0,0,0,0,0,5
5569,0,0,5,0,0,0,0,0,0,0,5
5570,0,0,6,0,0,0,0,0,0,0,6
5571,0,0,9,0,0,0,0,0,0,0,9
5572,0,0,9,0,0,0,0,0,0,0,9
5573,0,0,7,0,0,0,0,0,0,0,7
5574,4,0,5,0,0,0,0,0,0,0,9
5575,5,0,5,0,0,0,0,0,0,0,10
5576,5,0,6,0,0,0,0,0,0,0,11
5577,5,0,5,0,0,0,0,0,0,0,10
5578,5,0,7,0,0,0,0,0,0,0,12
5579,4,0,10,0,0,0,0,0,0,0,14
5580,6,0,10,0,0,0,0,0,0,0,16
5581,5,0,8,0,0,0,0,0,0,0,13
5582,1,0,10,0,0,0,0,0,0,0,11
5583,0,0,8,0,0,0,0,0,0,0,8
5584,2,0,11,0,0,0,0,0,0,0,13
5585,0,0,10,0,0,0,0,0,0,0,10
5586,1,0,11,0,0,0,0,0,0,0,12
5587,3,0,15,0,0,0,0,0,0,0,18
5588,6,0,15,0,0,0,0,0,0,0,21
5589,7,1,14,0,0,0,0,0,0,0,22
5590,7,2,6,0,0,0,0,0,0,0,15
5591,3,4,6,0,0,0,0,0,0,0,13
5592,0,4,3,0,0,0,0,0,0,0,7
5593,8,2,3,0,0,0,0,0,0,0,13
5594,26,1,3,0,0,0,0,0,0,0,30
5595,0,4,0,0,0,0,0,0,0,0,4
5596,12,3,0,0,0,0,0,0,0,0,15
5597,8,1,1,0,0,0,0,0,0,0,10
5598,6,0,0,0,0,0,0,0,0,0,6
5599,0,0,5,0,0,0,0,0,0,0,5
5600,0,0,5,0,0,0,0,0,0,0,5
5601,2,0,4,0,0,0,0,0,0,0,6
5602,1,0,4,0,0,0,0,0,0,0,5
5603,0,0,5,0,0,0,0,0,0,0,5
5604,12,0,5,0,0,0,0,0,0,0,17
5605,23,0,1,0,0,0,0,0,0,0,24
5606,23,0,3,0,0,0,0,0,0,0,26
5607,16,0,0,0,0,0,0,0,0,0,16
5608,14,0,1,0,0,0,0,0,0,0,15
5609,18,0,0,0,0,0,0,0,0,0,18
5610,14,0,5,0,0,0,0,0,0,0,19
5611,13,0,5,0,0,0,0,0,0,0,18
5612,5,0,5,0,0,0,0,0,0,0,10
5613,5,0,5,0,0,0,0,0,0,0,10
5614,9,0,2,0,0,0,0,0,0,0,11
5615,21,0,1,0,0,0,0,0,0,0,22
5616,0,0,5,0,0,0,0,0,0,0,5
5617,0,0,5,0,0,0,0,0,0,0,5
5618,0,0,5,0,0,0,0,0,0,0,5
5619,0,0,5,0,0,0,0,0,0,0,5
5620,0,0,5,0,0,0,0,0,0,0,5
5621,0,0,5,0,0,0,0,0,0,0,5
5622,0,0,5,0,0,0,0,0,0,0,5
5623,0,0,5,0,0,0,0,0,0,0,5
5624,0,0,5,0,0,0,0,0,0,0,5
5625,0,0,5,0,0,0,0,0,0,0,5
5626,3,0,5,0,0,0,0,0,0,0,8
5627,18,0,5,0,0,0,0,0,0,0,23
5628,19,0,8,0,0,0,0,0,0,0,27
5629,25,0,5,0,0,0,0,0,0,0,30
5630,24,0,7,0,0,0,0,0,0,0,31
5631,20,0,13,0,0,0,0,0,0,0,33
5632,14,0,10,0,0,0,0,0,0,0,24
5633,21,0,1,0,0,0,0,0,0,0,22
5634,16,0,8,0,0,0,0,0,0,0,24
5635,23,0,5,0,0,0,0,0,0,0,28
5636,21,0,2,0,0,0,0,0,0,0,23
5637,14,0,4,0,0,0,0,0,0,0,18
5638,19,0,4,0,0,0,0,0,0,0,23
5639,15,0,0,0,0,0,0,0,0,0,15
5640,17,0,1,0,0,0,0,0,0,0,18
5641,23,0,1,0,0,0,0,0,0,0,24
5642,21,1,3,0,0,0,0,0,0,0,25
5643,12,0,2,0,0,0,0,0,0,0,14
5644,5,0,0,0,0,0,0,0,0,0,5
5645,7,0,1,0,0,0,0,0,0,0,8
5646,5,0,0,0,0,0,0,0,0,0,5
5647,9,0,2,0,0,0,0,0,0,0,11
5648,5,0,0,0,0,0,0,0,0,0,5
5649,5,0,0,0,0,0,0,0,0,0,5
5650,6,0,0,0,0,0,0,0,0,0,6
5651,10,0,2,0,0,0,0,0,0,0,12
5652,6,0,5,0,0,0,0,0,0,0,11
5653,9,1,3,0,0,0,0,0,0,0,13
5654,8,0,5,0,0,0,0,0,0,0,13
5655,5,0,6,0,0,0,0,0,0,0,11
5656,5,0,3,0,0,0,0,0,0,0,8
5657,3,0,0,0,0,0,0,0,0,0,3
5658,4,0,0,0,0,0,0,0,0,0,4
5659,10,0,1,0,0,0,0,0,0,0,11
5660,9,0,3,0,0,0,0,0,0,0,12
5661,6,0,2,0,0,0,0,0,0,0,8
5662,8,0,2,0,0,0,0,0,0,0,10
5663,11,0,3,0,0,0,0,0,0,0,14
5664,0,0,3,0,0,0,0,0,0,0,3
5665,0,0,5,0,0,0,0,0,0,0,5
5666,0,0,5,0,0,0,0,0,0,0,5
5667,0,0,7,0,0,0,0,0,0,0,7
5668,0,0,9,0,0,0,0,0,0,0,9
5669,5,0,9,0,0,0,0,0,0,0,14
5670,3,0,6,0,0,0,0,0,0,0,9
5671,2,0,8,0,0,0,0,0,0,0,10
5672,0,0,8,0,0,0,0,0,0,0,8
5673,1,0,9,0,0,0,0,0,0,0,10
5674,0,0,5,0,0,0,0,0,0,0,5
5675,5,0,3,0,0,0,0,0,0,0,8
5676,6,0,0,0,0,0,0,0,0,0,6
5677,5,0,0,0,0,0,0,0,0,0,5
5678,10,0,0,0,0,0,0,0,0,0,10
5679,12,0,1,0,0,0,0,0,0,0,13
5680,9,1,5,0,0,0,0,0,0,0,15
5681,7,2,4,0,0,0,0,0,0,0,13
5682,6,2,4,0,0,0,0,0,0,0,12
5683,11,4,5,0,0,0,0,0,0,0,20
5684,11,4,3,0,0,0,0,0,0,0,18
5685,17,5,5,0,0,0,0,0,0,0,27
5686,15,0,5,0,0,0,0,0,0,0,20
5687,16,0,6,0,0,0,0,0,0,0,22
5688,14,0,6,0,0,0,0,0,0,0,20
5689,11,1,4,0,0,0,0,0,0,0,16
5690,7,0,3,0,0,0,0,0,0,0,10
5691,7,0,1,0,0,0,0,0,0,0,8
5692,3,0,5,0,0,0,0,0,0,0,8
5693,5,0,5,0,0,0,0,0,0,0,10
5694,5,0,5,0,0,0,0,0,0,0,10
5695,4,0,5,0,0,0,0,0,0,0,9
5696,5,0,5,0,0,0,0,0,0,0,10
5697,11,0,8,0,0,0,0,0,0,0,19
5698,48,0,5,0,0,0,0,0,0,0,53
5699,14,0,1,0,0,0,0,0,0,0,15
5700,11,0,1,0,0,0,0,0,0,0,12
5701,23,0,5,0,0,0,0,0,0,0,28
5702,15,0,8,0,0,0,0,0,0,0,23
5703,19,0,8,0,0,0,0,0,0,0,27
5704,8,0,6,0,0,0,0,0,0,0,14
5705,7,0,5,0,0,0,0,0,0,0,12
5706,2,0,5,0,0,0,0,0,0,0,7
5707,0,1,4,0,0,0,0,0,0,0,5
5708,0,0,5,0,0,0,0,0,0,0,5
5709,0,2,3,0,0,0,0,0,0,0,5
5710,21,0,5,0,0,0,0,0,0,0,26
5711,14,0,5,0,0,0,0,0,0,0,19
5712,15,0,8,0,0,0,0,0,0,0,23
5713,0,0,5,0,0,0,0,0,0,0,5
5714,14,0,4,0,0,0,0,0,0,0,18
5715,8,0,5,0,0,0,0,0,0,0,13
5716,0,0,5,0,0,0,0,0,0,0,5
5717,0,0,5,0,0,0,0,0,0,0,5
5718,0,0,5,0,0,0,0,0,0,0,5
5719,0,0,5,0,0,0,0,0,0,0,5
5720,1,0,5,0,0,0,0,0,0,0,6
5721,0,0,5,0,0,0,0,0,0,0,5
5722,41,0,6,0,0,0,0,0,0,0,47
5723,37,0,10,0,0,0,0,0,0,0,47
5724,9,0,4,0,0,0,0,0,0,0,13
5725,23,0,12,0,0,0,0,0,0,0,35
5726,4,0,2,0,0,0,0,0,0,0,6
5727,2,0,6,0,0,0,0,0,0,0,8
5728,0,0,11,0,0,0,0,0,0,0,11
5729,3,0,10,0,0,0,0,0,0,0,13
5730,6,0,10,0,0,0,0,0,0,0,16
5731,1,0,14,0,0,0,0,0,0,0,15
5732,1,0,16,0,0,0,0,0,0,0,17
5733,6,0,13,0,0,0,0,0,0,0,19
5734,16,0,15,0,0,0,0,0,0,0,31
5735,13,0,17,0,0,0,0,0,0,0,30
5736,9,0,17,0,0,0,0,0,0,0,26
5737,5,0,12,0,0,0,0,0,0,0,17
5738,2,0,13,0,0,0,0,0,0,0,15
5739,6,0,7,0,0,0,0,0,0,0,13
5740,8,0,5,0,0,0,0,0,0,0,13
5741,7,0,3,0,0,0,0,0,0,0,10
5742,18,0,0,0,0,0,0,0,0,0,18
5743,13,0,0,0,0,0,0,0,0,0,13
5744,11,0,0,0,0,0,0,0,0,0,11
5745,10,0,0,0,0,0,0,0,0,0,10
5746,7,0,1,0,0,0,0,0,0,0,8
5747,4,0,3,0,0,0,0,0,0,0,7
5748,2,0,3,0,0,0,0,0,0,0,5
5749,3,0,2,0,0,0,0,0,0,0,5
5750,4,0,1,0,0,0,0,0,0,0,5
5751,5,0,0,0,0,0,0,0,0,0,5
5752,6,0,0,0,0,0,0,0,0,0,6
5753,5,0,0,0,0,0,0,0,0,0,5
5754,6,0,2,0,0,0,0,0,0,0,8
5755,6,0,5,0,0,0,0,0,0,0,11
5756,5,0,5,0,0,0,0,0,0,0,10
5757,6,0,5,0,0,0,0,0,0,0,11
5758,7,0,5,0,0,0,0,0,0,0,12
5759,9,0,5,0,0,0,0,0,0,0,14
5760,5,0,4,0,0,0,0,0,0,0,9
5761,5,0,5,0,0,0,0,0,0,0,10
5762,6,0,6,0,0,0,0,0,0,0,12
5763,4,0,5,0,0,0,0,0,0,0,9
5764,6,0,5,0,0,0,0,0,0,0,11
5765,5,0,2,0,0,0,0,0,0,0,7
5766,14,0,5,0,0,0,0,0,0,0,19
5767,28,0,4,0,0,0,0,0,0,0,32
5768,32,0,8,0,0,0,0,0,0,0,40
5769,30,0,11,0,0,0,0,0,0,0,41
5770,28,0,6,0,0,0,0,0,0,0,34
5771,28,0,2,0,0,0,0,0,0,0,30
5772,36,0,3,0,0,0,0,0,0,0,39
5773,20,0,4,0,0,0,0,0,0,0,24
5774,18,2,8,0,0,0,0,0,0,0,28
5775,11,0,8,0,0,0,0,0,0,0,19
5776,12,0,2,0,0,0,0,0,0,0,14
5777,14,0,6,0,0,0,0,0,0,0,20
5778,5,0,1,0,0,0,0,0,0,0,6
5779,7,0,2,0,0,0,0,0,0,0,9
5780,7,0,0,0,0,0,0,0,0,0,7
5781,8,0,0,0,0,0,0,0,0,0,8
5782,5,0,0,0,0,0,0,0,0,0,5
5783,2,0,5,0,0,0,0,0,0,0,7
5784,2,1,2,0,0,0,0,0,0,0,5
5785,5,1,3,0,0,0,0,0,0,0,9
5786,10,0,3,0,0,0,0,0,0,0,13
5787,17,0,1,0,0,0,0,0,0,0,18
5788,12,0,1,0,0,0,0,0,0,0,13
5789,16,0,6,0,0,0,0,0,0,0,22
5790,11,0,6,0,0,0,1,0,0,0,18
5791,15,0,3,0,0,0,5,0,5,0,23
5792,3,0,5,0,0,0,1,0,1,0,9
5793,7,0,5,0,0,0,0,0,1,0,12
5794,0,0,5,0,0,0,0,0,0,0,5
5795,14,0,4,0,0,0,0,0,3,0,18
5796,13,0,7,0,0,0,0,0,1,0,20
5797,25,0,6,0,0,0,0,0,0,0,31
5798,27,0,6,0,0,0,0,0,0,0,33
5799,21,0,3,0,0,0,0,0,0,0,24
5800,17,0,5,0,0,0,0,0,0,0,22
5801,33,0,4,0,0,0,0,0,0,0,37
5802,47,0,0,0,0,0,0,0,0,0,47
5803,54,0,7,0,0,0,0,0,0,0,61
5804,16,0,0,0,0,0,0,0,0,0,16
5805,5,0,0,0,0,0,0,0,0,0,5
5806,38,0,6,0,0,0,0,0,0,0,44
5807,45,0,5,0,0,0,0,0,0,0,50
5808,30,0,2,0,0,0,0,0,0,0,32
5809,44,0,4,0,0,0,0,0,0,0,48
5810,39,0,11,0,0,0,0,0,0,0,50
5811,38,0,9,0,0,0,0,0,0,0,47
5812,48,0,15,0,0,0,0,0,0,0,63
5813,44,0,14,0,0,0,0,0,0,0,58
5814,30,0,8,0,0,0,0,0,0,0,38
5815,49,0,8,0,0,0,0,0,2,0,57
5816,55,0,10,0,0,0,2,0,2,0,67
5817,12,0,4,0,0,0,0,0,0,0,16
5818,0,0,10,0,0,0,0,0,0,0,10
5819,1,0,10,0,0,0,0,0,0,0,11
5820,0,0,10,0,0,0,0,0,0,0,10
5821,2,0,10,0,0,0,0,0,0,0,12
5822,4,0,10,0,0,0,0,0,0,0,14
5823,5,0,10,0,0,0,0,0,0,0,15
5824,6,1,9,0,0,0,0,0,0,0,16
5825,7,0,9,0,0,0,0,0,0,0,16
5826,8,0,7,0,0,0,0,0,0,0,15
5827,5,1,3,0,0,0,0,0,0,0,9
5828,5,0,0,0,0,0,0,0,0,0,5
5829,5,0,0,0,0,0,0,0,0,0,5
5830,22,0,6,0,0,0,0,0,0,0,28
5831,24,0,11,0,0,0,0,0,0,0,35
5832,27,0,3,0,0,0,0,0,0,0,30
5833,6,0,0,0,0,0,0,0,0,0,6
5834,6,0,0,0,0,0,0,0,0,0,6
5835,12,0,3,0,0,0,0,0,0,0,15
5836,10,0,3,0,0,0,0,0,0,0,13
5837,5,0,0,0,0,0,0,0,0,0,5
5838,5,0,0,0,0,0,0,0,0,0,5
5839,6,0,1,0,0,0,0,0,0,0,7
5840,6,0,1,0,0,0,0,0,0,0,7
5841,5,0,0,0,0,0,0,0,0,0,5
5842,6,0,0,0,0,0,0,0,0,0,6
5843,25,0,4,0,0,0,0,0,0,0,29
5844,41,0,5,0,0,0,0,0,0,0,46
5845,36,0,2,0,0,0,0,0,0,0,38
5846,12,0,0,0,0,0,0,0,0,0,12
5847,32,0,3,0,0,0,0,0,0,0,35
5848,30,0,4,0,0,0,0,0,0,0,34
5849,32,0,3,0,0,0,0,0,0,0,35
5850,25,0,3,0,0,0,0,0,0,0,28
5851,14,0,0,0,0,0,0,0,0,0,14
5852,15,0,1,0,0,0,0,0,0,0,16
5853,11,0,1,0,0,0,0,0,0,0,12
5854,9,0,3,0,0,0,0,0,0,0,12
5855,13,0,4,0,0,0,0,0,0,0,17
5856,10,0,5,0,0,0,0,0,0,0,15
5857,13,0,0,0,0,0,0,0,0,0,13
5858,15,0,4,0,0,0,0,0,0,0,19
5859,12,0,5,0,0,0,0,0,0,0,17
5860,14,0,3,0,0,0,0,0,0,0,17
5861,15,0,1,0,0,0,0,0,0,0,16
5862,15,0,1,0,0,0,0,0,0,0,16
5863,11,0,1,0,0,0,0,0,0,0,12
5864,11,0,1,0,0,0,0,0,0,0,12
5865,8,0,0,0,0,0,0,0,0,0,8
5866,9,0,3,0,0,0,0,0,0,0,12
5867,6,0,0,0,0,0,0,0,0,0,6
5868,4,0,0,0,0,0,0,0,0,0,4
5869,6,0,1,0,0,0,0,0,0,0,7
5870,8,0,1,0,0,0,0,0,0,0,9
5871,5,0,0,0,0,0,0,0,0,0,5
5872,5,0,0,0,0,0,0,0,0,0,5
5873,5,0,3,0,0,0,0,0,0,0,8
5874,3,0,5,0,0,0,0,0,0,0,8
5875,5,0,5,0,0,0,0,0,0,0,10
5876,7,0,5,0,0,0,0,0,0,0,12
5877,9,0,5,0,0,0,0,0,0,0,14
5878,10,0,5,0,0,0,0,0,0,0,15
5879,11,0,3,0,0,0,0,0,0,0,14
5880,9,0,5,0,0,0,0,0,0,0,14
5881,16,0,5,0,0,0,0,0,0,0,21
5882,14,0,4,0,0,0,0,0,0,0,18
5883,7,0,1,0,0,0,0,0,0,0,8
5884,11,0,0,0,0,0,0,0,0,0,11
5885,11,0,0,0,0,0,0,0,0,0,11
5886,14,0,0,0,0,0,0,0,0,0,14
5887,14,0,0,0,0,0,0,0,0,0,14
5888,10,0,0,0,0,0,0,0,0,0,10
5889,10,0,0,0,0,0,0,0,0,0,10
5890,9,0,0,0,0,0,0,0,0,0,9
5891,8,0,0,0,0,0,0,0,0,0,8
5892,5,0,0,0,0,0,0,0,0,0,5
5893,4,0,5,0,0,0,0,0,3,0,9
5894,9,1,9,0,0,0,0,0,4,0,19
5895,6,0,5,0,0,0,0,0,0,0,11
5896,7,0,6,0,0,0,0,0,1,0,13
5897,17,0,8,0,0,0,0,0,1,0,25
5898,5,0,0,0,0,0,0,0,0,0,5
5899,18,0,9,0,0,0,0,0,2,0,27
5900,0,0,5,0,0,0,0,0,0,0,5
5901,0,0,5,0,0,0,0,0,0,0,5
5902,1,0,5,0,0,0,0,0,0,0,6
5903,0,0,5,0,0,0,0,0,0,0,5
5904,1,0,5,0,0,0,0,0,0,0,6
5905,0,0,5,0,0,0,0,0,0,0,5
5906,0,0,5,0,0,0,0,0,0,0,5
5907,7,0,5,0,0,0,0,0,0,0,12
5908,0,0,5,0,0,0,0,0,0,0,5
5909,0,0,5,0,0,0,0,0,0,0,5
5910,0,0,5,0,0,0,0,0,0,0,5
5911,22,0,2,0,0,0,0,0,0,0,24
5912,31,0,5,0,0,0,0,0,0,0,36
5913,15,0,3,0,0,0,0,0,0,0,18
5914,5,0,2,0,0,0,0,0,0,0,7
5915,5,0,5,0,0,0,0,0,0,0,10
5916,5,0,5,0,0,0,0,0,0,0,10
5917,2,0,9,0,0,0,0,0,0,0,11
5918,10,0,0,0,0,0,0,0,0,0,10
5919,10,0,4,0,0,0,0,0,0,0,14
5920,10,1,4,0,0,0,0,0,0,0,15
5921,10,2,4,0,0,0,0,0,0,0,16
5922,10,3,1,0,0,0,0,0,0,0,14
5923,10,3,0,0,0,0,0,0,0,0,13
5924,14,0,0,0,0,0,0,0,0,0,14
5925,19,0,0,0,0,0,0,0,0,0,19
5926,16,0,4,0,0,0,0,0,0,0,20
5927,23,0,1,0,0,0,0,0,0,0,24
5928,25,0,0,0,0,0,0,0,0,0,25
5929,24,0,1,0,0,0,0,0,0,0,25
5930,18,0,5,0,0,0,0,0,0,0,23
5931,15,0,0,0,0,0,0,0,0,0,15
5932,15,0,0,0,0,0,0,0,0,0,15
5933,11,0,0,0,0,0,0,0,0,0,11
5934,11,0,0,0,0,0,0,0,0,0,11
5935,11,0,0,0,0,0,0,0,0,0,11
5936,10,0,0,0,0,0,0,0,0,0,10
5937,10,0,0,0,0,0,0,0,0,0,10
5938,12,0,0,0,0,0,0,0,0,0,12
5939,15,0,0,0,0,0,0,0,0,0,15
5940,15,0,0,0,0,0,0,0,0,0,15
5941,15,0,0,0,0,0,0,0,0,0,15
5942,12,0,1,0,0,0,0,0,0,0,13
5943,10,0,0,0,0,0,0,0,0,0,10
5944,10,0,0,0,0,0,0,0,0,0,10
5945,2,0,5,0,0,0,0,0,0,0,7
5946,8,0,1,0,0,0,0,0,0,0,9
5947,9,0,0,0,0,0,0,0,0,0,9
5948,4,0,4,0,0,0,0,0,0,0,8
5949,0,0,7,0,0,0,0,0,0,0,7
5950,1,0,5,0,0,0,0,0,0,0,6
5951,3,0,6,0,0,0,0,0,0,0,9
5952,5,0,7,0,0,0,0,0,0,0,12
5953,6,0,1,0,0,0,0,0,0,0,7
5954,7,0,1,0,0,0,0,0,0,0,8
5955,6,0,0,0,0,0,0,0,0,0,6
5956,5,0,0,0,0,0,0,0,0,0,5
5957,5,0,1,0,0,0,0,0,0,0,6
5958,5,0,0,0,0,0,0,0,0,0,5
5959,5,0,0,0,0,0,0,0,0,0,5
5960,4,0,2,0,0,0,0,0,0,0,6
5961,5,0,0,0,0,0,0,0,0,0,5
5962,5,0,0,0,0,0,0,0,0,0,5
5963,5,0,0,0,0,0,0,0,0,0,5
5964,5,0,2,0,0,0,0,0,0,0,7
5965,0,0,5,0,0,0,0,0,0,0,5
5966,0,0,5,0,0,0,0,0,0,0,5
5967,6,0,2,0,0,0,0,0,0,0,8
5968,8,0,0,0,0,0,0,0,0,0,8
5969,0,0,5,0,0,0,0,0,0,0,5
5970,2,0,3,0,0,0,0,0,0,0,5
5971,5,0,0,0,0,0,0,0,0,0,5
5972,4,0,2,0,0,0,0,0,0,0,6
5973,5,0,5,0,0,0,0,0,0,0,10
5974,0,0,5,0,0,0,0,0,0,0,5
5975,2,0,3,0,0,0,0,0,0,0,5
5976,0,0,5,0,0,0,0,0,0,0,5
5977,2,0,4,0,0,0,0,0,0,0,6
5978,5,0,5,0,0,0,0,0,0,0,10
5979,5,0,5,0,0,0,0,0,0,0,10
5980,6,0,2,0,0,0,0,0,0,0,8
5981,0,0,5,0,0,0,0,0,0,0,5
5982,5,0,5,0,0,0,0,0,0,0,10
5983,5,0,5,0,0,0,0,0,0,0,10
5984,5,0,3,0,0,0,0,0,0,0,8
5985,5,0,0,0,0,0,0,0,0,0,5
5986,8,0,0,0,0,0,0,0,0,0,8
5987,7,0,3,0,0,0,0,0,0,0,10
5988,7,0,1,0,0,0,0,0,0,0,8
5989,10,0,1,0,0,0,0,0,0,0,11
5990,13,0,1,0,0,0,0,0,0,0,14
5991,15,0,0,0,0,0,0,0,0,0,15
5992,17,0,0,0,0,0,0,0,0,0,17
5993,9,0,0,0,0,0,0,0,0,0,9
5994,10,0,0,0,0,0,0,0,0,0,10
5995,10,0,0,0,0,0,0,0,0,0,10
5996,12,0,0,0,0,0,0,0,0,0,12
5997,10,0,4,0,0,0,0,0,0,0,14
5998,8,0,8,0,0,0,0,0,0,0,16
5999,8,0,4,0,0,0,0,0,0,0,12
6000,9,8,3,0,0,0,0,0,0,0,20
6001,9,0,2,0,0,0,0,0,1,0,11
6002,4,0,6,0,0,0,0,0,0,0,10
6003,7,0,3,0,0,0,0,0,0,0,10
6004,5,0,1,0,0,0,0,0,0,0,6
6005,5,0,5,0,0,0,0,0,0,0,10
6006,4,0,5,0,0,0,0,0,0,0,9
6007,4,0,0,0,0,0,0,0,0,0,4
6009,1,0,0,0,0,0,0,0,0,0,1
6010,7,0,0,0,0,0,0,0,0,0,7
6011,11,0,1,0,0,0,0,0,0,0,12
6012,0,4,1,0,0,0,0,0,0,0,5
6013,0,4,3,0,0,0,0,0,0,0,7
6014,0,4,6,0,0,0,0,0,0,0,10
6015,1,5,5,0,0,0,0,0,0,0,11
6016,3,3,5,0,0,0,0,0,0,0,11
6017,4,0,5,0,0,0,0,0,0,0,9
6018,12,0,4,0,0,0,0,0,0,0,16
6019,18,0,0,0,0,0,0,0,0,0,18
6020,10,0,0,0,0,0,0,0,0,0,10
6021,10,0,2,0,0,0,0,0,0,0,12
6022,4,0,3,0,0,0,0,0,0,0,7
6023,6,0,1,0,0,0,0,0,0,0,7
6024,8,0,4,0,0,0,0,0,0,0,12
6025,7,0,1,0,0,0,0,0,0,0,8
6026,7,0,3,0,0,0,0,0,0,0,10
6027,4,0,3,0,0,0,0,0,0,0,7
6028,6,0,0,0,0,0,0,0,0,0,6
6029,5,0,0,0,0,0,0,0,0,0,5
6030,6,0,0,0,0,0,0,0,0,0,6
6031,5,0,0,0,0,0,0,0,0,0,5
6032,12,0,0,0,0,0,0,0,0,0,12
6033,12,0,0,0,0,0,0,0,0,0,12
6034,6,0,0,0,0,0,0,0,0,0,6
6035,10,0,0,0,0,0,0,0,0,0,10
6036,8,0,0,0,0,0,0,0,0,0,8
6037,5,0,2,0,0,0,0,0,0,0,7
6038,5,0,3,0,0,0,0,0,0,0,8
6039,2,0,5,0,0,0,0,0,0,0,7
6040,0,0,5,0,0,0,0,0,0,0,5
6041,2,0,3,0,0,0,0,0,0,0,5
6042,2,0,5,0,0,0,0,0,0,0,7
6043,0,0,5,0,0,0,0,0,0,0,5
6044,5,0,3,0,0,0,0,0,0,0,8
6045,10,0,2,0,0,0,0,0,0,0,12
6046,9,0,0,0,0,0,0,0,0,0,9
6047,5,0,0,0,0,0,0,0,0,0,5
6048,6,0,0,0,0,0,0,0,0,0,6
6049,5,0,0,0,0,0,0,0,0,0,5
6050,5,0,0,0,0,0,0,0,0,0,5
6051,5,0,0,0,0,0,0,0,0,0,5
6052,7,0,0,0,0,0,0,0,0,0,7
6053,6,0,1,0,0,0,0,0,0,0,7
6054,4,0,1,0,0,0,0,0,0,0,5
6055,5,0,0,0,0,0,0,0,0,0,5
6056,4,0,1,0,0,0,0,0,0,0,5
6057,5,0,0,0,0,0,0,0,0,0,5
6058,5,0,0,0,0,0,0,0,0,0,5
6059,5,0,0,0,0,0,0,0,0,0,5
6060,5,0,0,0,0,0,0,0,0,0,5
6061,6,0,0,0,0,0,0,0,0,0,6
6062,10,0,0,0,0,0,0,0,0,0,10
6063,10,0,0,0,0,0,0,0,0,0,10
6064,10,0,0,0,0,0,0,0,0,0,10
6065,5,0,0,0,0,0,0,0,0,0,5
6066,6,0,0,0,0,0,0,0,0,0,6
6067,10,0,0,0,0,0,0,0,0,0,10
6068,10,0,5,0,0,0,0,0,0,0,15
6069,10,0,5,0,0,0,0,0,0,0,15
6070,9,0,5,0,0,0,0,0,0,0,14
6071,10,1,4,0,0,0,0,0,0,0,15
6072,11,0,4,0,0,0,0,0,0,0,15
6073,10,0,0,0,0,0,0,0,0,0,10
6074,11,0,0,0,0,0,0,0,0,0,11
6075,10,0,0,0,0,0,0,0,0,0,10
6076,10,0,0,0,0,0,0,0,0,0,10
6077,10,0,5,0,0,0,0,0,0,0,15
6078,10,0,5,0,0,0,0,0,0,0,15
6079,10,0,5,0,0,0,0,0,0,0,15
6080,13,0,6,0,0,0,0,0,0,0,19
6081,17,0,14,0,0,0,0,0,0,0,31
6082,15,0,10,0,0,0,0,0,0,0,25
6083,17,0,10,0,0,0,0,0,0,0,27
6084,20,0,9,0,0,0,0,0,0,0,29
6085,23,0,0,0,0,0,0,0,0,0,23
6086,24,0,0,0,0,0,0,0,0,0,24
6087,19,0,0,0,0,0,0,0,0,0,19
6088,18,0,0,0,0,0,0,0,0,0,18
6089,29,0,0,0,0,0,0,0,1,0,29
6090,29,0,0,0,0,0,0,0,0,0,29
6091,24,0,1,0,0,0,0,0,0,0,25
6092,23,0,1,0,0,0,0,0,0,0,24
6093,23,0,0,0,0,0,0,0,0,0,23
6094,24,0,1,0,0,0,0,0,0,0,25
6095,25,0,0,0,0,0,0,0,0,0,25
6096,25,0,0,0,0,0,0,0,0,0,25
6097,25,0,2,0,0,0,0,0,0,0,27
6098,25,0,1,0,0,0,0,0,0,0,26
6099,14,0,6,0,0,0,0,0,0,0,20
6100,15,0,6,0,0,0,0,0,0,0,21
6101,18,0,4,0,0,0,0,0,0,0,22
6102,11,0,5,0,0,0,0,0,0,0,16
6103,16,0,1,0,0,0,0,0,0,0,17
6104,15,0,0,0,0,0,0,0,0,0,15
6105,15,0,0,0,0,0,0,0,0,0,15
6106,10,0,4,0,0,0,0,0,0,0,14
6107,7,0,3,0,0,0,0,0,0,0,10
6108,6,0,4,0,0,0,0,0,0,0,10
6109,10,0,1,0,0,0,0,0,0,0,11
6110,9,0,1,0,0,0,0,0,0,0,10
6111,10,0,0,0,0,0,0,0,0,0,10
6112,10,0,0,0,0,0,0,0,0,0,10
6113,9,0,2,0,0,0,0,0,0,0,11
6114,10,0,1,0,0,0,0,0,0,0,11
6115,9,0,1,0,0,0,0,0,0,0,10
6116,10,0,0,0,0,0,0,0,0,0,10
6117,8,0,3,0,0,0,0,0,0,0,11
6118,10,0,0,0,0,0,0,0,0,0,10
6119,10,0,0,0,0,0,0,0,0,0,10
6120,15,0,0,0,0,0,0,0,0,0,15
6121,19,0,0,0,0,0,0,0,0,0,19
6122,17,0,0,0,0,0,0,0,0,0,17
6123,20,0,0,0,0,0,0,0,1,0,20
6124,17,0,0,0,0,0,0,0,0,0,17
6125,15,0,0,0,0,0,0,0,0,0,15
6126,15,0,1,0,0,0,0,0,0,0,16
6127,15,0,1,0,0,0,0,0,0,0,16
6128,10,0,1,0,0,0,0,0,0,0,11
6129,11,0,0,0,0,0,0,0,0,0,11
6130,10,0,5,0,0,0,0,0,0,0,15
6131,7,0,5,0,0,0,0,0,0,0,12
6132,4,0,6,0,0,0,0,0,0,0,10
6133,4,0,4,0,0,0,0,0,0,0,8
6134,4,0,3,0,0,0,0,0,0,0,7
6135,5,0,5,0,0,0,0,0,0,0,10
6136,6,0,1,0,0,0,0,0,0,0,7
6137,5,0,0,0,0,0,0,0,0,0,5
6138,5,0,0,0,0,0,0,0,0,0,5
6139,5,0,1,0,0,0,0,0,0,0,6
6140,4,0,3,0,0,0,0,0,0,0,7
6141,1,0,3,0,0,0,0,0,0,0,4
6142,2,0,0,0,0,0,0,0,0,0,2
6143,0,0,0,0,0,0,0,0,0,0,0
6144,0,0,0,0,0,0,0,0,0,0,0
6145,1,0,0,0,0,0,0,0,0,0,1
6146,0,0,0,0,0,0,0,0,0,0,0
6147,0,0,0,0,0,0,0,0,0,0,0
6148,3,0,0,0,0,0,0,0,0,0,3
6149,6,0,0,0,0,0,0,0,0,0,6
6150,4,0,0,0,0,0,0,0,0,0,4
6151,3,0,5,0,0,0,0,0,0,0,8
6152,0,0,5,0,0,0,0,0,0,0,5
6153,0,0,1,0,0,0,0,0,0,0,1
6154,1,0,0,0,0,0,0,0,0,0,1
6155,9,0,3,0,0,0,0,0,1,0,12
6156,6,0,3,0,0,0,0,0,0,0,9
6157,3,0,1,0,0,0,0,0,0,0,4
6158,3,0,0,0,0,0,0,0,0,0,3
6159,12,0,0,0,0,0,0,0,0,0,12
6160,0,0,0,0,0,0,0,0,0,0,0
6161,3,0,1,0,0,0,0,0,0,0,4
6162,2,0,4,0,0,0,0,0,0,0,6
6163,1,0,0,0,0,0,0,0,0,0,1
6164,0,0,0,0,0,0,0,0,0,0,0
6165,0,0,0,0,0,0,0,0,0,0,0
6166,0,0,0,0,0,0,0,0,0,0,0
6167,3,0,1,0,0,0,0,0,0,0,4
6168,4,0,3,0,0,0,0,0,0,0,7
6169,1,0,6,0,0,0,0,0,0,0,7
6170,5,0,0,0,0,0,0,0,0,0,5
6171,5,0,0,0,0,0,0,0,0,0,5
6172,8,0,0,0,0,0,0,0,0,0,8
6173,14,0,0,0,0,0,0,0,0,0,14
6174,15,0,0,0,0,0,0,0,0,0,15
6175,15,0,0,0,0,0,0,0,0,0,15
6176,16,0,1,0,0,0,0,0,0,0,17
6177,20,0,0,0,0,0,0,0,0,0,20
6178,26,0,0,0,0,0,0,0,0,0,26
6179,25,0,1,0,0,0,0,0,0,0,26
6180,26,0,0,0,0,0,0,0,0,0,26
6181,22,0,1,0,0,0,0,0,0,0,23
6182,20,0,4,0,0,0,0,0,0,0,24
6183,23,0,1,0,0,0,0,0,0,0,24
6184,14,0,1,0,0,0,0,0,0,0,15
6185,9,0,4,0,0,0,0,0,0,0,13
6186,5,0,5,0,0,0,0,0,0,0,10
6187,5,0,5,0,0,0,0,0,0,0,10
6188,9,0,3,0,0,0,0,0,0,0,12
6189,5,0,5,0,0,0,0,0,0,0,10
6190,11,0,3,0,0,0,0,0,0,0,14
6191,9,0,6,0,0,0,0,0,2,0,15
6192,12,0,3,0,0,0,0,0,1,0,15
6193,10,0,3,0,0,0,0,0,1,0,13
6194,12,0,1,0,0,0,0,0,0,0,13
6195,10,0,7,0,0,0,0,0,0,0,17
6196,5,0,14,0,0,0,0,0,0,0,19
6197,7,0,10,0,0,0,0,0,0,0,17
6198,5,0,10,0,0,0,0,0,0,0,15
6199,5,0,7,0,0,0,0,0,0,0,12
6200,5,0,5,0,0,0,0,0,0,0,10
6201,5,0,5,0,0,0,0,0,0,0,10
6202,5,0,6,0,0,0,0,0,0,0,11
6203,5,0,5,0,0,0,0,0,0,0,10
6204,6,0,4,0,0,0,0,0,0,0,10
6205,6,0,5,0,0,0,0,0,0,0,11
6206,7,0,1,0,0,0,0,0,0,0,8
6207,4,0,6,0,0,0,0,0,0,0,10
6208,5,0,5,0,0,0,0,0,0,0,10
6209,5,0,5,0,0,0,0,0,0,0,10
6210,4,0,6,0,0,0,0,0,0,0,10
6211,3,0,7,0,0,0,0,0,0,0,10
6212,5,0,6,0,0,0,0,0,0,0,11
6213,2,0,8,0,0,0,0,0,0,0,10
6214,9,0,1,0,0,0,0,0,0,0,10
6215,7,0,4,0,0,0,0,0,0,0,11
6216,13,0,2,0,0,0,0,0,0,0,15
6217,6,0,2,0,0,0,0,0,0,0,8
6218,6,0,5,0,0,0,0,0,0,0,11
6219,6,0,3,0,0,0,0,0,0,0,9
6220,6,0,0,0,0,0,0,0,0,0,6
6221,5,0,0,0,0,0,0,0,0,0,5
6222,5,0,0,0,0,0,0,0,0,0,5
6223,5,0,0,0,0,0,0,0,0,0,5
6224,5,0,0,0,0,0,0,0,0,0,5
6225,5,0,0,0,0,0,0,0,0,0,5
6226,5,0,0,0,0,0,0,0,0,0,5
6227,5,0,0,0,0,0,0,0,0,0,5
6228,5,0,0,0,0,0,0,0,0,0,5
6229,5,0,3,0,0,0,0,0,0,0,8
6230,5,0,4,0,0,0,0,0,0,0,9
6231,5,2,5,0,0,0,0,0,0,0,12
6232,5,0,5,0,0,0,0,0,0,0,10
6233,5,2,2,0,0,0,0,0,0,0,9
6234,5,1,2,0,0,0,0,0,0,0,8
6235,4,0,1,0,0,0,0,0,0,0,5
6236,5,0,0,0,0,0,0,0,0,0,5
6237,5,0,0,0,0,0,0,0,0,0,5
6238,2,0,4,0,0,0,0,0,0,0,6
6239,0,0,5,0,0,0,0,0,0,0,5
6240,4,0,0,0,0,0,0,0,0,0,4
6241,10,0,1,0,0,0,0,0,0,0,11
6242,6,0,2,0,0,0,0,0,0,0,8
6243,2,0,3,0,0,0,0,0,0,0,5
6244,4,0,4,0,0,0,0,0,0,0,8
6245,4,0,5,0,0,0,0,0,0,0,9
6246,5,0,6,0,0,0,0,0,0,0,11
6247,6,0,8,0,0,0,0,0,0,0,14
6248,6,0,4,0,0,0,0,0,0,0,10
6249,9,0,6,0,0,0,0,0,0,0,15
6250,5,0,6,0,0,0,0,0,0,0,11
6251,6,0,8,0,0,0,0,0,0,0,14
6252,1,0,6,0,0,0,0,0,0,0,7
6253,10,0,5,0,0,0,0,0,0,0,15
6254,6,0,6,0,0,0,0,0,0,0,12
6255,0,0,5,0,0,0,0,0,0,0,5
6256,0,0,5,0,0,0,0,0,0,0,5
6257,1,0,5,0,0,0,0,0,0,0,6
6258,1,0,5,0,0,0,0,0,0,0,6
6259,5,0,7,0,0,0,0,0,0,0,12
6260,5,0,0,0,0,0,0,0,0,0,5
6261,1,0,0,0,0,0,0,0,0,0,1
6262,7,0,0,0,0,0,0,0,0,0,7
6263,9,0,1,0,0,0,0,0,0,0,10
6264,20,0,0,0,0,0,0,0,0,0,20
6265,15,0,3,0,0,0,0,0,0,0,18
6266,13,0,7,0,0,0,0,0,0,0,20
6267,10,0,5,0,0,0,0,0,0,0,15
6268,10,0,6,0,0,0,0,0,0,0,16
6269,8,0,5,0,0,0,0,0,0,0,13
6270,7,0,3,0,0,0,0,0,0,0,10
6271,11,0,1,0,0,0,0,0,0,0,12
6272,10,0,4,0,0,0,0,0,0,0,14
6273,10,0,1,0,0,0,0,0,0,0,11
6274,5,0,2,0,0,0,0,0,0,0,7
6275,5,0,0,0,0,0,0,0,0,0,5
6276,5,0,0,0,0,0,0,0,0,0,5
6277,8,0,2,0,0,0,0,0,0,0,10
6278,10,0,2,0,0,0,0,0,0,0,12
6279,10,0,1,0,0,0,0,0,0,0,11
6280,10,0,0,0,0,0,0,0,0,0,10
6281,6,0,0,0,0,0,0,0,0,0,6
6282,5,0,0,0,0,0,0,0,0,0,5
6283,5,0,0,0,0,0,0,0,0,0,5
6284,6,0,0,0,0,0,0,0,0,0,6
6285,6,0,0,0,0,0,0,0,0,0,6
6286,6,0,0,0,0,0,0,0,0,0,6
6287,5,0,0,0,0,0,0,0,0,0,5
6288,5,0,0,0,0,0,0,0,0,0,5
6289,5,0,0,0,0,0,0,0,0,0,5
6290,5,0,0,0,0,0,0,0,0,0,5
6291,5,0,0,0,0,0,0,0,0,0,5
6292,6,0,0,0,0,0,0,0,0,0,6
6293,6,0,1,0,0,0,0,0,0,0,7
6294,6,0,5,0,0,0,0,0,0,0,11
6295,7,0,4,0,0,0,0,0,0,0,11
6296,8,0,5,0,0,0,0,0,0,0,13
6297,7,0,1,0,0,0,0,0,0,0,8
6298,5,0,0,0,0,0,0,0,0,0,5
6299,9,0,0,0,0,0,0,0,0,0,9
6300,5,0,1,0,0,0,0,0,0,0,6
6301,6,0,5,0,0,0,0,0,0,0,11
6302,5,0,5,0,0,0,0,0,0,0,10
6303,5,0,5,0,0,0,0,0,0,0,10
6304,7,0,5,0,0,0,0,0,0,0,12
6305,6,0,8,0,0,0,0,0,0,0,14
6306,11,0,8,0,0,0,0,0,0,0,19
6307,11,0,5,0,0,0,0,0,0,0,16
6308,12,0,5,0,0,0,0,0,0,0,17
6309,12,0,1,0,0,0,0,0,0,0,13
6310,15,0,0,0,0,0,0,0,0,0,15
6311,15,0,0,0,0,0,0,0,0,0,15
6312,13,0,0,0,0,0,0,0,0,0,13
6313,10,0,0,0,0,0,0,0,0,0,10
6314,10,0,0,0,0,0,0,0,0,0,10
6315,10,0,0,0,0,0,0,0,0,0,10
6316,10,0,0,0,0,0,0,0,0,0,10
6317,10,0,0,0,0,0,0,0,0,0,10
6318,10,0,0,0,0,0,0,0,0,0,10
6319,10,0,0,0,0,0,0,0,0,0,10
6320,10,0,0,0,0,0,0,0,0,0,10
6321,10,0,0,0,0,0,0,0,0,0,10
6322,10,0,0,0,0,0,0,0,0,0,10
6323,10,0,0,0,0,0,0,0,0,0,10
6324,10,0,0,0,0,0,0,0,0,0,10
6325,10,0,0,0,0,0,0,0,0,0,10
6326,13,0,0,0,0,0,0,0,0,0,13
6327,18,0,0,0,0,0,0,0,0,0,18
6328,15,0,0,0,0,0,0,0,0,0,15
6329,19,0,0,0,0,0,0,0,0,0,19
6330,22,0,0,0,0,0,0,0,0,0,22
6331,21,0,0,0,0,0,0,0,0,0,21
6332,20,0,2,0,0,0,0,0,0,0,22
6333,20,0,5,0,0,0,0,0,0,0,25
6334,20,0,5,0,0,0,0,0,0,0,25
6335,20,0,5,0,0,0,0,0,0,0,25
6336,20,0,2,0,0,0,0,0,0,0,22
6337,20,0,0,0,0,0,0,0,0,0,20
6338,20,0,5,0,0,0,0,0,0,0,25
6339,20,0,5,0,0,0,0,0,0,0,25
6340,20,0,5,0,0,0,0,0,0,0,25
6341,20,0,4,0,0,0,0,0,0,0,24
6342,20,0,0,0,0,0,0,0,0,0,20
6343,15,0,0,0,0,0,0,0,0,0,15
6344,19,0,0,0,0,0,0,0,0,0,19
6345,20,0,0,0,0,0,0,0,0,0,20
6346,16,0,0,0,0,0,0,0,0,0,16
6347,15,0,0,0,0,0,0,0,0,0,15
6348,15,0,0,0,0,0,0,0,0,0,15
6349,15,0,0,0,0,0,0,0,0,0,15
6350,15,0,0,0,0,0,0,0,0,0,15
6351,15,0,0,0,0,0,0,0,0,0,15
6352,16,0,0,0,0,0,0,0,0,0,16
6353,24,0,0,0,0,0,0,0,0,0,24
6354,25,0,0,0,0,0,0,0,0,0,25
6355,25,0,2,0,0,0,0,0,0,0,27
6356,26,0,4,0,0,0,0,0,0,0,30
6357,24,0,5,0,0,0,0,0,0,0,29
6358,24,0,5,0,0,0,0,0,0,0,29
6359,20,0,9,0,0,0,0,0,0,0,29
6360,17,0,9,0,0,0,0,0,0,0,26
6361,22,0,7,0,0,0,0,0,0,0,29
6362,25,0,4,0,0,0,0,0,0,0,29
6363,25,0,4,0,0,0,0,0,0,0,29
6364,24,0,3,0,0,0,0,0,0,0,27
6365,24,0,3,0,0,0,0,0,0,0,27
6366,20,0,5,0,0,0,0,0,0,0,25
6367,21,0,5,0,0,0,0,0,0,0,26
6368,21,0,5,0,0,0,0,0,0,0,26
6369,15,0,5,0,0,0,0,0,0,0,20
6370,15,0,5,0,0,0,0,0,0,0,20
6371,16,0,5,0,0,0,0,0,0,0,21
6372,25,0,5,0,0,0,0,0,0,0,30
6373,22,0,4,0,0,0,0,0,0,0,26
6374,20,0,4,0,0,0,0,0,0,0,24
6375,24,0,4,0,0,0,0,0,0,0,28
6376,25,0,5,0,0,0,0,0,0,0,30
6377,25,0,5,0,0,0,0,0,0,0,30
6378,25,0,5,0,0,0,0,0,0,0,30
6379,25,0,5,0,0,0,0,0,0,0,30
6380,26,0,5,0,0,0,0,0,0,0,31
6381,24,0,6,0,0,0,0,0,0,0,30
6382,25,0,5,0,0,0,0,0,0,0,30
6383,25,0,5,0,0,0,0,0,0,0,30
6384,23,0,7,0,0,0,0,0,0,0,30
6385,26,0,4,0,0,0,0,0,0,0,30
6386,25,0,5,0,0,0,0,0,0,0,30
6387,25,0,5,0,0,0,0,0,0,0,30
6388,23,0,5,0,0,0,0,0,0,0,28
6389,25,0,5,0,0,0,0,0,0,0,30
6390,26,0,4,0,0,0,0,0,0,0,30
6391,30,0,3,0,0,0,0,0,0,0,33
6392,27,0,4,0,0,0,0,0,0,0,31
6393,29,0,3,0,0,0,0,0,0,0,32
6394,22,0,5,0,0,0,0,0,0,0,27
6395,22,0,4,0,0,0,0,0,0,0,26
6396,22,0,3,0,0,0,0,0,0,0,25
6397,22,0,5,0,0,0,0,0,0,0,27
6398,18,0,4,0,0,0,0,0,0,0,22
6399,16,0,5,0,0,0,0,0,0,0,21
6400,22,0,5,0,0,0,0,0,0,0,27
6401,22,0,5,0,0,0,0,0,0,0,27
6402,20,0,5,0,0,0,0,0,0,0,25
6403,20,0,5,0,0,0,0,0,0,0,25
6404,22,0,2,0,0,0,0,0,0,0,24
6405,23,0,1,0,0,0,0,0,0,0,24
6406,24,0,1,0,0,0,0,0,0,0,25
6407,20,0,1,0,0,0,0,0,0,0,21
6408,21,0,0,0,0,0,0,0,0,0,21
6409,19,0,1,0,0,0,0,0,0,0,20
6410,19,0,1,0,0,0,0,0,0,0,20
6411,20,0,0,0,0,0,0,0,0,0,20
6412,20,0,0,0,0,0,0,0,0,0,20
6413,19,0,1,0,0,0,0,0,0,0,20
6414,20,0,0,0,0,0,0,0,0,0,20
6415,20,0,0,0,0,0,0,0,0,0,20
6416,19,0,2,0,0,0,0,0,0,0,21
6417,17,0,3,0,0,0,0,0,0,0,20
6418,21,0,4,0,0,0,0,0,0,0,25
6419,24,0,0,0,0,0,0,0,0,0,24
6420,25,0,0,0,0,0,0,0,0,0,25
6421,24,0,2,0,0,0,0,0,0,0,26
6422,22,0,3,0,0,0,0,0,0,0,25
6423,27,0,0,0,0,0,0,0,0,0,27
6424,27,0,0,0,0,0,0,0,0,0,27
6425,23,0,1,0,0,0,0,0,0,0,24
6426,13,0,0,0,0,0,0,0,0,0,13
6427,13,0,2,0,0,0,0,0,0,0,15
6428,17,0,1,0,0,0,0,0,0,0,18
6429,18,0,3,0,0,0,0,0,0,0,21
6430,21,0,5,0,0,0,0,0,0,0,26
6431,25,0,1,0,0,0,0,0,0,0,26
6432,26,0,1,0,0,0,0,0,0,0,27
6433,20,0,2,0,0,0,0,0,0,0,22
6434,20,0,0,0,0,0,0,0,0,0,20
6435,15,0,3,0,0,0,0,0,0,0,18
6436,12,0,3,0,0,0,0,0,0,0,15
6437,10,0,4,0,0,0,0,0,0,0,14
6438,10,0,3,0,0,0,0,0,0,0,13
6439,6,0,1,0,0,0,0,0,0,0,7
6440,9,0,2,0,0,0,0,0,0,0,11
6441,6,0,2,0,0,0,0,0,0,0,8
6442,12,0,0,0,0,0,0,0,0,0,12
6443,13,0,2,0,0,0,0,0,0,0,15
6444,12,0,1,0,0,0,0,0,0,0,13
6445,13,0,2,0,0,0,0,0,0,0,15
6446,8,0,2,0,0,0,0,0,0,0,10
6447,12,0,0,0,0,0,0,0,0,0,12
6448,11,0,2,0,0,0,0,0,0,0,13
6449,9,0,1,0,0,0,0,0,0,0,10
6450,5,0,2,0,0,0,0,0,0,0,7
6451,5,0,5,0,0,0,0,0,0,0,10
6452,7,0,1,0,0,0,0,0,0,0,8
6453,10,0,1,0,0,0,0,0,0,0,11
6454,8,0,1,0,0,0,0,0,0,0,9
6455,13,0,0,0,0,0,0,0,0,0,13
6456,12,0,0,0,0,0,0,0,0,0,12
6457,15,0,0,0,0,0,0,0,0,0,15
6458,11,0,0,0,0,0,0,0,0,0,11
6459,10,0,0,0,0,0,0,0,0,0,10
6460,7,0,1,0,0,0,0,0,0,0,8
6461,5,0,2,0,0,0,0,0,0,0,7
6462,5,0,0,0,0,0,0,0,0,0,5
6463,6,0,1,0,0,0,0,0,0,0,7
6464,5,0,0,0,0,0,0,0,0,0,5
6465,6,0,0,0,0,0,0,0,0,0,6
6466,6,0,0,0,0,0,0,0,0,0,6
6467,6,0,0,0,0,0,0,0,0,0,6
6468,6,0,0,0,0,0,0,0,0,0,6
6469,3,0,2,0,0,0,1,0,0,0,6
6470,4,0,2,0,0,0,0,0,0,0,6
6471,5,0,4,0,0,0,0,0,0,0,9
6472,6,0,5,0,0,0,0,0,0,0,11
6473,3,0,5,0,0,0,0,0,0,0,8
6474,1,0,5,0,0,0,0,0,0,0,6
6475,1,0,5,0,0,0,0,0,0,0,6
6476,6,0,4,0,0,0,0,0,0,0,10
6477,18,0,2,0,0,0,0,0,0,0,20
6478,16,0,2,0,0,0,0,0,0,0,18
6479,5,0,0,0,0,0,0,0,0,0,5
6480,5,0,0,0,0,0,0,0,0,0,5
6481,5,0,0,0,0,0,0,0,0,0,5
6482,5,0,0,0,0,0,0,0,0,0,5
6483,6,0,0,0,0,0,0,0,0,0,6
6484,10,0,0,0,0,0,0,0,0,0,10
6485,10,0,0,0,0,0,0,0,0,0,10
6486,14,0,0,0,0,0,0,0,0,0,14
6487,15,0,0,0,0,0,0,0,0,0,15
6488,15,0,0,0,0,0,0,0,0,0,15
6489,18,0,0,0,0,0,0,0,0,0,18
6490,20,0,0,0,0,0,0,0,0,0,20
6491,21,0,1,0,0,0,0,0,0,0,22
6492,25,0,4,0,0,0,0,0,0,0,29
6493,23,0,5,0,0,0,0,0,0,0,28
6494,22,0,5,0,0,0,0,0,0,0,27
6495,25,0,4,0,0,0,0,0,0,0,29
6496,25,1,3,0,0,0,0,0,0,0,29
6497,23,0,0,0,0,0,0,0,0,0,23
6498,22,0,0,0,0,0,0,0,0,0,22
6499,25,0,0,0,0,0,0,0,0,0,25
6500,25,0,0,0,0,0,0,0,0,0,25
6501,20,0,0,0,0,0,0,0,0,0,20
6502,20,0,0,0,0,0,0,0,0,0,20
6503,20,0,1,0,0,0,0,0,0,0,21
6504,20,0,0,0,0,0,0,0,0,0,20
6505,20,0,0,0,0,0,0,0,0,0,20
6506,20,0,0,0,0,0,0,0,0,0,20
6507,23,0,0,0,0,0,0,0,0,0,23
6508,24,0,1,0,0,0,0,0,0,0,25
6509,25,0,0,0,0,0,0,0,0,0,25
6510,23,0,0,0,0,0,0,0,0,0,23
6511,22,0,0,0,0,0,0,0,0,0,22
6512,20,0,0,0,0,0,0,0,0,0,20
6513,16,0,1,0,0,0,0,0,0,0,17
6514,19,0,0,0,0,0,0,0,0,0,19
6515,21,0,0,0,0,0,0,0,0,0,21
6516,24,0,1,0,0,0,0,0,0,0,25
6517,19,0,6,0,0,0,0,0,0,0,25
6518,17,0,6,0,0,0,0,0,0,0,23
6519,16,0,5,0,0,0,0,0,0,0,21
6520,15,0,6,0,0,0,0,0,0,0,21
6521,14,0,2,0,0,0,0,0,0,0,16
6522,15,0,2,0,0,0,0,0,0,0,17
6523,19,0,1,0,0,0,0,0,0,0,20
6524,17,0,0,0,0,0,0,0,0,0,17
6525,24,0,0,0,0,0,0,0,0,0,24
6526,23,0,1,0,0,0,0,0,0,0,24
6527,20,0,1,0,0,0,0,0,0,0,21
6528,20,0,0,0,0,0,0,0,0,0,20
6529,15,0,1,0,0,0,0,0,0,0,16
6530,16,0,1,0,0,0,0,0,0,0,17
6531,20,0,2,0,0,0,0,0,0,0,22
6532,20,0,0,0,0,0,0,0,0,0,20
6533,17,0,0,0,0,0,0,0,0,0,17
6534,15,0,0,0,0,0,0,0,0,0,15
6535,19,0,0,0,0,0,0,0,0,0,19
6536,23,0,0,0,0,0,0,0,0,0,23
6537,21,0,1,0,0,0,0,0,0,0,22
6538,23,0,0,0,0,0,0,0,0,0,23
6539,27,0,0,0,0,0,0,0,0,0,27
6540,26,0,0,0,0,0,0,0,0,0,26
6541,27,0,0,0,0,0,0,0,0,0,27
6542,25,0,0,0,0,0,0,0,0,0,25
6543,28,0,4,0,0,0,0,0,0,0,32
6544,29,0,5,0,0,0,0,0,0,0,34
6545,28,0,5,0,0,0,0,0,0,0,33
6546,28,0,5,0,0,0,0,0,0,0,33
6547,29,0,1,0,0,0,0,0,0,0,30
6548,29,0,0,0,0,0,0,0,0,0,29
6549,29,0,0,0,0,0,0,0,0,0,29
6550,25,0,0,0,0,0,0,0,0,0,25
6551,27,0,0,0,0,0,0,0,0,0,27
6552,30,0,0,0,0,0,0,0,0,0,30
6553,32,0,0,0,0,0,0,0,0,0,32
6554,30,0,0,0,0,0,0,0,0,0,30
6555,30,0,0,0,0,0,0,0,0,0,30
6556,30,0,0,0,0,0,0,0,0,0,30
6557,30,0,0,0,0,0,0,0,0,0,30
6558,28,0,0,0,0,0,0,0,0,0,28
6559,29,0,1,0,0,0,0,0,0,0,30
6560,30,0,0,0,0,0,0,0,0,0,30
6561,29,0,0,0,0,0,0,0,0,0,29
6562,25,0,0,0,0,0,0,0,0,0,25
6563,25,0,0,0,0,0,0,0,0,0,25
6564,21,0,4,0,0,0,0,0,0,0,25
6565,23,0,3,0,0,0,0,0,0,0,26
6566,17,0,5,0,0,0,0,0,0,0,22
6567,19,0,1,0,0,0,0,0,0,0,20
6568,18,0,6,0,0,0,0,0,0,0,24
6569,17,0,9,0,0,0,0,0,0,0,26
6570,22,1,10,0,0,0,0,0,0,0,33
6571,20,2,6,0,0,0,0,0,0,0,28
6572,22,2,3,0,0,0,0,0,0,0,27
6573,27,0,0,0,0,0,0,0,0,0,27
6574,25,0,0,0,0,0,0,0,0,0,25
6575,28,0,0,0,0,0,0,0,0,0,28
6576,25,0,0,0,0,0,0,0,0,0,25
6577,28,0,0,0,0,0,0,0,0,0,28
6578,32,0,0,0,0,0,0,0,0,0,32
6579,30,0,0,0,0,0,0,0,0,0,30
6580,30,0,1,0,0,0,0,0,0,0,31
6581,36,0,0,0,0,0,0,0,0,0,36
6582,37,0,0,0,0,0,0,0,0,0,37
6583,39,0,0,0,0,0,0,0,0,0,39
6584,31,0,2,0,0,0,0,0,0,0,33
6585,32,0,1,0,0,0,0,0,0,0,33
6586,30,0,0,0,0,0,0,0,0,0,30
6587,30,0,0,0,0,0,0,0,0,0,30
6588,30,0,0,0,0,0,0,0,0,0,30
6589,30,0,0,0,0,0,0,0,0,0,30
6590,30,0,1,0,0,0,0,0,0,0,31
6591,30,0,0,0,0,0,0,0,0,0,30
6592,30,0,0,0,0,0,0,0,0,0,30
6593,30,0,1,0,0,0,0,0,0,0,31
6594,30,0,0,0,0,0,0,0,0,0,30
6595,30,0,0,0,0,0,0,0,0,0,30
6596,26,0,3,0,0,0,0,0,0,0,29
6597,22,0,0,0,0,0,0,0,0,0,22
6598,20,0,0,0,0,0,0,0,0,0,20
6599,20,0,0,0,0,0,0,0,0,0,20
6600,21,0,0,0,0,0,0,0,0,0,21
6601,22,0,0,0,0,0,0,0,0,0,22
6602,21,0,0,0,0,0,0,0,0,0,21
6603,21,0,0,0,0,0,0,0,0,0,21
6604,21,0,0,0,0,0,0,0,0,0,21
6605,20,0,0,0,0,0,0,0,0,0,20
6606,22,0,0,0,0,0,0,0,0,0,22
6607,20,0,1,0,0,0,0,0,0,0,21
6608,21,0,0,0,0,0,0,0,0,0,21
6609,21,0,0,0,0,0,0,0,0,0,21
6610,20,0,0,0,0,0,0,0,0,0,20
6611,24,0,0,0,0,0,0,0,0,0,24
6612,26,0,0,0,0,0,0,0,0,0,26
6613,24,0,3,0,0,0,0,0,0,0,27
6614,25,0,0,0,0,0,0,0,0,0,25
6615,19,0,4,0,0,0,0,0,0,0,23
6616,19,0,5,0,0,0,0,0,0,0,24
6617,15,0,5,0,0,0,0,0,0,0,20
6618,15,0,5,0,0,0,0,0,0,0,20
6619,15,0,8,0,0,0,0,0,0,0,23
6620,15,0,10,0,0,0,0,0,0,0,25
6621,17,0,8,0,0,0,0,0,0,0,25
6622,15,0,9,0,0,0,0,0,0,0,24
6623,15,1,5,0,0,0,0,0,0,0,21
6624,17,0,5,0,0,0,0,0,0,0,22
6625,19,1,0,0,0,0,0,0,0,0,20
6626,20,0,0,0,0,0,0,0,0,0,20
6627,17,1,0,0,0,0,0,0,0,0,18
6628,19,0,0,0,0,0,0,0,0,0,19
6629,20,0,0,0,0,0,0,0,0,0,20
6630,21,0,0,0,0,0,0,0,0,0,21
6631,25,0,0,0,0,0,0,0,0,0,25
6632,24,0,0,0,0,0,0,0,0,0,24
6633,25,0,0,0,0,0,0,0,0,0,25
6634,28,0,0,0,0,0,0,0,0,0,28
6635,28,0,0,0,0,0,0,0,0,0,28
6636,25,0,0,0,0,0,0,0,0,0,25
6637,20,0,0,0,0,0,0,0,0,0,20
6638,18,0,2,0,0,0,0,0,0,0,20
6639,20,0,0,0,0,0,0,0,0,0,20
6640,20,0,0,0,0,0,0,0,0,0,20
6641,13,0,7,0,0,0,0,0,0,0,20
6642,11,0,6,0,0,0,0,0,0,0,17
6643,7,0,9,0,0,0,0,0,0,0,16
6644,6,0,6,0,0,0,0,0,0,0,12
6645,7,0,5,0,0,0,0,0,0,0,12
6646,9,0,5,0,0,0,0,0,0,0,14
6647,9,0,7,0,0,0,0,0,0,0,16
6648,12,0,3,0,0,0,0,0,0,0,15
6649,8,0,5,0,0,0,0,0,0,0,13
6650,10,0,2,0,0,0,0,0,0,0,12
6651,14,0,0,0,0,0,0,0,0,0,14
6652,15,0,3,0,0,0,0,0,0,0,18
6653,17,0,2,0,0,0,0,0,0,0,19
6654,23,0,0,0,0,0,0,0,0,0,23
6655,17,0,0,0,0,0,0,0,0,0,17
6656,18,0,0,0,0,0,0,0,0,0,18
6657,21,0,0,0,0,0,0,0,0,0,21
6658,18,0,0,0,0,0,0,0,0,0,18
6659,18,0,2,0,0,0,0,0,0,0,20
6660,20,0,0,0,0,0,0,0,0,0,20
6661,20,0,1,0,0,0,0,0,0,0,21
6662,18,0,0,0,0,0,0,0,0,0,18
6663,16,0,0,0,0,0,0,0,0,0,16
6664,12,0,0,0,0,0,0,0,0,0,12
6665,12,0,0,0,0,0,0,0,0,0,12
6666,5,0,0,0,0,0,0,0,0,0,5
6667,10,0,2,0,0,0,0,0,0,0,12
6668,12,0,4,0,0,0,0,0,0,0,16
6669,9,0,5,0,0,0,0,0,0,0,14
6670,9,0,5,0,0,0,0,0,0,0,14
6671,7,0,5,0,0,0,0,0,0,0,12
6672,6,0,2,0,0,0,0,0,0,0,8
6673,5,0,5,0,0,0,0,0,0,0,10
6674,6,0,8,0,0,0,0,0,0,0,14
6675,5,0,10,0,0,0,0,0,0,0,15
6676,6,0,10,0,0,0,0,0,0,0,16
6677,11,1,7,0,0,0,0,0,0,0,19
6678,15,0,4,0,0,0,0,0,0,0,19
6679,14,0,3,0,0,0,0,0,0,0,17
6680,11,0,5,0,0,0,0,0,0,0,16
6681,13,0,5,0,0,0,0,0,0,0,18
6682,11,0,8,0,0,0,0,0,0,0,19
6683,1,0,12,0,0,0,0,0,0,0,13
6684,5,0,9,0,0,0,0,0,0,0,14
6685,5,0,11,0,0,0,0,0,0,0,16
6686,5,0,10,0,0,0,0,0,0,0,15
6687,5,0,9,0,0,0,0,0,0,0,14
6688,8,0,12,0,0,0,0,0,0,0,20
6689,10,0,10,0,0,0,0,0,0,0,20
6690,10,0,10,0,0,0,0,0,0,0,20
6691,10,0,11,0,0,0,0,0,0,0,21
6692,9,3,8,0,0,0,0,0,0,0,20
6693,8,1,8,0,0,0,0,0,0,0,17
6694,12,0,8,0,0,0,0,0,0,0,20
6695,14,0,6,0,0,0,0,0,0,0,20
6696,15,0,5,0,0,0,0,0,0,0,20
6697,17,0,5,0,0,0,0,0,0,0,22
6698,20,0,5,0,0,0,0,0,0,0,25
6699,20,0,8,0,0,0,0,0,0,0,28
6700,19,0,5,0,0,0,0,0,0,0,24
6701,18,0,8,0,0,0,0,0,0,0,26
6702,18,0,10,0,0,0,0,0,0,0,28
6703,17,0,10,0,0,0,0,0,0,0,27
6704,20,0,5,0,0,0,0,0,0,0,25
6705,20,0,5,0,0,0,0,0,0,0,25
6706,20,0,5,0,0,0,0,0,0,0,25
6707,21,0,4,0,0,0,0,0,0,0,25
6708,20,0,5,0,0,0,0,0,0,0,25
6709,21,0,5,0,0,0,0,0,0,0,26
6710,20,0,5,0,0,0,0,0,0,0,25
6711,21,0,0,0,0,0,0,0,0,0,21
6712,20,0,1,0,0,0,0,0,0,0,21
6713,20,0,0,0,0,0,0,0,0,0,20
6714,20,0,0,0,0,0,0,0,0,0,20
6715,20,0,0,0,0,0,0,0,0,0,20
6716,20,0,0,0,0,0,0,0,0,0,20
6717,22,0,0,0,0,0,0,0,0,0,22
6718,19,0,3,0,0,0,0,0,0,0,22
6719,15,0,5,0,0,0,0,0,0,0,20
6720,15,0,5,0,0,0,0,0,0,0,20
6721,19,0,5,0,0,0,0,0,0,0,24
6722,20,0,0,0,0,0,0,0,0,0,20
6723,20,0,0,0,0,0,0,0,0,0,20
6724,21,0,0,0,0,0,0,0,0,0,21
6725,21,0,0,0,0,0,0,0,0,0,21
6726,22,0,1,0,0,0,0,0,0,0,23
6727,21,0,0,0,0,0,0,0,0,0,21
6728,22,0,0,0,0,0,0,0,0,0,22
6729,20,0,1,0,0,0,0,0,0,0,21
6730,16,0,3,0,0,0,0,0,0,0,19
6731,20,0,0,0,0,0,0,0,0,0,20
6732,24,0,0,0,0,0,0,0,0,0,24
6733,22,0,0,0,0,0,0,0,0,0,22
6734,21,0,0,0,0,0,0,0,0,0,21
6735,20,0,2,0,0,0,0,0,0,0,22
6736,22,0,2,0,0,0,0,0,0,0,24
6737,25,0,1,0,0,0,0,0,0,0,26
6738,26,0,0,0,0,0,0,0,0,0,26
6739,27,0,0,0,0,0,0,0,0,0,27
6740,25,0,0,0,0,0,0,0,0,0,25
6741,26,0,0,0,0,0,0,0,0,0,26
6742,30,0,0,0,0,0,0,0,0,0,30
6743,24,0,0,0,0,0,0,0,0,0,24
6744,20,0,0,0,0,0,0,0,0,0,20
6745,23,0,0,0,0,0,0,0,0,0,23
6746,25,0,0,0,0,0,0,0,0,0,25
6747,25,0,0,0,0,0,0,0,0,0,25
6748,26,0,0,0,0,0,0,0,0,0,26
6749,26,0,0,0,0,0,0,0,0,0,26
6750,27,0,0,0,0,0,0,0,0,0,27
6751,31,0,0,0,0,0,0,0,0,0,31
6752,30,0,3,0,0,0,0,0,0,0,33
6753,27,0,2,0,0,0,0,0,0,0,29
6754,30,0,0,0,0,0,0,0,0,0,30
6755,30,0,0,0,0,0,0,0,0,0,30
6756,28,0,2,0,0,0,0,0,0,0,30
6757,25,0,1,0,0,0,0,0,0,0,26
6758,25,0,1,0,0,0,0,0,0,0,26
6759,26,0,1,0,0,0,0,0,0,0,27
6760,25,0,0,0,0,0,0,0,0,0,25
6761,21,0,0,0,0,0,0,0,0,0,21
6762,20,0,0,0,0,0,0,0,0,0,20
6763,20,0,0,0,0,0,0,0,4,0,20
6764,20,0,0,0,0,0,0,0,5,0,20
6765,22,0,0,0,0,0,0,0,5,0,22
6766,25,0,0,0,0,0,0,0,5,0,25
6767,23,0,0,0,0,0,0,0,5,0,23
6768,23,0,1,0,0,0,0,0,5,0,24
6769,25,0,0,0,0,0,0,0,5,0,25
6770,25,0,0,0,0,0,0,0,5,0,25
6771,21,0,0,0,0,0,0,0,5,0,21
6772,20,0,0,0,0,0,0,0,5,0,20
6773,20,0,2,0,0,0,0,0,5,0,22
6774,20,0,5,0,0,0,0,0,5,0,25
6775,20,0,5,0,0,0,0,0,5,0,25
6776,20,0,5,0,0,0,0,0,5,0,25
6777,20,0,4,0,0,0,0,0,5,0,24
6778,20,0,0,0,0,0,0,0,5,0,20
6779,20,0,0,0,0,0,0,0,5,0,20
6780,20,0,0,0,0,0,0,0,5,0,20
6781,20,0,0,0,0,0,0,0,5,0,20
6782,20,0,0,0,0,0,0,0,5,0,20
6783,20,0,0,0,0,0,0,0,5,0,20
6784,20,0,0,0,0,0,0,0,5,0,20
6785,22,0,2,0,0,0,0,0,5,0,24
6786,25,0,1,0,0,0,0,0,5,0,26
6787,25,0,0,0,0,0,0,0,5,0,25
6788,25,0,0,0,0,0,0,0,5,0,25
6789,25,0,0,0,0,0,0,0,5,0,25
6790,25,0,0,0,0,0,0,0,5,0,25
6791,25,0,0,0,0,0,0,0,5,0,25
6792,27,0,0,0,0,0,0,0,5,0,27
6793,29,0,0,0,0,0,0,0,5,0,29
6794,26,0,3,0,0,0,0,0,5,0,29
6795,28,0,2,0,0,0,0,0,5,0,30
6796,26,0,2,0,0,0,0,0,5,0,28
6797,28,0,0,0,0,0,0,0,5,0,28
6798,28,0,0,0,0,0,0,0,5,0,28
6799,24,0,3,0,0,0,0,0,5,0,27
6800,30,0,1,0,0,0,0,0,5,0,31
6801,35,0,0,0,0,0,0,0,7,0,35
6802,37,0,0,0,0,0,0,0,2,0,37
6803,32,0,2,0,0,0,0,0,0,0,34
6804,27,0,0,0,0,0,0,0,0,0,27
6805,27,0,0,0,0,0,0,0,0,0,27
6806,22,0,3,0,0,0,0,0,0,0,25
6807,23,0,0,0,0,0,0,0,0,0,23
6808,26,0,5,0,0,0,0,0,0,0,31
6809,28,0,5,0,0,0,0,0,0,0,33
6810,30,0,5,0,0,0,0,0,0,0,35
6811,32,0,6,0,0,0,0,0,0,0,38
6812,32,0,1,0,0,0,0,0,0,0,33
6813,29,0,5,0,0,0,0,0,0,0,34
6814,31,0,5,0,0,0,0,0,1,0,36
6815,30,0,3,0,0,0,0,0,4,0,33
6816,34,0,2,0,0,0,0,0,5,0,36
6817,33,0,0,0,0,0,0,0,5,0,33
6818,22,0,2,0,0,0,0,0,5,0,24
6819,34,0,0,0,0,0,0,0,5,0,34
6820,25,0,1,0,0,0,0,0,5,0,26
6821,18,0,5,0,0,0,0,0,3,0,23
6822,13,0,3,0,0,0,0,0,0,0,16
6823,10,0,4,0,0,0,0,0,2,0,14
6824,10,0,0,0,0,0,0,0,5,0,10
6825,10,0,0,0,0,0,0,0,5,0,10
6826,14,0,1,0,0,0,0,0,1,0,15
6827,13,0,2,0,0,0,0,0,5,0,15
6828,14,0,3,0,0,0,0,0,5,0,17
6829,18,0,1,0,0,0,0,0,4,0,19
6830,17,0,1,0,0,0,0,0,4,0,18
6831,15,0,0,0,0,0,0,0,3,0,15
6832,15,0,0,0,0,0,0,0,3,0,15
6833,15,0,0,0,0,0,0,0,4,0,15
6834,15,0,0,0,0,0,0,0,5,0,15
6835,15,0,0,0,0,0,0,0,4,0,15
6836,20,0,0,0,0,0,0,0,5,0,20
6837,20,0,0,0,0,0,0,0,5,0,20
6838,20,0,0,0,0,0,0,0,5,0,20
6839,20,0,0,0,0,0,0,0,5,0,20
6840,20,0,0,0,0,0,0,0,5,0,20
6841,23,0,0,0,0,0,0,0,4,0,23
6842,25,0,0,0,0,0,0,0,5,0,25
6843,25,0,0,0,0,0,0,0,4,0,25
6844,25,0,0,0,0,0,0,0,3,0,25
6845,27,0,0,0,0,0,0,0,0,0,27
6846,30,0,0,0,0,0,0,0,0,0,30
6847,30,0,0,0,0,0,0,0,0,0,30
6848,30,0,0,0,0,0,0,0,0,0,30
6849,30,0,0,0,0,0,0,0,0,0,30
6850,31,0,0,0,0,0,0,0,0,0,31
6851,23,0,3,0,0,0,0,0,0,0,26
6852,20,0,4,0,0,0,0,0,0,0,24
6853,16,0,5,0,0,0,0,0,0,0,21
6854,15,0,5,0,0,0,0,0,0,0,20
6855,15,0,5,0,0,0,0,0,0,0,20
6856,15,0,5,0,0,0,0,0,0,0,20
6857,15,0,5,0,0,0,0,0,0,0,20
6858,15,0,5,0,0,0,0,0,0,0,20
6859,14,0,6,0,0,0,0,0,0,0,20
6860,14,0,5,0,0,0,0,0,0,0,19
6861,15,0,5,0,0,0,0,0,0,0,20
6862,15,0,5,0,0,0,0,0,0,0,20
6863,11,0,5,0,0,0,0,0,0,0,16
6864,10,0,5,0,0,0,0,0,0,0,15
6865,10,0,5,0,0,0,0,0,0,0,15
6866,10,0,5,0,0,0,0,0,0,0,15
6867,10,0,5,0,0,0,0,0,0,0,15
6868,10,0,5,0,0,0,0,0,0,0,15
6869,10,0,5,0,0,0,0,0,0,0,15
6870,12,0,5,0,0,0,0,0,0,0,17
6871,15,0,5,0,0,0,0,0,0,0,20
6872,15,0,5,0,0,0,0,0,0,0,20
6873,15,0,5,0,0,0,0,0,0,0,20
6874,19,0,5,0,0,0,0,0,0,0,24
6875,20,0,5,0,0,0,0,0,0,0,25
6876,20,0,5,0,0,0,0,0,0,0,25
6877,20,0,5,0,0,0,0,0,0,0,25
6878,22,0,5,0,0,0,0,0,0,0,27
6879,21,0,5,0,0,0,0,0,0,0,26
6880,20,0,6,0,0,0,0,0,0,0,26
6881,20,0,6,0,0,0,0,0,0,0,26
6882,18,0,6,0,0,0,0,0,0,0,24
6883,23,0,5,0,0,0,0,0,0,0,28
6884,24,0,2,0,0,0,0,0,0,0,26
6885,24,0,0,0,0,0,0,0,0,0,24
6886,13,0,7,0,0,0,0,0,0,0,20
6887,17,0,2,0,0,0,0,0,0,0,19
6888,21,0,1,0,0,0,0,0,0,0,22
6889,20,0,0,0,0,0,0,0,0,0,20
6890,14,0,6,0,0,0,0,0,0,0,20
6891,14,0,4,0,0,0,0,0,0,0,18
6892,14,0,2,0,0,0,0,0,0,0,16
6893,15,0,4,0,0,0,0,0,0,0,19
6894,14,0,3,0,0,0,0,0,0,0,17
6895,17,0,3,0,0,0,0,0,0,0,20
6896,22,0,1,0,0,0,0,0,0,0,23
6897,17,0,0,0,0,0,0,0,0,0,17
6898,15,0,2,0,0,0,0,0,0,0,17
6899,17,0,1,0,0,0,0,0,0,0,18
6900,18,0,1,0,0,0,0,0,0,0,19
6901,17,0,1,0,0,0,0,0,0,0,18
6902,14,0,4,0,0,0,0,0,0,0,18
6903,15,0,2,0,0,0,0,0,0,0,17
6904,15,0,3,0,0,0,0,0,0,0,18
6905,15,0,0,0,0,0,0,0,0,0,15
6906,13,0,2,0,0,0,0,0,0,0,15
6907,10,0,4,0,0,0,0,0,0,0,14
6908,9,0,6,0,0,0,0,0,0,0,15
6909,12,0,5,0,0,0,0,0,0,0,17
6910,10,0,4,0,0,0,0,0,0,0,14
6911,11,0,0,0,0,0,0,0,0,0,11
6912,6,0,0,0,0,0,0,0,0,0,6
6913,8,0,0,0,0,0,0,0,0,0,8
6914,7,0,0,0,0,0,0,0,0,0,7
6915,10,0,0,0,0,0,0,0,0,0,10
6916,14,0,0,0,0,0,0,0,0,0,14
6917,10,0,0,0,0,0,0,0,0,0,10
6918,7,0,3,0,0,0,0,0,0,0,10
6919,7,0,6,0,0,0,0,0,0,0,13
6920,10,0,5,0,0,0,0,0,0,0,15
6921,10,0,5,0,0,0,0,0,0,0,15
6922,5,0,0,0,0,0,0,0,0,0,5
6923,6,0,0,0,0,0,0,0,0,0,6
6924,6,0,0,0,0,0,0,0,0,0,6
6925,10,0,0,0,0,0,0,0,0,0,10
6926,8,0,0,0,0,0,0,0,0,0,8
6927,9,0,0,0,0,0,0,0,0,0,9
6928,6,0,0,0,0,0,0,0,0,0,6
6929,5,0,0,0,0,0,0,0,0,0,5
6930,7,0,1,0,0,0,0,0,0,0,8
6931,6,0,4,0,0,0,0,0,0,0,10
6932,5,0,7,0,0,0,0,0,0,0,12
6933,5,0,5,0,0,0,0,0,0,0,10
6934,10,0,3,0,0,0,0,0,0,0,13
6935,10,0,0,0,0,0,0,0,0,0,10
6936,5,0,0,0,0,0,0,0,0,0,5
6937,6,0,0,0,0,0,0,0,0,0,6
6938,6,0,0,0,0,0,0,0,0,0,6
6939,5,0,0,0,0,0,0,0,0,0,5
6940,1,0,5,0,0,0,0,0,0,0,6
6941,1,0,5,0,0,0,0,0,0,0,6
6942,3,0,5,0,0,0,0,0,0,0,8
6943,2,0,5,0,0,0,0,0,0,0,7
6944,7,0,1,0,0,0,0,0,0,0,8
6945,6,0,0,0,0,0,0,0,0,0,6
6946,7,0,3,0,0,0,0,0,0,0,10
6947,5,0,5,0,0,0,0,0,0,0,10
6948,7,0,5,0,0,0,0,0,0,0,12
6949,9,0,5,0,0,0,0,0,0,0,14
6950,11,0,2,0,0,0,0,0,0,0,13
6951,10,0,1,0,0,0,0,0,0,0,11
6952,11,0,0,0,0,0,0,0,0,0,11
6953,14,0,0,0,0,0,0,0,0,0,14
6954,16,0,0,0,0,0,0,0,0,0,16
6955,15,0,0,0,0,0,0,0,0,0,15
6956,14,0,1,0,0,0,0,0,0,0,15
6957,15,0,0,0,0,0,0,0,0,0,15
6958,15,0,0,0,0,0,0,0,0,0,15
6959,15,0,0,0,0,0,0,0,0,0,15
6960,17,0,0,0,0,0,0,0,0,0,17
6961,15,0,0,0,0,0,0,0,0,0,15
6962,15,0,0,0,0,0,0,0,0,0,15
6963,20,0,5,0,0,0,0,0,0,0,25
6964,20,0,5,0,0,0,0,0,0,0,25
6965,24,0,5,0,0,0,0,0,0,0,29
6966,25,2,1,0,0,0,0,0,0,0,28
6967,25,0,0,0,0,0,0,0,0,0,25
6968,25,0,0,0,0,0,0,0,0,0,25
6969,25,0,0,0,0,0,0,0,0,0,25
6970,25,0,0,0,0,0,0,0,0,0,25
6971,25,0,0,0,0,0,0,0,0,0,25
6972,25,0,0,0,0,0,0,0,0,0,25
6973,26,0,0,0,0,0,0,0,0,0,26
6974,30,0,0,0,0,0,0,0,0,0,30
6975,30,0,0,0,0,0,0,0,0,0,30
6976,31,0,3,0,0,0,0,0,0,0,34
6977,31,0,4,0,0,0,0,0,1,0,35
6978,30,0,5,0,0,0,0,0,0,0,35
6979,31,0,4,0,0,0,0,0,0,0,35
6980,30,0,5,0,0,0,0,0,0,0,35
6981,32,0,5,0,0,0,0,0,0,0,37
6982,30,0,7,0,0,0,0,0,0,0,37
6983,30,0,4,0,0,0,0,0,0,0,34
6984,30,0,0,0,0,0,0,0,0,0,30
6985,26,0,4,0,0,0,0,0,0,0,30
6986,27,0,1,0,0,0,0,0,0,0,28
6987,28,0,0,0,0,0,0,0,0,0,28
6988,26,0,0,0,0,0,0,0,0,0,26
6989,25,0,0,0,0,0,0,0,0,0,25
6990,26,0,0,0,0,0,0,0,0,0,26
6991,23,0,1,0,0,0,0,0,0,0,24
6992,20,0,2,0,0,0,0,0,0,0,22
6993,20,0,0,0,0,0,0,0,0,0,20
6994,20,0,1,0,0,0,0,0,0,0,21
6995,20,0,0,0,0,0,0,0,0,0,20
6996,21,0,0,0,0,0,0,0,0,0,21
6997,21,0,0,0,0,0,0,0,0,0,21
6998,21,0,0,0,0,0,0,0,0,0,21
6999,23,0,0,0,0,0,0,0,0,0,23
7000,25,0,0,0,0,0,0,0,0,0,25
7001,21,0,3,0,0,0,0,0,0,0,24
7002,25,0,0,0,0,0,0,0,0,0,25
7003,22,0,2,0,0,0,0,0,0,0,24
7004,20,0,4,0,0,0,0,0,0,0,24
7005,19,0,1,0,0,0,0,0,0,0,20
7006,16,0,3,0,0,0,0,0,0,0,19
7007,15,0,2,0,0,0,0,0,0,0,17
7008,15,0,1,0,0,0,0,0,0,0,16
7009,19,0,0,0,0,0,0,0,0,0,19
7010,20,0,0,0,0,0,0,0,0,0,20
7011,18,0,4,0,0,0,0,0,0,0,22
7012,15,0,8,0,0,0,0,0,0,0,23
7013,15,0,8,0,0,0,0,0,0,0,23
7014,19,0,5,0,0,0,0,0,0,0,24
7015,25,0,5,0,0,0,0,0,0,0,30
7016,25,0,5,0,0,0,0,0,0,0,30
7017,23,0,7,0,0,0,0,0,0,0,30
7018,23,0,7,0,0,0,0,0,0,0,30
7019,20,0,9,0,0,0,0,0,0,0,29
7020,19,0,6,0,0,0,0,0,0,0,25
7021,20,0,5,0,0,0,0,0,0,0,25
7022,22,0,6,0,0,0,0,0,0,0,28
7023,23,0,5,0,0,0,0,0,0,0,28
7024,21,0,5,0,0,0,0,0,0,0,26
7025,20,0,5,0,0,0,0,0,0,0,25
7026,21,0,7,0,0,0,0,0,0,0,28
7027,20,0,8,0,0,0,0,0,0,0,28
7028,21,0,7,0,0,0,0,0,0,0,28
7029,26,0,8,0,0,0,0,0,0,0,34
7030,22,0,8,0,0,0,0,0,0,0,30
7031,18,0,10,0,0,0,0,0,0,0,28
7032,20,0,8,0,0,0,0,0,0,0,28
7033,19,0,6,0,0,0,0,0,0,0,25
7034,20,0,5,0,0,0,0,0,0,0,25
7035,21,0,5,0,0,0,0,0,0,0,26
7036,16,0,6,0,0,0,0,0,0,0,22
7037,16,0,5,0,0,0,0,0,0,0,21
7038,14,0,8,0,0,0,0,0,0,0,22
7039,15,0,6,0,0,0,0,0,0,0,21
7040,19,0,4,0,0,0,0,0,0,0,23
7041,18,0,7,0,0,0,0,0,0,0,25
7042,15,0,5,0,0,0,0,0,0,0,20
7043,16,0,5,0,0,0,0,0,0,0,21
7044,20,0,5,0,0,0,0,0,0,0,25
7045,18,0,7,0,0,0,0,0,0,0,25
7046,17,0,8,0,0,0,0,0,0,0,25
7047,21,0,5,0,0,0,0,0,0,0,26
7048,15,0,6,0,0,0,0,0,0,0,21
7049,13,0,9,0,0,0,0,0,0,0,22
7050,9,0,9,0,0,0,0,0,0,0,18
7051,21,0,6,0,0,0,0,0,0,0,27
7052,28,0,6,0,0,0,0,0,0,0,34
7053,39,0,4,0,0,0,0,0,0,0,43
7054,38,0,7,0,0,0,0,0,0,0,45
7055,31,0,10,0,0,0,0,0,0,0,41
7056,33,0,8,0,0,0,0,0,0,0,41
7057,34,0,6,0,0,0,0,0,0,0,40
7058,26,0,8,0,0,0,0,0,0,0,34
7059,29,0,9,0,0,0,0,0,0,0,38
7060,29,0,11,0,0,0,0,0,0,0,40
7061,29,0,10,0,0,0,0,0,0,0,39
7062,28,0,12,0,0,0,0,0,0,0,40
7063,29,0,8,0,0,0,0,0,0,0,37
7064,35,0,12,0,0,0,0,0,0,0,47
7065,31,0,13,0,0,0,0,0,0,0,44
7066,29,0,14,0,0,0,0,0,0,0,43
7067,24,0,16,0,0,0,0,0,0,0,40
7068,27,0,11,0,0,0,0,0,0,0,38
7069,28,0,8,0,0,0,0,0,0,0,36
7070,32,0,8,0,0,0,0,0,0,0,40
7071,25,0,5,0,0,0,0,0,0,0,30
7072,30,0,5,0,0,0,0,0,0,0,35
7073,22,0,5,0,0,0,0,0,0,0,27
7074,23,0,5,0,0,0,0,0,0,0,28
7075,22,0,5,0,0,0,0,0,0,0,27
7076,21,0,5,0,0,0,0,0,0,0,26
7077,21,0,8,0,0,0,0,0,0,0,29
7078,24,0,10,0,0,0,0,0,0,0,34
7079,25,0,10,0,0,0,0,0,0,0,35
7080,23,0,10,0,0,0,0,0,0,0,33
7081,20,0,10,0,0,0,0,0,0,0,30
7082,25,0,9,0,0,0,0,0,0,0,34
7083,23,0,6,0,0,0,0,0,0,0,29
7084,22,0,7,0,0,0,0,0,0,0,29
7085,20,0,16,0,0,0,0,0,0,0,36
7086,18,0,11,0,0,0,0,0,0,0,29
7087,15,0,9,0,0,0,0,0,0,0,24
7088,16,0,9,0,0,0,0,0,0,0,25
7089,16,0,6,0,0,0,0,0,0,0,22
7090,16,0,6,0,0,0,0,0,0,0,22
7091,17,0,5,0,0,0,0,0,0,0,22
7092,23,0,4,0,0,0,0,0,0,0,27
7093,23,0,5,0,0,0,0,0,0,0,28
7094,20,0,5,0,0,0,0,0,0,0,25
7095,18,0,3,0,0,0,0,0,0,0,21
7096,17,0,3,0,0,0,0,0,0,0,20
7097,18,0,2,0,0,0,0,0,0,0,20
7098,23,0,1,0,0,0,0,0,0,0,24
7099,22,0,1,0,0,0,0,0,0,0,23
7100,20,0,0,0,0,0,0,0,0,0,20
7101,18,0,2,0,0,0,0,0,0,0,20
7102,20,0,0,0,0,0,0,0,0,0,20
7103,20,0,0,0,0,0,0,0,0,0,20
7104,25,0,0,0,0,0,0,0,0,0,25
7105,25,0,0,0,0,0,0,0,0,0,25
7106,25,0,0,0,0,0,0,0,0,0,25
7107,25,0,0,0,0,0,0,0,0,0,25
7108,24,0,1,0,0,0,0,0,0,0,25
7109,25,0,0,0,0,0,0,0,0,0,25
7110,23,0,3,0,0,0,0,0,0,0,26
7111,24,0,0,0,0,0,0,0,0,0,24
7112,24,0,1,0,0,0,0,0,0,0,25
7113,25,0,0,0,0,0,0,0,0,0,25
7114,24,0,1,0,0,0,0,0,0,0,25
7115,25,0,0,0,0,0,0,0,0,0,25
7116,24,0,1,0,0,0,0,0,0,0,25
7117,21,0,4,0,0,0,0,0,0,0,25
7118,21,0,4,0,0,0,0,0,0,0,25
7119,21,0,4,0,0,0,0,0,0,0,25
7120,24,0,4,0,0,0,0,0,0,0,28
7121,25,0,0,0,0,0,0,0,0,0,25
7122,25,0,0,0,0,0,0,0,0,0,25
7123,25,0,0,0,0,0,0,0,0,0,25
7124,25,0,2,0,0,0,0,0,0,0,27
7125,25,0,0,0,0,0,0,0,0,0,25
7126,23,0,5,0,0,0,0,0,0,0,28
7127,17,0,4,0,0,0,0,0,0,0,21
7128,14,0,6,0,0,0,0,0,0,0,20
7129,18,0,3,0,0,0,0,0,0,0,21
7130,19,0,2,0,0,0,0,0,0,0,21
7131,23,0,1,0,0,0,0,0,0,0,24
7132,24,0,5,0,0,0,0,0,0,0,29
7133,23,0,2,0,0,0,0,0,0,0,25
7134,25,0,0,0,0,0,0,0,0,0,25
7135,25,0,0,0,0,0,0,0,0,0,25
7136,20,0,2,0,0,0,0,0,0,0,22
7137,15,0,0,0,0,0,0,0,0,0,15
7138,15,0,0,0,0,0,0,0,0,0,15
7139,16,0,2,0,0,0,0,0,0,0,18
7140,21,0,5,0,0,0,0,0,0,0,26
7141,20,0,5,0,0,0,0,0,0,0,25
7142,21,0,5,0,0,0,0,0,0,0,26
7143,23,0,1,0,0,0,0,0,0,0,24
7144,21,0,0,0,0,0,0,0,0,0,21
7145,20,0,3,0,0,0,0,0,0,0,23
7146,22,0,0,0,0,0,0,0,0,0,22
7147,23,0,1,0,0,0,0,0,0,0,24
7148,23,0,0,0,0,0,0,0,0,0,23
7149,18,0,4,0,0,0,0,0,0,0,22
7150,17,0,4,0,0,0,0,0,0,0,21
7151,15,0,8,0,0,0,0,0,0,0,23
7152,17,0,2,0,0,0,0,0,0,0,19
7153,17,0,0,0,0,0,0,0,0,0,17
7154,15,0,4,0,0,0,0,0,0,0,19
7155,17,0,1,0,0,0,0,0,0,0,18
7156,17,0,4,0,0,0,0,0,0,0,21
7157,13,0,3,0,0,0,0,0,0,0,16
7158,17,0,0,0,0,0,0,0,0,0,17
7159,15,0,0,0,0,0,0,0,0,0,15
7160,17,0,0,0,0,0,0,0,0,0,17
7161,22,0,0,0,0,0,0,0,0,0,22
7162,21,0,1,0,0,0,0,0,0,0,22
7163,18,0,0,0,0,0,0,0,0,0,18
7164,20,0,0,0,0,0,0,0,0,0,20
7165,17,0,1,0,0,0,0,0,0,0,18
7166,15,0,1,0,0,0,0,0,0,0,16
7167,17,0,0,0,0,0,0,0,0,0,17
7168,17,0,2,0,0,0,0,0,1,0,19
7169,18,0,8,0,0,0,0,0,0,0,26
7170,20,0,9,0,0,0,0,0,0,0,29
7171,19,0,7,0,0,0,0,0,0,0,26
7172,17,0,6,0,0,0,0,0,0,0,23
7173,16,0,5,0,0,0,0,0,1,0,21
7174,16,0,3,0,0,0,0,0,0,0,19
7175,19,0,0,0,0,0,0,0,0,0,19
7176,20,0,0,0,0,0,0,0,0,0,20
7177,21,0,2,0,0,0,0,0,0,0,23
7178,23,0,0,0,0,0,0,0,0,0,23
7179,23,0,0,0,0,0,0,0,0,0,23
7180,24,0,0,0,0,0,0,0,0,0,24
7181,21,0,3,0,0,0,0,0,0,0,24
7182,20,0,2,0,0,0,0,0,0,0,22
7183,19,0,6,0,0,0,0,0,0,0,25
7184,21,0,4,0,0,0,0,0,0,0,25
7185,24,0,1,0,0,0,0,0,0,0,25
7186,24,0,0,0,0,0,0,0,0,0,24
7187,25,0,3,0,0,0,0,0,0,0,28
7188,24,0,3,0,0,0,0,0,0,0,27
7189,27,0,4,0,0,0,0,0,0,0,31
7190,21,0,2,0,0,0,0,0,0,0,23
7191,22,0,0,0,0,0,0,0,0,0,22
7192,23,0,2,0,0,0,0,0,0,0,25
7193,23,0,3,0,0,0,0,0,0,0,26
7194,20,0,2,0,0,0,0,0,0,0,22
7195,19,0,2,0,0,0,0,0,0,0,21
7196,21,0,4,0,0,0,0,0,0,0,25
7197,17,1,3,0,0,0,0,0,0,0,21
7198,15,0,0,0,0,0,0,0,0,0,15
7199,18,1,0,0,0,0,0,0,0,0,19
7200,20,0,0,0,0,0,0,0,0,0,20
7201,23,0,1,0,0,0,0,0,0,0,24
7202,25,0,1,0,0,0,0,0,0,0,26
7203,25,0,1,0,0,0,0,0,0,0,26
7204,25,0,0,0,0,0,0,0,0,0,25
7205,25,0,0,0,0,0,0,0,0,0,25
7206,25,0,0,0,0,0,0,0,0,0,25
7207,25,0,2,0,0,0,0,0,0,0,27
7208,31,0,5,0,0,0,0,0,0,0,36
7209,32,0,5,0,0,0,0,0,0,0,37
7210,30,0,5,0,0,0,0,0,0,0,35
7211,33,0,5,0,0,0,0,0,0,0,38
7212,32,0,0,0,0,0,0,0,0,0,32
7213,31,0,0,0,0,0,0,0,0,0,31
7214,31,0,2,0,0,0,0,0,0,0,33
7215,32,0,0,0,0,0,0,0,0,0,32
7216,31,0,0,0,0,0,0,0,0,0,31
7217,30,0,0,0,0,0,0,0,0,0,30
7218,27,0,0,0,0,0,0,0,0,0,27
7219,28,0,2,0,0,0,0,0,0,0,30
7220,29,0,2,0,0,0,0,0,0,0,31
7221,22,0,3,0,0,0,0,0,0,0,25
7222,25,0,0,0,0,0,0,0,0,0,25
7223,25,0,0,0,0,0,0,0,0,0,25
7224,21,0,0,0,0,0,0,0,0,0,21
7225,20,0,0,0,0,0,0,0,0,0,20
7226,22,0,0,0,0,0,0,0,0,0,22
7227,26,0,1,0,0,0,0,0,0,0,27
7228,25,0,3,0,0,0,0,0,0,0,28
7229,25,0,5,0,0,0,0,0,0,0,30
7230,25,0,1,0,0,0,0,0,0,0,26
7231,29,0,2,0,0,0,0,0,0,0,31
7232,25,0,1,0,0,0,0,0,0,0,26
7233,25,0,0,0,0,0,0,0,0,0,25
7234,25,0,0,0,0,0,0,0,0,0,25
7235,25,0,0,0,0,0,0,0,0,0,25
7236,26,0,0,0,0,0,0,0,0,0,26
7237,22,0,0,0,0,0,0,0,0,0,22
7238,24,0,0,0,0,0,0,0,0,0,24
7239,25,0,1,0,0,0,0,0,0,0,26
7240,24,0,2,0,0,0,0,0,0,0,26
7241,24,0,0,0,0,0,0,0,0,0,24
7242,24,0,2,0,0,0,0,0,0,0,26
7243,24,0,0,0,0,0,0,0,0,0,24
7244,23,0,5,0,0,0,0,0,0,0,28
7245,24,0,5,0,0,0,0,0,0,0,29
7246,33,0,8,0,0,0,0,0,0,0,41
7247,35,0,5,0,0,0,0,0,0,0,40
7248,34,0,9,0,0,0,0,0,0,0,43
7249,35,0,10,0,0,0,0,0,0,0,45
7250,35,1,8,0,0,0,0,0,0,0,44
7251,31,0,5,0,0,0,0,0,0,0,36
7252,30,0,0,0,0,0,0,0,0,0,30
7253,25,0,0,0,0,0,0,0,0,0,25
7254,28,0,0,0,0,0,0,0,0,0,28
7255,30,0,0,0,0,0,0,0,0,0,30
7256,32,0,0,0,0,0,0,0,0,0,32
7257,27,0,0,0,0,0,0,0,0,0,27
7258,25,0,0,0,0,0,0,0,0,0,25
7259,29,0,0,0,0,0,0,0,0,0,29
7260,27,0,0,0,0,0,0,0,0,0,27
7261,27,0,0,0,0,0,0,0,0,0,27
7262,28,0,0,0,0,0,0,0,0,0,28
7263,25,0,0,0,0,0,0,0,0,0,25
7264,25,0,0,0,0,0,0,0,0,0,25
7265,25,0,0,0,0,0,0,0,0,0,25
7266,26,0,0,0,0,0,0,0,0,0,26
7267,25,0,0,0,0,0,0,0,0,0,25
7268,25,0,0,0,0,0,0,0,0,0,25
7269,25,0,0,0,0,0,0,0,0,0,25
7270,25,0,0,0,0,0,0,0,0,0,25
7271,25,0,0,0,0,0,0,0,0,0,25
7272,25,0,0,0,0,0,0,0,0,0,25
7273,25,0,0,0,0,0,0,0,0,0,25
7274,22,0,0,0,0,0,0,0,0,0,22
7275,15,0,0,0,0,0,0,0,0,0,15
7276,15,0,0,0,0,0,0,0,0,0,15
7277,18,0,0,0,0,0,0,0,0,0,18
7278,20,0,0,0,0,0,0,0,0,0,20
7279,20,0,0,0,0,0,0,0,0,0,20
7280,20,0,0,0,0,0,0,0,0,0,20
7281,20,0,0,0,0,0,0,0,0,0,20
7282,20,0,0,0,0,0,0,0,0,0,20
7283,20,0,0,0,0,0,0,0,0,0,20
7284,20,0,0,0,0,0,0,0,0,0,20
7285,22,0,0,0,0,0,0,0,0,0,22
7286,25,0,0,0,0,0,0,0,0,0,25
7287,25,0,0,0,0,0,0,0,0,0,25
7288,25,0,0,0,0,0,0,0,0,0,25
7289,23,0,2,0,0,0,0,0,0,0,25
7290,28,0,1,0,0,0,0,0,0,0,29
7291,26,0,4,0,0,0,0,0,0,0,30
7292,22,0,5,0,0,0,0,0,0,0,27
7293,29,0,1,0,0,0,0,0,0,0,30
7294,30,0,2,0,0,0,0,0,0,0,32
7295,25,0,2,0,0,0,0,0,0,0,27
7296,21,0,4,0,0,0,0,0,0,0,25
7297,21,0,6,0,0,0,0,0,0,0,27
7298,26,0,4,0,0,0,0,0,0,0,30
7299,28,0,1,0,0,0,0,0,0,0,29
7300,28,0,0,0,0,0,0,0,0,0,28
7301,27,0,1,0,0,0,0,0,0,0,28
7302,27,0,1,0,0,0,0,0,0,0,28
7303,33,0,3,0,0,0,0,0,0,0,36
7304,31,0,1,0,0,0,0,0,0,0,32
7305,33,0,0,0,0,0,0,0,0,0,33
7306,38,0,0,0,0,0,0,0,0,0,38
7307,32,0,0,0,0,0,0,0,0,0,32
7308,30,0,1,0,0,0,0,0,0,0,31
7309,32,0,0,0,0,0,0,0,0,0,32
7310,31,0,0,0,0,0,0,0,0,0,31
7311,30,0,1,0,0,0,0,0,0,0,31
7312,23,0,0,0,0,0,0,0,0,0,23
7313,21,0,2,0,0,0,0,0,0,0,23
7314,20,0,0,0,0,0,0,0,0,0,20
7315,18,0,0,0,0,0,0,0,0,0,18
7316,15,0,0,0,0,0,0,0,0,0,15
7317,24,0,0,0,0,0,0,0,0,0,24
7318,28,0,0,0,0,0,0,0,0,0,28
7319,22,0,0,0,0,0,1,0,0,0,23
7320,18,0,1,0,0,0,2,0,0,0,21
7321,17,0,0,0,0,0,0,0,0,0,17
7322,21,0,4,0,0,0,0,0,0,0,25
7323,17,0,4,0,0,0,0,0,0,0,21
7324,22,0,4,0,0,0,0,0,0,0,26
7325,19,0,6,0,0,0,0,0,1,0,25
7326,31,0,1,0,0,0,0,0,0,0,32
7327,31,0,0,0,0,0,0,0,0,0,31
7328,21,0,7,0,0,0,0,0,0,0,28
7329,31,0,0,0,0,0,0,0,0,0,31
7330,24,0,1,0,0,0,0,0,0,0,25
7331,16,0,2,0,0,0,0,0,0,0,18
7332,24,0,0,0,0,0,0,0,0,0,24
7333,25,0,0,0,0,0,0,0,0,0,25
7334,21,0,0,0,0,0,0,0,0,0,21
7335,18,0,0,0,0,0,0,0,0,0,18
7336,21,0,0,0,0,0,0,0,0,0,21
7337,22,0,0,0,0,0,0,0,0,0,22
7338,23,0,0,0,0,0,0,0,0,0,23
7339,23,0,0,0,0,0,0,0,0,0,23
7340,21,0,0,0,0,0,0,0,0,0,21
7341,18,0,0,0,0,0,0,0,0,0,18
7342,12,0,2,0,0,0,0,0,0,0,14
7343,14,0,1,0,0,0,0,0,0,0,15
7344,14,0,0,0,0,0,0,0,0,0,14
7345,10,0,1,0,0,0,0,0,0,0,11
7346,13,0,0,0,0,0,0,0,0,0,13
7347,10,0,0,0,0,0,0,0,0,0,10
7348,8,0,0,0,0,0,0,0,0,0,8
7349,11,0,0,0,0,0,0,0,0,0,11
7350,10,0,2,0,0,0,0,0,0,0,12
7351,16,0,0,0,0,0,0,0,0,0,16
7352,11,0,0,0,0,0,0,0,0,0,11
7353,12,0,0,0,0,0,0,0,0,0,12
7354,10,0,1,0,0,0,0,0,0,0,11
7355,10,0,0,0,0,0,0,0,0,0,10
7356,9,0,0,0,0,0,0,0,2,0,9
7357,11,0,1,0,0,0,0,0,0,0,12
7358,12,0,1,0,0,0,0,0,0,0,13
7359,13,0,0,0,0,0,0,0,0,0,13
7360,13,0,0,0,0,0,0,0,0,0,13
7361,16,0,0,0,0,0,0,0,0,0,16
7362,15,0,0,0,0,0,0,0,0,0,15
7363,13,0,0,0,0,0,0,0,0,0,13
7364,15,0,0,0,0,0,0,0,0,0,15
7365,13,0,1,0,0,0,0,0,0,0,14
7366,15,0,0,0,0,0,0,0,0,0,15
7367,14,0,0,0,0,0,0,0,0,0,14
7368,18,0,0,0,0,0,0,0,0,0,18
7369,19,0,0,0,0,0,0,0,0,0,19
7370,20,0,0,0,0,0,0,0,0,0,20
7371,21,0,0,0,0,0,0,0,0,0,21
7372,18,0,0,0,0,0,0,0,0,0,18
7373,20,0,0,0,0,0,0,0,0,0,20
7374,21,0,2,0,0,0,0,0,0,0,23
7375,21,0,9,0,0,0,0,0,0,0,30
7376,20,0,10,0,0,0,0,0,0,0,30
7377,20,0,10,0,0,0,0,0,0,0,30
7378,18,0,9,0,0,0,0,0,0,0,27
7379,20,0,5,0,0,0,0,0,0,0,25
7380,19,0,6,0,0,0,0,0,0,0,25
7381,16,0,8,0,0,0,0,0,0,0,24
7382,20,0,5,0,0,0,0,0,0,0,25
7383,19,0,7,0,0,0,0,0,0,0,26
7384,16,0,5,0,0,0,0,0,0,0,21
7385,15,0,5,0,0,0,0,0,0,0,20
7386,14,0,6,0,0,0,0,0,0,0,20
7387,17,0,6,0,0,0,0,0,0,0,23
7388,20,0,5,0,0,0,0,0,0,0,25
7389,19,0,6,0,0,0,0,0,0,0,25
7390,15,0,6,0,0,0,0,0,0,0,21
7391,15,0,10,0,0,0,0,0,0,0,25
7392,17,0,9,0,0,0,0,0,0,0,26
7393,20,0,9,0,0,0,0,0,0,0,29
7394,20,0,5,0,0,0,0,0,0,0,25
7395,20,0,5,0,0,0,0,0,0,0,25
7396,20,0,5,0,0,0,0,0,0,0,25
7397,20,0,5,0,0,0,0,0,0,0,25
7398,20,0,5,0,0,0,0,0,0,0,25
7399,20,0,5,0,0,0,0,0,0,0,25
7400,20,0,5,0,0,0,0,0,0,0,25
7401,20,0,5,0,0,0,0,0,0,0,25
7402,20,0,5,0,0,0,0,0,0,0,25
7403,18,0,7,0,0,0,0,0,0,0,25
7404,17,0,8,0,0,0,0,0,0,0,25
7405,20,0,5,0,0,0,0,0,0,0,25
7406,20,0,5,0,0,0,0,0,0,0,25
7407,15,0,5,0,0,0,0,0,0,0,20
7408,10,0,5,0,0,0,0,0,0,0,15
7409,10,0,5,0,0,0,0,0,0,0,15
7410,10,0,5,0,0,0,0,0,0,0,15
7411,10,0,4,0,0,0,0,0,0,0,14
7412,11,0,5,0,0,0,0,0,0,0,16
7413,15,0,5,0,0,0,0,0,0,0,20
7414,16,0,6,0,0,0,0,0,0,0,22
7415,16,0,5,0,0,0,0,0,0,0,21
7416,18,0,5,0,0,0,0,0,0,0,23
7417,16,0,0,0,0,0,0,0,0,0,16
7418,19,0,0,0,0,0,0,0,0,0,19
7419,16,0,5,0,0,0,0,0,0,0,21
7420,17,0,4,0,0,0,0,0,2,0,21
7421,16,0,6,0,0,0,0,0,0,0,22
7422,15,0,9,0,0,0,0,0,0,0,24
7423,15,0,11,0,0,0,0,0,0,0,26
7424,19,0,9,0,0,0,0,0,0,0,28
7425,17,0,10,0,0,0,0,0,0,0,27
7426,16,0,5,0,0,0,0,0,0,0,21
7427,15,0,7,0,0,0,0,0,0,0,22
7428,15,0,9,0,0,0,0,0,0,0,24
7429,20,0,6,0,0,0,0,0,0,0,26
7430,24,0,5,0,0,0,0,0,0,0,29
7431,25,0,8,0,0,0,0,0,0,0,33
7432,20,0,10,0,0,0,0,0,0,0,30
7433,21,0,7,0,0,0,0,0,0,0,28
7434,17,0,6,0,0,0,0,0,0,0,23
7435,19,0,6,0,0,0,0,0,0,0,25
7436,24,0,6,0,0,0,0,0,0,0,30
7437,21,0,6,0,0,0,0,0,0,0,27
7438,17,0,5,0,0,0,0,0,0,0,22
7439,16,0,5,0,0,0,0,0,0,0,21
7440,14,0,5,0,0,0,0,0,0,0,19
7441,8,0,10,0,0,0,0,0,0,0,18
7442,9,0,10,0,0,0,0,0,0,0,19
7443,9,0,8,0,0,0,0,0,0,0,17
7444,10,0,8,0,0,0,0,0,0,0,18
7445,9,0,6,0,0,0,0,0,0,0,15
7446,12,0,5,0,0,0,0,0,0,0,17
7447,10,0,5,0,0,0,0,0,0,0,15
7448,12,0,5,0,0,0,0,0,0,0,17
7449,14,0,5,0,0,0,0,0,0,0,19
7450,14,0,7,0,0,0,0,0,0,0,21
7451,17,0,6,0,0,0,0,0,0,0,23
7452,16,0,6,0,0,0,0,0,0,0,22
7453,14,0,7,0,0,0,0,0,0,0,21
7454,13,0,6,0,0,0,0,0,0,0,19
7455,14,0,7,0,0,0,0,0,0,0,21
7456,10,0,8,0,0,0,0,0,0,0,18
7457,7,0,9,0,0,0,0,0,0,0,16
7458,8,0,5,0,0,0,0,0,0,0,13
7459,9,0,5,0,0,0,0,0,0,0,14
7460,9,0,6,0,0,0,0,0,0,0,15
7461,12,0,8,0,0,0,0,0,0,0,20
7462,17,0,6,0,0,0,0,0,0,0,23
7463,18,0,6,0,0,0,0,0,0,0,24
7464,13,0,6,0,0,0,0,0,0,0,19
7465,11,2,14,0,0,0,0,0,0,0,27
7466,10,5,15,0,0,0,0,0,0,0,30
7467,10,3,18,0,0,0,0,0,0,0,31
7468,10,4,12,0,0,0,0,0,0,0,26
7469,10,0,8,0,0,0,0,0,0,0,18
7470,10,0,9,0,0,0,0,0,0,0,19
7471,9,0,12,0,0,0,0,0,0,0,21
7472,10,3,9,0,0,0,0,0,0,0,22
7473,6,5,4,0,0,0,0,0,0,0,15
7474,6,3,2,0,0,0,0,0,0,0,11
7475,6,0,0,0,0,0,0,0,0,0,6
7476,5,0,4,0,0,0,0,0,0,0,9
7477,6,0,5,0,0,0,0,0,0,0,11
7478,5,0,10,0,0,0,0,0,0,0,15
7479,3,0,11,0,0,0,0,0,0,0,14
7480,1,0,11,0,0,0,0,0,0,0,12
7481,5,0,1,0,0,0,0,0,0,0,6
7482,5,0,2,0,0,0,0,0,0,0,7
7483,5,0,0,0,0,0,0,0,0,0,5
7484,5,0,0,0,0,0,0,0,0,0,5
7485,3,0,2,0,0,0,0,0,0,0,5
7486,1,0,0,0,0,0,0,0,0,0,1
7487,2,0,0,0,0,0,0,0,0,0,2
7488,5,0,0,0,0,0,0,0,0,0,5
7489,9,0,0,0,0,0,0,0,0,0,9
7490,10,0,0,0,0,0,0,0,0,0,10
7491,7,0,0,0,0,0,0,0,0,0,7
7492,3,0,4,0,0,0,0,0,0,0,7
7493,3,0,5,0,0,0,0,0,0,0,8
7494,4,0,8,0,0,0,0,0,0,0,12
7495,14,0,6,0,0,0,0,0,1,0,20
7496,16,0,4,0,0,0,0,0,0,0,20
7497,18,0,4,0,0,0,0,0,0,0,22
7498,0,0,5,0,0,0,0,0,0,0,5
7499,2,0,6,0,0,0,0,0,0,0,8
7500,4,0,11,0,0,0,0,0,0,0,15
7501,5,0,5,0,0,0,0,0,0,0,10
7502,8,0,2,0,0,0,0,0,0,0,10
7503,8,0,3,0,0,0,0,0,0,0,11
7504,5,0,4,0,0,0,0,0,0,0,9
7505,5,0,0,0,0,0,0,0,0,0,5
7506,5,0,0,0,0,0,0,0,0,0,5
7507,5,0,4,0,0,0,0,0,0,0,9
7508,5,0,5,0,0,0,0,0,0,0,10
7509,5,0,5,0,0,0,0,0,0,0,10
7510,7,0,6,0,0,0,0,0,0,0,13
7511,10,0,0,0,0,0,0,0,0,0,10
7512,10,0,0,0,0,0,0,0,0,0,10
7513,10,0,0,0,0,0,0,0,0,0,10
7514,10,0,0,0,0,0,0,0,0,0,10
7515,9,0,0,0,0,0,0,0,0,0,9
7516,5,0,0,0,0,0,0,0,0,0,5
7517,5,0,0,0,0,0,0,0,0,0,5
7518,5,0,0,0,0,0,0,0,0,0,5
7519,5,0,0,0,0,0,0,0,0,0,5
7520,5,0,0,0,0,0,0,0,0,0,5
7521,5,0,0,0,0,0,0,0,0,0,5
7522,5,0,0,0,0,0,0,0,0,0,5
7523,5,0,0,0,0,0,0,0,0,0,5
7524,5,0,0,0,0,0,0,0,0,0,5
7525,5,0,0,0,0,0,0,0,0,0,5
7526,5,0,0,0,0,0,0,0,0,0,5
7527,5,0,0,0,0,0,0,0,0,0,5
7528,6,0,0,0,0,0,0,0,0,0,6
7529,5,0,0,0,0,0,0,0,0,0,5
7530,6,0,0,0,0,0,0,0,0,0,6
7531,5,0,0,0,0,0,0,0,0,0,5
7532,5,0,0,0,0,0,0,0,1,0,5
7533,5,0,0,0,0,0,0,0,0,0,5
7534,5,0,3,0,0,0,0,0,0,0,8
7535,6,1,5,0,0,0,0,0,0,0,12
7536,5,0,10,0,0,0,0,0,0,0,15
7537,3,0,12,0,0,0,0,0,0,0,15
7538,6,2,8,0,0,0,0,0,0,0,16
7539,4,0,5,0,0,0,0,0,0,0,9
7540,3,0,2,0,0,0,0,0,0,0,5
7541,5,0,2,0,0,0,0,0,0,0,7
7542,5,0,5,0,0,0,0,0,0,0,10
7543,1,0,5,0,0,0,0,0,0,0,6
7544,6,0,5,0,0,0,0,0,0,0,11
7545,3,0,5,0,0,0,0,0,0,0,8
7546,4,0,5,0,0,0,0,0,0,0,9
7547,3,0,4,0,0,0,0,0,0,0,7
7548,3,0,4,0,0,0,0,0,0,0,7
7549,4,0,0,0,0,0,0,0,0,0,4
7550,4,0,3,0,0,0,0,0,0,0,7
7551,3,0,2,0,0,0,0,0,0,0,5
7552,2,0,3,0,0,0,0,0,0,0,5
7553,5,0,3,0,0,0,0,0,0,0,8
7554,2,0,3,0,0,0,0,0,0,0,5
7555,3,0,3,0,0,0,0,0,0,0,6
7556,2,0,5,0,0,0,0,0,0,0,7
7557,0,0,5,0,0,0,0,0,0,0,5
7558,0,0,5,0,0,0,0,0,0,0,5
7559,0,0,5,0,0,0,0,0,0,0,5
7560,4,0,4,0,0,0,0,0,0,0,8
7561,9,0,5,0,0,0,0,0,0,0,14
7562,6,0,6,0,0,0,0,0,0,0,12
7563,2,0,5,0,0,0,0,0,0,0,7
7564,1,0,5,0,0,0,0,0,0,0,6
7565,0,0,5,0,0,0,0,0,0,0,5
7566,5,0,5,0,0,0,0,0,0,0,10
7567,9,0,1,0,0,0,0,0,0,0,10
7568,15,0,9,0,0,0,0,0,0,0,24
7569,7,0,4,0,0,0,0,0,0,0,11
7570,8,0,1,0,0,0,0,0,0,0,9
7571,11,0,5,0,0,0,0,0,0,0,16
7572,10,0,2,0,0,0,0,0,0,0,12
7573,8,0,1,0,0,0,0,0,0,0,9
7574,5,0,0,0,0,0,0,0,0,0,5
7575,3,0,2,0,0,0,0,0,0,0,5
7576,11,0,2,0,0,0,0,0,0,0,13
7577,9,0,0,0,0,0,0,0,0,0,9
7578,9,0,0,0,0,0,0,0,0,0,9
7579,9,0,0,0,0,0,0,0,0,0,9
7580,5,0,0,0,0,0,0,0,0,0,5
7581,5,0,0,0,0,0,0,0,0,0,5
7582,5,0,0,0,0,0,0,0,0,0,5
7583,1,0,5,0,0,0,0,0,0,0,6
7584,0,0,5,0,0,0,0,0,0,0,5
7585,3,0,6,0,0,0,0,0,0,0,9
7586,5,0,5,0,0,0,0,0,0,0,10
7587,5,0,1,0,0,0,0,0,0,0,6
7588,5,0,0,0,0,0,0,0,0,0,5
7589,5,0,0,0,0,0,0,0,0,0,5
7590,5,0,5,0,0,0,0,0,0,0,10
7591,5,0,5,0,0,0,0,0,0,0,10
7592,5,0,5,0,0,0,0,0,0,0,10
7593,10,0,5,0,0,0,0,0,0,0,15
7594,10,0,4,0,0,0,0,0,0,0,14
7595,14,0,2,0,0,0,0,0,0,0,16
7596,16,0,0,0,0,0,0,0,0,0,16
7597,17,0,0,0,0,0,0,0,0,0,17
7598,14,0,1,0,0,0,0,0,0,0,15
7599,10,0,5,0,0,0,0,0,0,0,15
7600,14,0,5,0,0,0,0,0,0,0,19
7601,15,0,5,0,0,0,0,0,0,0,20
7602,17,0,1,0,0,0,0,0,1,0,18
7603,17,0,0,0,0,0,0,0,1,0,17
7604,16,0,0,0,0,0,0,0,1,0,16
7605,16,0,2,0,0,0,0,0,0,0,18
7606,17,0,5,0,0,0,0,0,1,0,22
7607,15,1,3,0,0,0,0,0,0,0,19
7608,15,3,0,0,0,0,0,0,0,0,18
7609,15,0,1,0,0,0,0,0,1,0,16
7610,15,0,0,0,0,0,0,0,0,0,15
7611,16,0,4,0,0,0,0,0,1,0,20
7612,19,0,4,0,0,0,0,0,1,0,23
7613,21,0,8,0,0,0,0,0,0,0,29
7614,18,0,10,0,0,0,0,0,0,0,28
7615,19,0,7,0,0,0,0,0,0,0,26
7616,19,0,5,0,0,0,0,0,0,0,24
7617,20,0,5,0,0,0,0,0,0,0,25
7618,20,0,5,0,0,0,0,0,0,0,25
7619,18,0,6,0,0,0,0,0,0,0,24
7620,13,0,8,0,0,0,0,0,0,0,21
7621,13,0,7,0,0,0,0,0,0,0,20
7622,17,0,3,0,0,0,0,0,0,0,20
7623,18,0,1,0,0,0,0,0,0,0,19
7624,17,0,3,0,0,0,0,0,0,0,20
7625,19,0,1,0,0,0,0,0,0,0,20
7626,17,0,0,0,0,0,0,0,0,0,17
7627,10,0,3,0,0,0,0,0,0,0,13
7628,11,0,0,0,0,0,0,0,0,0,11
7629,16,0,0,0,0,0,0,0,0,0,16
7630,15,0,1,0,0,0,0,0,0,0,16
7631,18,0,0,0,0,0,0,0,0,0,18
7632,20,0,0,0,0,0,0,0,0,0,20
7633,20,0,5,0,0,0,0,0,0,0,25
7634,22,0,5,0,0,0,0,0,0,0,27
7635,25,0,5,0,0,0,0,0,0,0,30
7636,25,0,9,0,0,0,0,0,0,0,34
7637,25,0,5,0,0,0,0,0,0,0,30
7638,25,0,5,0,0,0,0,0,0,0,30
7639,25,0,4,0,0,0,0,0,0,0,29
7640,25,3,1,0,0,0,0,0,0,0,29
7641,25,0,0,0,0,0,0,0,0,0,25
7642,26,0,0,0,0,0,0,0,0,0,26
7643,30,0,0,0,0,0,0,0,0,0,30
7644,30,0,0,0,0,0,0,0,0,0,30
7645,30,0,0,0,0,0,0,0,0,0,30
7646,29,0,0,0,0,0,0,0,0,0,29
7647,29,0,0,0,0,0,0,0,0,0,29
7648,30,0,0,0,0,0,0,0,0,0,30
7649,24,0,1,0,0,0,0,0,0,0,25
7650,25,0,0,0,0,0,0,0,0,0,25
7651,30,0,0,0,0,0,0,0,0,0,30
7652,30,0,0,0,0,0,0,0,0,0,30
7653,30,0,0,0,0,0,0,0,0,0,30
7654,30,0,0,0,0,0,0,0,0,0,30
7655,30,0,0,0,0,0,0,0,0,0,30
7656,26,0,1,0,0,0,0,0,0,0,27
7657,25,0,0,0,0,0,0,0,0,0,25
7658,30,0,0,0,0,0,0,0,0,0,30
7659,30,0,0,0,0,0,0,0,0,0,30
7660,28,0,2,0,0,0,0,0,0,0,30
7661,29,0,0,0,0,0,0,0,0,0,29
7662,26,0,0,0,0,0,0,0,0,0,26
7663,23,0,4,0,0,0,0,0,0,0,27
7664,21,0,5,0,0,0,0,0,0,0,26
7665,19,0,10,0,0,0,0,0,0,0,29
7666,19,0,12,0,0,0,0,0,0,0,31
7667,20,0,10,0,0,0,0,0,0,0,30
7668,20,0,10,0,0,0,0,0,0,0,30
7669,25,0,10,0,0,0,0,0,0,0,35
7670,22,0,8,0,0,0,0,0,0,0,30
7671,20,0,5,0,0,0,0,0,0,0,25
7672,18,0,7,0,0,0,0,0,0,0,25
7673,19,0,5,0,0,0,0,0,0,0,24
7674,21,0,5,0,0,0,0,0,0,0,26
7675,22,0,5,0,0,0,0,0,0,0,27
7676,20,0,5,0,0,0,0,0,0,0,25
7677,21,0,5,0,0,0,0,0,0,0,26
7678,21,0,4,0,0,0,0,0,0,0,25
7679,21,0,7,0,0,0,0,0,0,0,28
7680,15,0,10,0,0,0,0,0,0,0,25
7681,15,0,15,0,0,0,0,0,0,0,30
7682,17,0,13,0,0,0,0,0,1,0,30
7683,22,0,11,0,0,0,0,0,0,0,33
7684,27,0,9,0,0,0,0,0,0,0,36
7685,33,0,7,0,0,0,0,0,0,0,40
7686,25,0,7,0,0,0,0,0,0,0,32
7687,22,0,9,0,0,0,0,0,0,0,31
7688,23,0,5,0,0,0,0,0,0,0,28
7689,23,0,4,0,0,0,0,0,0,0,27
7690,20,0,5,0,0,0,0,0,0,0,25
7691,22,0,5,0,0,0,0,0,0,0,27
7692,21,0,5,0,0,0,0,0,0,0,26
7693,25,0,4,0,0,0,0,0,0,0,29
7694,25,0,5,0,0,0,0,0,0,0,30
7695,27,0,5,0,0,0,0,0,0,0,32
7696,25,0,5,0,0,0,0,0,0,0,30
7697,25,0,3,0,0,0,0,0,0,0,28
7698,26,0,4,0,0,0,0,0,0,0,30
7699,27,0,4,0,0,0,0,0,0,0,31
7700,34,0,0,0,0,0,0,0,0,0,34
7701,29,0,0,0,0,0,0,0,0,0,29
7702,31,0,0,0,0,0,0,0,0,0,31
7703,31,0,0,0,0,0,0,0,0,0,31
7704,28,0,0,0,0,0,0,0,0,0,28
7705,30,0,1,0,0,0,0,0,0,0,31
7706,31,0,7,0,0,0,0,0,0,0,38
7707,30,0,6,0,0,0,0,0,0,0,36
7708,30,0,5,0,0,0,0,0,0,0,35
7709,27,0,3,0,0,0,0,0,0,0,30
7710,32,0,1,0,0,0,0,0,0,0,33
7711,30,0,4,0,0,0,0,0,0,0,34
7712,27,0,4,0,0,0,0,0,0,0,31
7713,26,0,4,0,0,0,0,0,0,0,30
7714,25,0,3,0,0,0,0,0,0,0,28
7715,25,0,1,0,0,0,0,0,0,0,26
7716,25,0,2,0,0,0,0,0,0,0,27
7717,26,0,0,0,0,0,0,0,0,0,26
7718,25,0,1,0,0,0,0,0,0,0,26
7719,26,0,6,0,0,0,0,0,0,0,32
7720,25,0,5,0,0,0,0,0,0,0,30
7721,25,0,4,0,0,0,0,0,0,0,29
7722,25,0,3,0,0,0,0,0,0,0,28
7723,25,0,2,0,0,0,0,0,0,0,27
7724,27,0,1,0,0,0,0,0,0,0,28
7725,26,0,2,0,0,0,0,0,0,0,28
7726,26,0,0,0,0,0,0,0,0,0,26
7727,29,0,0,0,0,0,0,0,0,0,29
7728,31,0,0,0,0,0,0,0,0,0,31
7729,26,0,1,0,0,0,0,0,0,0,27
7730,25,0,1,0,0,0,0,0,0,0,26
7731,25,0,5,0,0,0,0,0,0,0,30
7732,25,0,5,0,0,0,0,0,0,0,30
7733,28,0,5,0,0,0,0,0,0,0,33
7734,25,0,5,0,0,0,0,0,0,0,30
7735,25,0,2,0,0,0,0,0,0,0,27
7736,25,0,1,0,0,0,0,0,0,0,26
7737,24,0,1,0,0,0,0,0,0,0,25
7738,24,0,0,0,0,0,0,0,0,0,24
7739,21,0,1,0,0,0,0,0,0,0,22
7740,21,0,0,0,0,0,0,0,0,0,21
7741,21,0,1,0,0,0,0,0,0,0,22
7742,20,0,1,0,0,0,0,0,0,0,21
7743,21,0,0,0,0,0,0,0,0,0,21
7744,24,0,1,0,0,0,0,0,0,0,25
7745,20,0,5,0,0,0,0,0,0,0,25
7746,21,0,5,0,0,0,0,0,0,0,26
7747,20,0,9,0,0,0,0,0,0,0,29
7748,20,0,10,0,0,0,0,0,0,0,30
7749,20,0,11,0,0,0,0,0,0,0,31
7750,24,2,8,0,0,0,0,0,0,0,34
7751,25,2,11,0,0,0,0,0,0,0,38
7752,27,0,8,0,0,0,0,0,0,0,35
7753,25,0,12,0,0,0,0,0,0,0,37
7754,29,0,7,0,0,0,0,0,0,0,36
7755,28,0,8,0,0,0,0,0,0,0,36
7756,26,0,7,0,0,0,0,0,0,0,33
7757,26,0,5,0,0,0,0,0,0,0,31
7758,25,0,5,0,0,0,0,0,0,0,30
7759,26,0,5,0,0,0,0,0,0,0,31
7760,25,0,6,0,0,0,0,0,0,0,31
7761,25,0,5,0,0,0,0,0,0,0,30
7762,26,0,5,0,0,0,0,0,0,0,31
7763,25,0,5,0,0,0,0,0,0,0,30
7764,25,0,5,0,0,0,0,0,0,0,30
7765,24,0,6,0,0,0,0,0,0,0,30
7766,25,0,5,0,0,0,0,0,0,0,30
7767,24,0,7,0,0,0,0,0,0,0,31
7768,21,0,12,0,0,0,0,0,0,0,33
7769,21,0,8,0,0,0,0,0,0,0,29
7770,17,0,9,0,0,0,0,0,0,0,26
7771,18,0,8,0,0,0,0,0,0,0,26
7772,21,0,6,0,0,0,0,0,0,0,27
7773,19,0,8,0,0,0,0,0,0,0,27
7774,24,0,8,0,0,0,0,0,0,0,32
7775,25,0,7,0,0,0,0,0,0,0,32
7776,24,0,7,0,0,0,0,0,0,0,31
7777,25,0,6,0,0,0,0,0,0,0,31
7778,24,0,6,0,0,0,0,0,0,0,30
7779,24,0,8,0,0,0,0,0,0,0,32
7780,25,0,5,0,0,0,0,0,0,0,30
7781,24,0,6,0,0,0,0,0,0,0,30
7782,24,0,6,0,0,0,0,0,0,0,30
7783,25,0,5,0,0,0,0,0,0,0,30
7784,22,0,6,0,0,0,0,0,0,0,28
7785,21,0,5,0,0,0,0,0,0,0,26
7786,20,0,5,0,0,0,0,0,0,0,25
7787,20,0,5,0,0,0,0,0,0,0,25
7788,17,0,5,0,0,0,0,0,0,0,22
7789,18,0,5,0,0,0,0,0,0,0,23
7790,20,0,5,0,0,0,0,0,0,0,25
7791,22,0,5,0,0,0,0,0,0,0,27
7792,24,0,3,0,0,0,0,0,0,0,27
7793,25,0,4,0,0,0,0,0,0,0,29
7794,24,0,8,0,0,0,0,0,0,0,32
7795,24,0,9,0,0,0,0,0,0,0,33
7796,28,0,8,0,0,0,0,0,0,0,36
7797,24,0,10,0,0,0,0,0,0,0,34
7798,29,0,3,0,0,0,0,0,0,0,32
7799,31,0,5,0,0,0,0,0,0,0,36
7800,28,0,4,0,0,0,0,0,0,0,32
7801,28,0,5,0,0,0,0,0,0,0,33
7802,31,0,4,0,0,0,0,0,0,0,35
7803,25,0,5,0,0,0,0,0,0,0,30
7804,30,0,1,0,0,0,0,0,0,0,31
7805,27,0,4,0,0,0,0,0,0,0,31
7806,22,0,4,0,0,0,0,0,0,0,26
7807,26,0,3,0,0,0,0,0,0,0,29
7808,28,0,1,0,0,0,0,0,0,0,29
7809,28,0,0,0,0,0,0,0,0,0,28
7810,27,0,1,0,0,0,0,0,0,0,28
7811,25,0,5,0,0,0,0,0,0,0,30
7812,22,0,5,0,0,0,0,0,0,0,27
7813,20,0,5,0,0,0,0,0,0,0,25
7814,21,0,2,0,0,0,0,0,0,0,23
7815,19,0,1,0,0,0,0,0,0,0,20
7816,15,0,5,0,0,0,0,0,0,0,20
7817,17,0,9,0,0,0,0,0,0,0,26
7818,15,0,10,0,0,0,0,0,0,0,25
7819,15,0,10,0,0,0,0,0,0,0,25
7820,16,0,9,0,0,0,0,0,0,0,25
7821,20,0,5,0,0,0,0,0,0,0,25
7822,20,0,5,0,0,0,0,0,0,0,25
7823,20,0,5,0,0,0,0,0,0,0,25
7824,20,0,5,0,0,0,0,0,0,0,25
7825,20,0,5,0,0,0,0,0,0,0,25
7826,20,0,5,0,0,0,0,0,0,0,25
7827,18,0,5,0,0,0,0,0,0,0,23
7828,21,0,5,0,0,0,0,0,1,0,26
7829,20,0,5,0,0,0,0,0,0,0,25
7830,16,0,5,0,0,0,0,0,0,0,21
7831,14,0,6,0,0,0,0,0,1,0,20
7832,13,0,6,0,0,0,0,0,0,0,19
7833,18,0,5,0,0,0,0,0,0,0,23
7834,19,0,5,0,0,0,0,0,0,0,24
7835,18,0,5,0,0,0,0,0,0,0,23
7836,19,0,4,0,0,0,0,0,0,0,23
7837,16,0,5,0,0,0,0,0,0,0,21
7838,17,0,5,0,0,0,0,0,0,0,22
7839,21,0,5,0,0,0,0,0,0,0,26
7840,24,0,9,0,0,0,0,0,0,0,33
7841,20,0,9,0,0,0,0,0,0,0,29
7842,22,0,6,0,0,0,0,0,0,0,28
7843,23,0,9,0,0,0,0,0,0,0,32
7844,21,0,8,0,0,0,0,0,0,0,29
7845,26,0,7,0,0,0,0,0,0,0,33
7846,27,0,12,0,0,0,0,0,0,0,39
7847,27,0,8,0,0,0,0,0,0,0,35
7848,27,0,9,0,0,0,0,0,0,0,36
7849,22,0,8,0,0,0,0,0,0,0,30
7850,15,0,11,0,0,0,0,0,0,0,26
7851,16,0,6,0,0,0,0,0,0,0,22
7852,17,0,9,0,0,0,0,0,0,0,26
7853,20,0,11,0,0,0,0,0,0,0,31
7854,23,0,11,0,0,0,0,0,0,0,34
7855,25,0,11,0,0,0,0,0,0,0,36
7856,21,0,15,0,0,0,0,0,0,0,36
7857,27,0,14,0,0,0,0,0,0,0,41
7858,25,0,22,0,0,0,0,0,0,0,47
7859,24,0,21,0,0,0,0,0,0,0,45
7860,27,0,14,0,0,0,0,0,0,0,41
7861,28,0,11,0,0,0,0,0,0,0,39
7862,24,0,13,0,0,0,0,0,0,0,37
7863,24,0,6,0,0,0,0,0,0,0,30
7864,17,0,11,0,0,0,0,0,0,0,28
7865,18,0,7,0,0,0,0,0,0,0,25
7866,11,0,11,0,0,0,0,0,0,0,22
7867,14,0,12,0,0,0,0,0,0,0,26
7868,8,0,16,0,0,0,0,0,0,0,24
7869,5,0,10,0,0,0,0,0,0,0,15
7870,7,0,12,0,0,0,0,0,0,0,19
7871,10,0,10,0,0,0,0,0,0,0,20
7872,4,0,16,0,0,0,0,0,0,0,20
7873,1,0,17,0,0,0,0,0,0,0,18
7874,7,2,12,0,0,0,0,0,0,0,21
7875,11,0,10,0,0,0,0,0,0,0,21
7876,15,0,10,0,0,0,0,0,0,0,25
7877,11,0,14,0,0,0,0,0,0,0,25
7878,14,0,11,0,0,0,0,0,0,0,25
7879,14,0,15,0,0,0,0,0,0,0,29
7880,15,0,14,0,0,0,0,0,0,0,29
7881,19,0,13,0,0,0,0,0,0,0,32
7882,11,1,14,0,0,0,0,0,0,0,26
7883,10,0,10,0,0,0,0,0,0,0,20
7884,9,0,11,0,0,0,0,0,0,0,20
7885,5,0,13,0,0,0,0,0,0,0,18
7886,6,0,9,0,0,0,0,0,0,0,15
7887,8,0,7,0,0,0,0,0,0,0,15
7888,10,0,4,0,0,0,0,0,0,0,14
7889,10,0,0,0,0,0,0,0,0,0,10
7890,10,0,0,0,0,0,0,0,0,0,10
7891,10,0,0,0,0,0,0,0,0,0,10
7892,10,0,0,0,0,0,0,0,0,0,10
7893,10,0,0,0,0,0,0,0,0,0,10
7894,10,0,0,0,0,0,0,0,0,0,10
7895,10,0,0,0,0,0,0,0,0,0,10
7896,10,0,0,0,0,0,0,0,0,0,10
7897,11,0,0,0,0,0,0,0,0,0,11
7898,11,0,0,0,0,0,0,0,0,0,11
7899,10,0,1,0,0,0,0,0,0,0,11
7900,11,0,0,0,0,0,0,0,0,0,11
7901,10,0,0,0,0,0,0,0,0,0,10
7902,11,0,0,0,0,0,0,0,0,0,11
7903,11,0,0,0,0,0,0,0,0,0,11
7904,10,0,0,0,0,0,0,0,0,0,10
7905,10,0,0,0,0,0,0,0,0,0,10
7906,10,0,0,0,0,0,0,0,0,0,10
7907,9,0,2,0,0,0,0,0,0,0,11
7908,11,0,3,0,0,0,0,0,0,0,14
7909,11,0,2,0,0,0,0,0,0,0,13
7910,11,0,4,0,0,0,0,0,0,0,15
7911,12,0,0,0,0,0,0,0,0,0,12
7912,8,0,2,0,0,0,0,0,0,0,10
7913,7,0,3,0,0,0,0,0,0,0,10
7914,10,0,0,0,0,0,0,0,0,0,10
7915,9,0,1,0,0,0,0,0,0,0,10
7916,6,0,0,0,0,0,0,0,0,0,6
7917,5,0,0,0,0,0,0,0,0,0,5
7918,5,0,0,0,0,0,0,0,0,0,5
7919,5,0,0,0,0,0,0,0,0,0,5
7920,5,0,0,0,0,0,0,0,0,0,5
7921,5,0,1,0,0,0,0,0,0,0,6
7922,6,0,5,0,0,0,0,0,0,0,11
7923,7,0,1,0,0,0,0,0,0,0,8
7924,2,0,0,0,0,0,0,0,0,0,2
7926,0,0,0,0,0,0,0,0,0,0,0
7929,6,0,0,0,0,0,0,0,0,0,6
7930,5,0,0,0,0,0,0,0,0,0,5
7931,5,0,0,0,0,0,0,0,0,0,5
7932,8,0,0,0,0,0,0,0,0,0,8
7933,12,0,0,0,0,0,0,0,0,0,12
7934,15,0,0,0,0,0,0,0,0,0,15
7935,15,0,0,0,0,0,0,0,0,0,15
7936,15,0,0,0,0,0,0,0,0,0,15
7937,15,0,4,0,0,0,0,0,0,0,19
7938,15,0,5,0,0,0,0,0,0,0,20
7939,15,0,5,0,0,0,0,0,0,0,20
7940,14,0,3,0,0,0,0,0,0,0,17
7941,12,0,0,0,0,0,0,0,0,0,12
7942,15,0,0,0,0,0,0,0,0,0,15
7943,12,0,1,0,0,0,0,0,0,0,13
7944,11,0,0,0,0,0,0,0,0,0,11
7945,10,0,1,0,0,0,0,0,0,0,11
7946,6,0,1,0,0,0,0,0,0,0,7
7947,10,0,4,0,0,0,0,0,0,0,14
7948,9,0,5,0,0,0,0,0,0,0,14
7949,10,0,6,0,0,0,0,0,0,0,16
7950,9,0,5,0,0,0,0,0,0,0,14
7951,9,0,5,0,0,0,0,0,0,0,14
7952,10,0,3,0,0,0,0,0,0,0,13
7953,10,0,0,0,0,0,0,0,0,0,10
7954,15,0,0,0,0,0,0,0,0,0,15
7955,14,0,1,0,0,0,0,0,0,0,15
7956,15,0,0,0,0,0,0,0,0,0,15
7957,15,0,0,0,0,0,0,0,0,0,15
7958,15,0,1,0,0,0,0,0,0,0,16
7959,15,0,0,0,0,0,0,0,0,0,15
7960,19,0,0,0,0,0,0,0,0,0,19
7961,16,0,0,0,0,0,0,0,0,0,16
7962,10,0,1,0,0,0,0,0,0,0,11
7963,10,0,1,0,0,0,0,0,0,0,11
7964,10,0,5,0,0,0,0,0,0,0,15
7965,10,0,5,0,0,0,0,0,0,0,15
7966,6,0,5,0,0,0,0,0,0,0,11
7967,10,0,1,0,0,0,0,0,0,0,11
7968,9,0,1,0,0,0,0,0,0,0,10
7969,5,0,0,0,0,0,0,0,0,0,5
7970,5,0,0,0,0,0,0,0,0,0,5
7971,5,0,1,0,0,0,0,0,0,0,6
7972,5,2,4,0,0,0,0,0,0,0,11
7973,5,2,5,0,0,0,0,0,0,0,12
7974,5,3,4,0,0,0,0,0,0,0,12
7975,8,1,4,0,0,0,0,0,0,0,13
7976,8,1,2,0,0,0,0,0,0,0,11
7977,7,0,3,0,0,0,0,0,0,0,10
7978,10,0,0,0,0,0,0,0,0,0,10
7979,8,0,0,0,0,0,0,0,0,0,8
7980,5,0,0,0,0,0,0,0,0,0,5
7981,4,0,4,0,0,0,0,0,0,0,8
7982,12,0,4,0,0,0,0,0,0,0,16
7983,22,0,8,0,0,0,0,0,0,0,30
7984,8,0,6,0,0,0,0,0,0,0,14
7985,5,0,0,0,0,0,0,0,2,0,5
7986,5,0,0,0,0,0,0,0,0,0,5
7987,5,0,0,0,0,0,0,0,0,0,5
7988,5,0,0,0,0,0,0,0,0,0,5
7989,5,0,0,0,0,0,0,0,0,0,5
7990,5,0,0,0,0,0,0,0,0,0,5
7991,10,0,7,0,0,0,0,0,0,0,17
7992,11,0,10,0,0,0,1,0,0,0,22
7993,8,0,0,0,0,0,0,0,0,0,8
7994,7,0,1,0,0,0,0,0,0,0,8
7995,5,0,0,0,0,0,0,0,0,0,5
7996,7,0,1,0,0,0,0,0,0,0,8
7997,7,0,0,0,0,0,0,0,0,0,7
7998,5,0,0,0,0,0,0,0,0,0,5
7999,6,0,0,0,0,0,0,0,0,0,6
8000,11,0,0,0,0,0,0,0,0,0,11
8001,10,0,1,0,0,0,0,0,0,0,11
8002,15,0,2,0,0,0,0,0,0,0,17
8003,5,0,0,0,0,0,0,0,0,0,5
8004,1,0,0,0,0,0,0,0,0,0,1
8005,2,0,4,0,0,0,0,0,0,0,6
8006,5,0,0,0,0,0,0,0,0,0,5
8007,5,0,0,0,0,0,0,0,0,0,5
8008,5,0,0,0,0,0,0,0,0,0,5
8009,5,0,0,0,0,0,0,0,0,0,5
8010,5,0,0,0,0,0,0,0,0,0,5
8011,5,0,0,0,0,0,0,0,0,0,5
8012,5,0,4,0,0,0,0,0,0,0,9
8013,5,0,5,0,0,0,0,0,0,0,10
8014,5,0,5,0,0,0,0,0,0,0,10
8015,5,0,5,0,0,0,0,0,0,0,10
8016,5,0,2,0,0,0,0,0,0,0,7
8017,5,0,0,0,0,0,0,0,0,0,5
8018,58,4,0,0,0,0,0,0,0,0,62
8019,62,5,0,0,0,0,0,0,0,0,67
8020,71,3,0,0,0,0,0,0,0,0,74
8021,72,0,1,0,0,0,0,0,0,0,73
8022,69,0,3,0,0,0,0,0,0,0,72
8023,68,0,5,0,0,0,0,0,0,0,73
8024,61,0,5,0,0,0,0,0,0,0,66
8025,59,0,1,0,0,0,0,0,0,0,60
8026,68,0,1,0,0,0,0,0,0,0,69
8027,65,0,2,0,0,0,0,0,0,0,67
8028,58,0,8,0,0,0,0,0,0,0,66
8029,47,0,5,0,0,0,0,0,0,0,52
8030,45,0,12,0,0,0,0,0,0,0,57
8031,55,0,11,0,0,0,0,0,0,0,66
8032,51,0,11,0,0,0,0,0,0,0,62
8033,48,0,10,0,0,0,0,0,0,0,58
8034,39,0,11,0,0,0,0,0,0,0,50
8035,44,0,10,0,0,0,0,0,0,0,54
8036,39,0,9,0,0,0,0,0,0,0,48
8037,31,0,5,0,0,0,0,0,0,0,36
8038,27,0,5,0,0,0,0,0,0,0,32
8039,21,0,7,0,0,0,0,0,0,0,28
8040,25,0,8,0,0,0,0,0,0,0,33
8041,20,0,9,0,0,0,0,0,0,0,29
8042,19,0,12,0,0,0,0,0,0,0,31
8043,14,0,8,0,0,0,0,0,0,0,22
8044,16,0,5,0,0,0,0,0,0,0,21
8045,16,0,10,0,0,0,0,0,0,0,26
8046,13,0,8,0,0,0,0,0,0,0,21
8047,16,2,7,0,0,0,0,0,0,0,25
8048,20,1,6,0,0,0,0,0,0,0,27
8049,15,0,10,0,0,0,0,0,0,0,25
8050,15,0,6,0,0,0,0,0,0,0,21
8051,20,0,5,0,0,0,0,0,0,0,25
8052,23,0,5,0,0,0,0,0,0,0,28
8053,20,0,5,0,0,0,0,0,0,0,25
8054,15,0,5,0,0,0,0,0,0,0,20
8055,15,0,5,0,0,0,0,0,0,0,20
8056,15,0,5,0,0,0,0,0,0,0,20
8057,16,0,5,0,0,0,0,0,0,0,21
8058,20,0,5,0,0,0,0,0,0,0,25
8059,25,0,5,0,0,0,0,0,0,0,30
8060,25,0,5,0,0,0,0,0,0,0,30
8061,28,0,5,0,0,0,0,0,0,0,33
8062,30,0,5,0,0,0,0,0,0,0,35
8063,30,0,5,0,0,0,0,0,0,0,35
8064,30,0,5,0,0,0,0,0,0,0,35
8065,33,0,5,0,0,0,0,0,0,0,38
8066,35,0,5,0,0,0,0,0,0,0,40
8067,35,0,5,0,0,0,0,0,0,0,40
8068,34,0,5,0,0,0,0,0,0,0,39
8069,34,0,5,0,0,0,0,0,0,0,39
8070,35,0,5,0,0,0,0,0,0,0,40
8071,35,0,5,0,0,0,0,0,0,0,40
8072,30,0,5,0,0,0,0,0,0,0,35
8073,30,0,5,0,0,0,0,0,0,0,35
8074,29,0,5,0,0,0,0,0,0,0,34
8075,25,0,5,0,0,0,0,0,0,0,30
8076,25,0,5,0,0,0,0,0,0,0,30
8077,23,0,5,0,0,0,0,0,0,0,28
8078,20,0,5,0,0,0,0,0,0,0,25
8079,23,0,5,0,0,0,0,0,0,0,28
8080,22,0,5,0,0,0,0,0,0,0,27
8081,15,0,5,0,0,0,0,0,0,0,20
8082,33,0,5,0,0,0,0,0,0,0,38
8083,30,0,5,0,0,0,0,0,0,0,35
8084,30,0,5,0,0,0,0,0,0,0,35
8085,30,0,5,0,0,0,0,0,0,0,35
8086,30,0,5,0,0,0,0,0,0,0,35
8087,32,0,5,0,0,0,0,0,0,0,37
8088,28,0,5,0,0,0,0,0,0,0,33
8089,21,0,5,0,0,0,0,0,0,0,26
8090,20,0,5,0,0,0,0,0,0,0,25
8091,22,0,5,0,0,0,0,0,0,0,27
8092,25,0,5,0,0,0,0,0,0,0,30
8093,28,0,5,0,0,0,0,0,0,0,33
8094,31,0,5,0,0,0,0,0,0,0,36
8095,35,0,5,0,0,0,0,0,0,0,40
8096,31,0,5,0,0,0,0,0,0,0,36
8097,30,0,5,0,0,0,0,0,0,0,35
8098,31,0,4,0,0,0,0,0,0,0,35
8099,33,0,4,0,0,0,0,0,0,0,37
8100,39,0,3,0,0,0,0,0,0,0,42
8101,40,0,0,0,0,0,0,0,0,0,40
8102,42,0,0,0,0,0,0,0,0,0,42
8103,39,4,4,0,0,0,0,0,0,0,47
8104,35,5,5,0,0,0,0,0,0,0,45
8105,35,4,10,0,0,0,0,0,0,0,49
8106,35,5,10,0,0,0,0,0,0,0,50
8107,39,1,10,0,0,0,0,0,0,0,50
8108,44,0,15,0,0,0,0,0,0,0,59
8109,44,0,13,0,0,0,0,0,0,0,57
8110,47,0,12,0,0,0,0,0,0,0,59
8111,57,0,7,0,0,0,0,0,0,0,64
8112,53,0,5,0,0,0,0,0,0,0,58
8113,56,0,5,0,0,0,0,0,0,0,61
8114,58,0,5,0,0,0,0,0,0,0,63
8115,59,0,3,0,0,0,0,0,0,0,62
8116,63,0,3,0,0,0,0,0,0,0,66
8117,67,0,1,0,0,0,0,0,0,0,68
8118,66,0,6,0,0,0,0,0,0,0,72
8119,67,0,6,0,0,0,0,0,0,0,73
8120,62,0,3,0,0,0,0,0,0,0,65
8121,54,0,1,0,0,0,0,0,0,0,55
8122,49,0,4,0,0,0,0,0,0,0,53
8123,53,0,3,0,0,0,0,0,0,0,56
8124,56,0,1,0,0,0,0,0,0,0,57
8125,70,0,2,0,0,0,0,0,0,0,72
8126,68,0,0,0,0,0,0,0,0,0,68
8127,66,0,0,0,0,0,0,0,0,0,66
8128,68,0,0,0,0,0,0,0,0,0,68
8129,68,0,0,0,0,0,0,0,0,0,68
8130,63,0,0,0,0,0,0,0,0,0,63
8131,63,0,0,0,0,0,0,0,0,0,63
8132,71,0,0,0,0,0,0,0,0,0,71
8133,63,0,0,0,0,0,0,0,0,0,63
8134,59,0,0,0,0,0,0,0,0,0,59
8135,48,0,0,0,0,0,0,0,0,0,48
8136,44,0,0,0,0,0,0,0,0,0,44
8137,48,0,0,0,0,0,0,0,0,0,48
8138,48,0,0,0,0,0,0,0,0,0,48
8139,49,0,0,0,0,0,0,0,0,0,49
8140,45,0,0,0,0,0,0,0,0,0,45
8141,45,0,0,0,0,0,0,0,0,0,45
8142,45,0,0,0,0,0,0,0,0,0,45
8143,44,0,0,0,0,0,0,0,0,0,44
8144,40,0,0,0,0,0,0,0,0,0,40
8145,39,0,0,0,0,0,0,0,0,0,39
8146,39,0,0,0,0,0,0,0,0,0,39
8147,40,0,0,0,0,0,0,0,0,0,40
8148,40,0,0,0,0,0,0,0,0,0,40
8149,40,0,0,0,0,0,0,0,0,0,40
8150,40,0,0,0,0,0,0,0,0,0,40
8151,42,0,0,0,0,0,0,0,0,0,42
8152,38,0,0,0,0,0,0,0,0,0,38
8153,39,0,0,0,0,0,0,0,0,0,39
8154,37,0,1,0,0,0,0,0,0,0,38
8155,36,0,0,0,0,0,0,0,0,0,36
8156,38,0,0,0,0,0,0,0,0,0,38
8157,36,0,1,0,0,0,0,0,0,0,37
8158,40,0,1,0,0,0,0,0,0,0,41
8159,42,0,0,0,0,0,0,0,0,0,42
8160,44,0,0,0,0,0,0,0,0,0,44
8161,48,0,3,0,0,0,0,0,0,0,51
8162,45,0,5,0,0,0,0,0,0,0,50
8163,48,0,5,0,0,0,0,0,0,0,53
8164,35,0,5,0,0,0,0,0,0,0,40
8165,41,0,1,0,0,0,0,0,0,0,42
8166,42,0,2,0,0,0,0,0,0,0,44
8167,38,0,5,0,0,0,0,0,0,0,43
8168,37,0,4,0,0,0,0,0,0,0,41
8169,40,0,4,0,0,0,0,0,0,0,44
8170,43,0,1,0,0,0,0,0,0,0,44
8171,40,0,0,0,0,0,0,0,0,0,40
8172,40,0,0,0,0,0,0,0,0,0,40
8173,36,0,0,0,0,0,0,0,0,0,36
8174,31,0,0,0,0,0,0,0,0,0,31
8175,25,0,0,0,0,0,0,0,0,0,25
8176,27,0,0,0,0,0,0,0,0,0,27
8177,35,0,0,0,0,0,0,0,0,0,35
8178,39,0,3,0,0,0,0,0,0,0,42
8179,46,0,4,0,0,0,0,0,0,0,50
8180,54,0,0,0,0,0,0,0,0,0,54
8181,45,0,5,0,0,0,0,0,0,0,50
8182,47,0,3,0,0,0,0,0,0,0,50
8183,48,0,0,0,0,0,0,0,0,0,48
8184,41,0,0,0,0,0,0,0,0,0,41
8185,43,0,0,0,0,0,0,0,0,0,43
8186,30,0,0,0,0,0,0,0,0,0,30
8187,41,0,0,0,0,0,0,0,0,0,41
8188,29,0,5,0,0,0,0,0,0,0,34
8189,30,0,5,0,0,0,0,0,0,0,35
8190,31,0,5,0,0,0,0,0,0,0,36
8191,35,0,5,0,0,0,0,0,0,0,40
8192,35,0,5,0,0,0,0,0,0,0,40
8193,35,0,7,0,0,0,0,0,0,0,42
8194,42,0,5,0,0,0,0,0,0,0,47
8195,46,0,6,0,0,0,0,0,0,0,52
8196,41,0,5,0,0,0,0,0,0,0,46
8197,40,0,5,0,0,0,0,0,0,0,45
8198,43,0,5,0,0,0,0,0,0,0,48
8199,44,0,5,0,0,0,0,0,0,0,49
8200,43,0,6,0,0,0,0,0,0,0,49
8201,46,0,5,0,0,0,0,0,0,0,51
8202,40,0,5,0,0,0,0,0,0,0,45
8203,43,0,5,0,0,0,0,0,0,0,48
8204,45,0,7,0,0,0,0,0,0,0,52
8205,42,0,13,0,0,0,0,0,0,0,55
8206,40,0,12,0,0,0,0,0,0,0,52
8207,57,0,14,0,0,0,0,0,0,0,71
8208,46,0,23,0,0,0,0,0,0,0,69
8209,47,0,23,0,0,0,0,0,0,0,70
8210,48,0,22,0,0,0,0,0,0,0,70
8211,52,0,13,0,0,0,0,0,0,0,65
8212,53,0,12,0,0,0,0,0,0,0,65
8213,46,0,21,0,0,0,0,0,0,0,67
8214,49,0,19,0,0,0,0,0,0,0,68
8215,53,0,20,0,0,0,0,0,0,0,73
8216,49,0,11,0,0,0,0,0,0,0,60
8217,55,0,12,0,0,0,0,0,0,0,67
8218,49,0,12,0,0,0,0,0,0,0,61
8219,48,0,14,0,0,0,0,0,0,0,62
8220,38,0,14,0,0,0,0,0,0,0,52
8221,40,0,14,0,0,0,0,0,0,0,54
8222,43,0,15,0,0,0,0,0,0,0,58
8223,39,0,16,0,0,0,0,0,0,0,55
8224,30,0,12,0,0,0,0,0,0,0,42
8225,38,0,9,0,0,0,0,0,0,0,47
8226,39,0,12,0,0,0,0,0,0,0,51
8227,50,0,11,0,0,0,0,0,0,0,61
8228,31,0,15,0,0,0,0,0,0,0,46
8229,33,0,15,0,0,0,0,0,0,0,48
8230,46,0,12,0,0,0,0,0,0,0,58
8231,42,0,13,0,0,0,0,0,0,0,55
8232,31,0,9,0,0,0,0,0,0,0,40
8233,37,0,6,0,0,0,0,0,0,0,43
8234,47,0,5,0,0,0,0,0,0,0,52
8235,46,0,7,0,0,0,0,0,0,0,53
8236,50,0,10,0,0,0,0,0,0,0,60
8237,36,0,11,0,0,0,0,0,0,0,47
8238,45,0,10,0,0,0,0,0,0,0,55
8239,41,0,8,0,0,0,0,0,0,0,49
8240,44,0,4,0,0,0,0,0,0,0,48
8241,44,0,4,0,0,0,0,0,0,0,48
8242,44,0,5,0,0,0,0,0,0,0,49
8243,39,0,4,0,0,0,0,0,0,0,43
8244,40,0,2,0,0,0,0,0,0,0,42
8245,36,0,0,0,0,0,0,0,0,0,36
8246,35,0,0,0,0,0,0,0,0,0,35
8247,35,0,0,0,0,0,0,0,0,0,35
8248,39,0,0,0,0,0,0,0,0,0,39
8249,41,0,0,0,0,0,0,0,0,0,41
8250,40,0,0,0,0,0,0,0,0,0,40
8251,35,0,0,0,0,0,0,0,0,0,35
8252,36,0,0,0,0,0,0,0,0,0,36
8253,37,0,0,0,0,0,0,0,0,0,37
8254,40,0,0,0,0,0,0,0,0,0,40
8255,40,0,0,0,0,0,0,0,0,0,40
8256,35,0,1,0,0,0,0,0,0,0,36
8257,35,0,0,0,0,0,0,0,0,0,35
8258,35,0,0,0,0,0,0,0,0,0,35
8259,33,0,0,0,0,0,0,0,0,0,33
8260,30,0,0,0,0,0,0,0,0,0,30
8261,30,0,0,0,0,0,0,0,0,0,30
8262,30,0,0,0,0,0,0,0,0,0,30
8263,26,0,0,0,0,0,0,0,0,0,26
8264,30,0,0,0,0,0,0,0,0,0,30
8265,35,0,0,0,0,0,0,0,0,0,35
8266,35,0,0,0,0,0,0,0,0,0,35
8267,35,0,0,0,0,0,0,0,0,0,35
8268,35,0,0,0,0,0,0,0,0,0,35
8269,35,0,1,0,0,0,0,0,0,0,36
8270,40,0,0,0,0,0,0,0,0,0,40
8271,42,0,0,0,0,0,0,0,0,0,42
8272,33,0,0,0,0,0,0,0,0,0,33
8273,36,0,0,0,0,0,0,0,0,0,36
8274,40,0,1,0,0,0,0,0,0,0,41
8275,39,0,5,0,0,0,0,0,0,0,44
8276,39,0,1,0,0,0,0,0,0,0,40
8277,38,0,2,0,0,0,0,0,0,0,40
8278,33,0,4,0,0,0,0,0,0,0,37
8279,26,0,4,0,0,0,0,0,0,0,30
8280,25,0,3,0,0,0,0,0,0,0,28
8281,25,0,0,0,0,0,0,0,0,0,25
8282,25,0,0,0,0,0,0,0,0,0,25
8283,24,0,1,0,0,0,0,0,0,0,25
8284,24,0,0,0,0,0,0,0,0,0,24
8285,26,0,0,0,0,0,0,0,0,0,26
8286,30,0,0,0,0,0,0,0,0,0,30
8287,32,0,1,0,0,0,0,0,0,0,33
8288,35,0,0,0,0,0,0,0,0,0,35
8289,34,0,1,0,0,0,0,0,0,0,35
8290,39,0,1,0,0,0,0,0,0,0,40
8291,40,0,5,0,0,0,0,0,0,0,45
8292,38,0,5,0,0,0,0,0,0,0,43
8293,34,0,10,0,0,0,0,0,0,0,44
8294,33,0,7,0,0,0,0,0,0,0,40
8295,36,0,13,0,0,0,0,0,0,0,49
8296,37,0,10,0,0,0,0,0,0,0,47
8297,44,0,7,0,0,0,0,0,0,0,51
8298,50,0,9,0,0,0,0,0,0,0,59
8299,48,0,6,0,0,0,0,0,0,0,54
8300,40,0,7,0,0,0,0,0,0,0,47
8301,39,0,9,0,0,0,0,0,0,0,48
8302,45,0,10,0,0,0,0,0,0,0,55
8303,54,0,10,0,0,0,0,0,0,0,64
8304,53,0,17,0,0,0,0,0,0,0,70
8305,49,0,24,0,0,0,0,0,0,0,73
8306,45,0,22,0,0,0,0,0,0,0,67
8307,54,0,15,0,0,0,0,0,0,0,69
8308,50,0,22,0,0,0,0,0,0,0,72
8309,54,0,16,0,0,0,0,0,0,0,70
8310,53,0,14,0,0,0,0,0,0,0,67
8311,54,0,14,0,0,0,0,0,0,0,68
8312,63,1,15,0,0,0,0,0,0,0,79
8313,70,0,9,0,0,0,0,0,0,0,79
8314,82,0,6,0,0,0,0,0,0,0,88
8315,79,0,5,0,0,0,0,0,0,0,84
8316,68,0,5,0,0,0,0,0,0,0,73
8317,52,0,9,0,0,0,0,0,0,0,61
8318,42,0,7,0,0,0,0,0,0,0,49
8319,64,0,8,0,0,0,0,0,0,0,72
8320,72,0,6,0,0,0,0,0,1,0,78
8321,61,0,9,0,0,0,0,0,1,0,70
8322,68,0,7,0,0,0,0,0,3,0,75
8323,69,0,2,0,0,0,0,0,3,0,71
8324,63,0,6,0,0,0,0,0,5,0,69
8325,57,0,8,0,0,0,0,0,5,0,65
8326,66,0,5,0,0,0,0,0,4,0,71
8327,56,0,8,0,0,0,0,0,5,0,64
8328,51,0,10,0,0,0,0,0,5,0,61
8329,71,0,4,0,0,0,0,0,3,0,75
8330,67,0,2,0,0,0,0,0,0,0,69
8331,55,0,0,0,0,0,0,0,1,0,55
8332,50,0,2,0,0,0,0,0,0,0,52
8333,52,0,1,0,0,0,0,0,1,0,53
8334,45,0,4,0,0,0,0,0,0,0,49
8335,46,0,10,0,0,0,0,0,0,0,56
8336,40,0,10,0,0,0,0,0,5,0,50
8337,43,0,5,0,0,0,0,0,4,0,48
8338,33,0,5,0,0,0,0,0,1,0,38
8339,42,0,6,0,0,0,0,0,1,0,48
8340,47,0,2,0,0,0,0,0,0,0,49
8341,50,0,3,0,0,0,0,0,0,0,53
8342,47,0,9,0,0,0,0,0,0,0,56
8343,45,0,10,0,0,0,0,0,2,0,55
8344,32,0,11,0,0,0,0,0,0,0,43
8345,25,0,8,0,0,0,0,0,0,0,33
8346,27,0,6,0,0,0,0,0,0,0,33
8347,37,0,7,0,0,0,0,0,1,0,44
8348,39,0,10,0,0,0,0,0,5,0,49
8349,39,0,11,0,0,0,0,0,4,0,50
8350,43,0,9,0,0,0,0,0,5,0,52
8351,33,0,10,0,0,0,0,0,0,0,43
8352,32,0,11,0,0,0,0,0,3,0,43
8353,25,0,13,0,0,0,0,0,2,0,38
8354,31,0,13,0,0,0,0,0,0,0,44
8355,29,0,9,0,0,0,0,0,2,0,38
8356,30,0,9,0,0,0,0,0,0,0,39
8357,26,0,5,0,0,0,0,0,4,0,31
8358,34,0,5,0,0,0,0,0,0,0,39
8359,47,0,2,0,0,0,0,0,0,0,49
8360,50,0,2,0,0,0,0,0,4,0,52
8361,53,0,2,0,0,0,0,0,0,0,55
8362,58,0,0,0,0,0,0,0,0,0,58
8363,61,0,0,0,0,0,0,0,2,0,61
8364,71,0,0,0,0,0,0,0,3,0,71
8365,72,0,0,0,0,0,0,0,1,0,72
8366,65,0,4,0,0,0,0,0,0,0,69
8367,61,0,4,0,0,0,0,0,4,0,65
8368,63,0,5,0,0,0,0,0,5,0,68
8369,67,0,5,0,0,0,0,0,5,0,72
8370,69,0,5,0,0,0,0,0,2,0,74
8371,64,0,1,0,0,0,0,0,1,0,65
8372,64,0,0,0,0,0,0,0,0,0,64
8373,60,0,0,0,0,0,0,0,0,0,60
8374,60,0,0,0,0,0,0,0,0,0,60
8375,62,0,0,0,0,0,0,0,0,0,62
8376,64,0,0,0,0,0,0,0,0,0,64
8377,56,0,0,0,0,0,0,0,0,0,56
8378,61,0,0,0,0,0,0,0,0,0,61
8379,67,0,2,0,0,0,0,0,0,0,69
8380,60,0,6,0,0,0,0,0,0,0,66
8381,63,0,8,0,0,0,0,0,0,0,71
8382,66,0,5,0,0,0,0,0,3,0,71
8383,69,0,6,0,0,0,0,0,2,0,75
8384,68,0,7,0,0,0,0,0,3,0,75
8385,62,0,5,0,0,0,0,0,2,0,67
8386,59,0,5,0,0,0,0,0,3,0,64
8387,55,0,5,0,0,0,0,0,4,0,60
8388,54,0,5,0,0,0,0,0,5,0,59
8389,53,0,5,0,0,0,0,0,5,0,58
8390,58,0,8,0,0,0,0,0,5,0,66
8391,51,0,10,0,0,0,0,0,5,0,61
8392,50,0,7,0,0,0,0,0,5,0,57
8393,49,1,2,0,0,0,0,0,2,0,52
8394,66,0,0,0,0,0,0,0,0,0,66
8395,61,0,2,0,0,0,0,0,0,0,63
8396,57,0,0,0,0,0,0,0,0,0,57
8397,54,0,0,0,0,0,0,0,3,0,54
8398,43,0,0,0,0,0,0,0,3,0,43
8399,43,0,0,0,0,0,0,0,3,0,43
8400,46,0,0,0,0,0,0,0,1,0,46
8401,39,0,0,0,0,0,0,0,0,0,39
8402,46,0,0,0,0,0,0,0,0,0,46
8403,49,0,0,0,0,0,0,0,0,0,49
8404,53,0,0,0,0,0,0,0,0,0,53
8405,47,0,0,0,0,0,0,0,4,0,47
8406,57,0,0,0,0,0,0,0,4,0,57
8407,57,0,0,0,0,0,0,0,5,0,57
8408,51,0,0,0,0,0,0,0,1,0,51
8409,52,0,0,0,0,0,0,0,0,0,52
8410,56,0,0,0,0,0,0,0,1,0,56
8411,51,0,0,0,0,0,0,0,2,0,51
8412,50,0,0,0,0,0,0,0,1,0,50
8413,47,0,0,0,0,0,0,0,0,0,47
8414,49,0,0,0,0,0,0,0,0,0,49
8415,51,0,0,0,0,0,0,0,0,0,51
8416,50,0,0,0,0,0,0,0,4,0,50
8417,43,0,1,0,0,0,0,0,5,0,44
8418,46,0,5,0,0,0,0,0,1,0,51
8419,42,0,5,0,0,0,0,0,1,0,47
8420,40,0,9,0,0,0,0,0,0,0,49
8421,42,0,10,0,0,0,0,0,1,0,52
8422,33,0,9,0,0,0,0,0,0,0,42
8423,30,0,7,0,0,0,0,0,0,0,37
8424,30,0,5,0,0,0,0,0,0,0,35
8425,50,0,2,0,0,0,0,0,1,0,52
8426,43,0,2,0,0,0,0,0,0,0,45
8427,36,0,2,0,0,0,0,0,2,0,38
8428,32,0,7,0,0,0,0,0,1,0,39
8429,32,0,5,0,0,0,0,0,3,0,37
8430,27,0,5,0,0,0,0,0,1,0,32
8431,38,0,5,0,0,0,0,0,4,0,43
8432,51,0,6,0,0,0,0,0,1,0,57
8433,44,0,1,0,0,0,0,0,0,0,45
8434,51,0,0,0,0,0,0,0,1,0,51
8435,39,0,0,0,0,0,0,0,0,0,39
8436,32,0,1,0,0,0,0,0,0,0,33
8437,35,0,3,0,0,0,0,0,0,0,38
8438,39,2,6,0,0,0,0,0,0,0,47
8439,41,0,5,0,0,0,0,0,2,0,46
8440,43,0,4,0,0,0,0,0,0,0,47
8441,33,0,2,0,0,0,0,0,1,0,35
8442,33,0,3,0,0,0,0,0,0,0,36
8443,40,0,5,0,0,0,0,0,2,0,45
8444,44,0,2,0,0,0,0,0,0,0,46
8445,35,0,0,0,0,0,0,0,0,0,35
8446,33,0,1,0,0,0,0,0,0,0,34
8447,31,0,4,0,0,0,0,0,0,0,35
8448,30,0,8,0,0,0,0,0,3,0,38
8449,29,0,5,0,0,0,0,0,1,0,34
8450,21,0,7,0,0,0,0,0,4,0,28
8451,13,0,11,0,0,0,0,0,5,0,24
8452,5,0,9,0,0,0,0,0,1,0,14
8453,9,0,7,0,0,0,0,0,0,0,16
8454,22,2,5,0,0,0,0,0,3,0,29
8455,20,0,5,0,0,0,0,0,2,0,25
8456,30,0,1,0,0,0,0,0,4,0,31
8457,27,0,4,0,0,0,0,0,1,0,31
8458,37,0,2,0,0,0,0,0,0,0,39
8459,39,0,0,0,0,0,0,0,0,0,39
8460,40,0,0,0,0,0,0,0,1,0,40
8461,45,0,0,0,0,0,0,0,0,0,45
8462,49,0,0,0,0,0,0,0,0,0,49
8463,45,0,0,0,0,0,0,0,0,0,45
8464,46,0,0,0,0,0,0,0,2,0,46
8465,38,0,0,0,0,0,0,0,0,0,38
8466,39,0,1,0,0,0,0,0,0,0,40
8467,39,0,4,0,0,0,0,0,4,0,43
8468,45,0,5,0,0,0,0,0,3,0,50
8469,35,0,9,0,0,0,0,0,5,0,44
8470,43,0,10,0,0,0,0,0,5,0,53
8471,48,0,9,0,0,0,0,0,5,0,57
8472,37,0,10,0,0,0,0,0,2,0,47
8473,38,0,11,0,0,0,0,0,0,0,49
8474,45,0,15,0,0,0,0,0,0,0,60
8475,46,0,16,0,0,0,0,0,0,0,62
8476,42,0,19,0,0,0,0,0,0,0,61
8477,44,0,20,0,0,0,0,0,0,0,64
8478,46,0,14,0,0,0,0,0,0,0,60
8479,37,0,20,0,0,0,0,0,0,0,57
8480,42,0,20,0,0,0,0,0,0,0,62
8481,44,0,20,0,0,0,0,0,0,0,64
8482,42,0,15,0,0,0,0,0,0,0,57
8483,43,0,15,0,0,0,0,0,0,0,58
8484,39,0,15,0,0,0,0,0,0,0,54
8485,46,0,15,0,0,0,0,0,0,0,61
8486,44,0,15,0,0,0,0,0,0,0,59
8487,40,0,15,0,0,0,0,0,0,0,55
8488,36,0,14,0,0,0,0,0,0,0,50
8489,31,0,14,0,0,0,0,0,0,0,45
8490,35,3,12,0,0,0,0,0,2,0,50
8491,34,0,20,0,0,0,0,0,1,0,54
8492,39,0,14,0,0,0,0,0,1,0,53
8493,40,0,15,0,0,0,0,0,2,0,55
8494,34,0,14,0,0,0,0,0,4,0,48
8495,31,0,13,0,0,0,0,0,5,0,44
8496,30,0,9,0,0,0,0,0,5,0,39
8497,39,0,6,0,0,0,0,0,3,0,45
8498,35,0,8,0,0,0,0,0,2,0,43
8499,31,0,6,0,0,0,0,0,4,0,37
8500,39,0,5,0,0,0,0,0,1,0,44
8501,42,0,6,0,0,0,0,0,0,0,48
8502,38,0,5,0,0,0,0,0,0,0,43
8503,44,0,5,0,0,0,0,0,2,0,49
8504,46,0,5,0,0,0,0,0,1,0,51
8505,49,0,5,0,0,0,0,0,5,0,54
8506,42,0,5,0,0,0,0,0,5,0,47
8507,38,0,7,0,0,0,0,0,2,0,45
8508,29,0,8,0,0,0,0,0,1,0,37
8509,33,0,5,0,0,0,0,0,5,0,38
8510,39,0,5,0,0,0,0,0,5,0,44
8511,37,0,5,0,0,0,0,0,5,0,42
8512,34,0,8,0,0,0,0,0,5,0,42
8513,26,0,10,0,0,0,0,0,0,0,36
8514,34,0,6,0,0,0,0,0,4,0,40
8515,35,0,5,0,0,0,0,0,4,0,40
8516,35,0,5,0,0,0,0,0,0,0,40
8517,33,0,5,0,0,0,0,0,1,0,38
8518,37,0,5,0,0,0,0,0,5,0,42
8519,31,0,5,0,0,0,0,0,2,0,36
8520,37,0,5,0,0,0,0,0,1,0,42
8521,38,0,5,0,0,0,0,0,3,0,43
8522,32,0,6,0,0,0,0,0,1,0,38
8523,36,0,11,0,0,0,0,0,3,0,47
8524,46,0,10,0,0,0,0,0,4,0,56
8525,46,0,10,0,0,0,0,0,3,0,56
8526,45,0,10,0,0,0,0,0,1,0,55
8527,44,0,10,0,0,0,0,0,1,0,54
8528,39,0,6,0,0,0,0,0,1,0,45
8529,33,0,5,0,0,0,0,0,0,0,38
8530,37,0,8,0,0,0,0,0,1,0,45
8531,43,0,10,0,0,0,0,0,5,0,53
8532,39,0,7,0,0,0,0,0,4,0,46
8533,35,0,6,0,0,0,0,0,0,0,41
8534,32,0,7,0,0,0,0,0,0,0,39
8535,47,0,7,0,0,0,0,0,0,0,54
8536,57,0,5,0,0,0,0,0,1,0,62
8537,52,0,1,0,0,0,0,0,0,0,53
8538,48,0,4,0,0,0,0,0,0,0,52
8539,49,0,4,0,0,0,0,0,0,0,53
8540,45,0,7,0,0,0,0,0,0,0,52
8541,41,0,8,0,0,0,0,0,0,0,49
8542,34,1,14,0,0,0,0,0,0,0,49
8543,28,5,11,0,0,0,0,0,0,0,44
8544,27,1,18,0,0,0,0,0,0,0,46
8545,42,0,17,0,0,0,0,0,0,0,59
8546,41,1,12,0,0,0,0,0,0,0,54
8547,37,0,12,0,0,0,0,0,0,0,49
8548,42,0,6,0,0,0,0,0,0,0,48
8549,46,0,10,0,0,0,0,0,0,0,56
8550,45,0,9,0,0,0,0,0,0,0,54
8551,46,0,10,0,0,0,0,0,0,0,56
8552,45,0,13,0,0,0,0,0,0,0,58
8553,45,0,9,0,0,0,0,0,0,0,54
8554,35,0,10,0,0,0,0,0,0,0,45
8555,49,0,4,0,0,0,0,0,0,0,53
8556,59,0,5,0,0,0,0,0,0,0,64
8557,59,0,2,0,0,0,0,0,1,0,61
8558,61,0,6,0,0,0,0,0,0,0,67
8559,53,0,5,0,0,0,0,0,0,0,58
8560,40,0,5,0,0,0,0,0,0,0,45
8561,41,0,5,0,0,0,0,0,0,0,46
8562,35,0,0,0,0,0,0,0,0,0,35
8563,37,0,5,0,0,0,0,0,0,0,42
8564,34,0,3,0,0,0,0,0,0,0,37
8565,41,0,0,0,0,0,0,0,0,0,41
8566,43,0,1,0,0,0,0,0,0,0,44
8567,39,0,5,0,0,0,0,0,0,0,44
8568,34,0,5,0,0,0,0,0,0,0,39
8569,15,0,5,0,0,0,0,0,0,0,20
8570,35,0,3,0,0,0,0,0,0,0,38
8571,45,0,0,0,0,0,0,0,0,0,45
8572,48,0,0,0,0,0,0,0,0,0,48
8573,50,0,0,0,0,0,0,0,0,0,50
8574,48,0,0,0,0,0,0,0,0,0,48
8575,42,0,0,0,0,0,0,0,0,0,42
8576,46,0,0,0,0,0,0,0,0,0,46
8577,55,0,0,0,0,0,0,0,0,0,55
8578,53,0,0,0,0,0,0,0,0,0,53
8579,53,0,0,0,0,0,0,0,0,0,53
8580,58,0,0,0,0,0,0,0,0,0,58
8581,63,0,0,0,0,0,0,0,0,0,63
8582,66,0,1,0,0,0,0,0,0,0,67
8583,65,0,0,0,0,0,0,0,0,0,65
8584,59,0,1,0,0,0,0,0,0,0,60
8585,64,0,0,0,0,0,0,0,0,0,64
8586,63,0,0,0,0,0,0,0,0,0,63
8587,72,0,0,0,0,0,0,0,0,0,72
8588,77,0,0,0,0,0,0,0,0,0,77
8589,76,0,1,0,0,0,0,0,0,0,77
8590,77,0,0,0,0,0,0,0,0,0,77
8591,77,0,1,0,0,0,0,0,0,0,78
8592,68,0,0,0,0,0,0,0,1,0,68
8593,78,0,0,0,0,0,0,0,1,0,78
8594,69,0,0,0,0,0,0,0,0,0,69
8595,74,0,1,0,0,0,0,0,0,0,75
8596,74,0,2,0,0,0,0,0,0,0,76
8597,72,0,4,0,0,0,0,0,0,0,76
8598,73,0,0,0,0,0,0,0,0,0,73
8599,68,0,1,0,0,0,0,0,0,0,69
8600,69,0,0,0,0,0,0,0,0,0,69
8601,57,0,4,0,0,0,0,0,0,0,61
8602,61,0,3,0,0,0,0,0,0,0,64
8603,67,0,1,0,0,0,0,0,0,0,68
8604,57,0,0,0,0,0,0,0,0,0,57
8605,56,0,0,0,0,0,0,0,0,0,56
8606,59,0,0,0,0,0,0,0,0,0,59
8607,63,0,0,0,0,0,0,0,0,0,63
8608,53,0,0,0,0,0,0,0,0,0,53
8609,53,0,0,0,0,0,0,0,0,0,53
8610,55,0,0,0,0,0,0,0,0,0,55
8611,54,0,0,0,0,0,0,0,0,0,54
8612,56,0,0,0,0,0,0,0,0,0,56
8613,62,0,0,0,0,0,0,0,0,0,62
8614,63,0,0,0,0,0,0,0,0,0,63
8615,64,0,0,0,0,0,0,0,0,0,64
8616,50,0,0,0,0,0,0,0,0,0,50
8617,51,0,0,0,0,0,0,0,0,0,51
8618,64,0,3,0,0,0,0,0,0,0,67
8619,70,0,0,0,0,0,0,0,0,0,70
8620,63,0,0,0,0,0,0,0,0,0,63
8621,64,0,0,0,0,0,0,0,0,0,64
8622,66,0,0,0,0,0,0,0,0,0,66
8623,61,0,0,0,0,0,0,0,0,0,61
8624,57,0,0,0,0,0,0,0,0,0,57
8625,61,0,0,0,0,0,0,0,0,0,61
8626,59,0,0,0,0,0,0,0,0,0,59
8627,59,0,1,0,0,0,0,0,0,0,60
8628,60,0,0,0,0,0,0,0,0,0,60
8629,66,0,0,0,0,0,0,0,0,0,66
8630,67,0,0,0,0,0,0,0,0,0,67
8631,61,0,0,0,0,0,0,0,0,0,61
8632,63,0,0,0,0,0,0,0,0,0,63
8633,64,0,0,0,0,0,0,0,0,0,64
8634,63,0,0,0,0,0,0,0,0,0,63
8635,60,0,0,0,0,0,0,0,0,0,60
8636,60,0,0,0,0,0,0,0,0,0,60
8637,58,0,1,0,0,0,0,0,0,0,59
8638,41,0,1,0,0,0,0,0,0,0,42
8639,49,0,2,0,0,0,0,0,0,0,51
8640,45,0,4,0,0,0,0,0,0,0,49
8641,45,0,5,0,0,0,0,0,0,0,50
8642,47,0,5,0,0,0,0,0,0,0,52
8643,37,0,5,0,0,0,0,0,0,0,42
8644,52,0,2,0,0,0,0,0,0,0,54
8645,66,0,0,0,0,0,0,0,0,0,66
8646,58,0,0,0,0,0,0,0,0,0,58
8647,64,0,0,0,0,0,0,0,0,0,64
8648,64,0,3,0,0,0,0,0,0,0,67
8649,53,0,5,0,0,0,0,0,0,0,58
8650,53,0,5,0,0,0,0,0,0,0,58
8651,51,0,4,0,0,0,0,0,0,0,55
8652,51,0,1,0,0,0,0,0,0,0,52
8653,52,0,0,0,0,0,0,0,0,0,52
8654,61,0,0,0,0,0,0,0,0,0,61
8655,52,0,0,0,0,0,0,0,0,0,52
8656,53,0,0,0,0,0,0,0,0,0,53
8657,57,0,0,0,0,0,0,0,0,0,57
8658,59,0,0,0,0,0,0,0,0,0,59
8659,53,0,0,0,0,0,0,0,0,0,53
8660,53,0,0,0,0,0,0,0,0,0,53
8661,68,0,0,0,0,0,0,0,0,0,68
8662,56,0,0,0,0,0,0,0,0,0,56
8663,70,0,0,0,0,0,0,0,0,0,70
8664,53,0,3,0,0,0,0,0,0,0,56
8665,56,0,3,0,0,0,0,0,0,0,59
8666,44,0,6,0,0,0,0,0,0,0,50
8667,60,0,5,0,0,0,0,0,0,0,65
8668,57,0,6,0,0,0,0,0,0,0,63
8669,65,0,5,0,0,0,0,0,0,0,70
8670,57,0,5,0,0,0,0,0,0,0,62
8671,64,0,3,0,0,0,0,0,0,0,67
8672,53,0,0,0,0,0,0,0,0,0,53
8673,50,0,0,0,0,0,0,0,0,0,50
8674,57,0,0,0,0,0,0,0,0,0,57
8675,52,0,0,0,0,0,0,0,0,0,52
8676,57,0,0,0,0,0,0,0,4,0,57
8677,52,0,0,0,0,0,0,0,5,0,52
8678,61,0,0,0,0,0,0,0,5,0,61
8679,59,0,0,0,0,0,0,0,5,0,59
8680,51,0,2,0,0,0,0,0,5,0,53
8681,51,0,4,0,0,0,0,0,5,0,55
8682,55,0,2,0,0,0,0,0,5,0,57
8683,66,0,2,0,0,0,0,0,5,0,68
8684,63,0,0,0,0,0,0,0,5,0,63
8685,54,0,0,0,0,0,0,0,5,0,54
8686,53,0,0,0,0,0,0,0,5,0,53
8687,59,0,0,0,0,0,0,0,5,0,59
8688,58,0,0,0,0,0,0,0,5,0,58
8689,56,0,2,0,0,0,0,0,5,0,58
8690,58,0,4,0,0,0,0,0,5,0,62
8691,53,0,3,0,0,0,0,0,5,0,56
8692,48,0,1,0,0,0,0,0,2,0,49
8693,48,0,1,0,0,0,1,0,0,0,50
8694,52,0,3,0,0,0,0,0,0,0,55
8695,59,0,1,0,0,0,0,0,0,0,60
8696,61,0,0,0,0,0,0,0,0,0,61
8697,64,0,0,0,0,0,0,0,0,0,64
8698,61,0,0,0,0,0,0,0,0,0,61
8699,54,0,0,0,0,0,0,0,0,0,54
8700,52,0,0,0,0,0,0,0,0,0,52
8701,59,0,0,0,0,0,0,0,0,0,59
8702,56,0,0,0,0,0,0,0,0,0,56
8703,60,0,0,0,0,0,0,0,0,0,60
8704,56,0,1,0,0,0,0,0,0,0,57
8705,52,0,1,0,0,0,0,0,0,0,53
8706,52,0,3,0,0,0,0,0,0,0,55
8707,53,0,5,0,0,0,0,0,0,0,58
8708,51,0,5,0,0,0,0,0,0,0,56
8709,52,0,3,0,0,0,0,0,0,0,55
8710,49,0,0,0,0,0,0,0,0,0,49
8711,44,0,0,0,0,0,0,0,0,0,44
8712,51,0,0,0,0,0,0,0,0,0,51
8713,50,0,0,0,0,0,0,0,0,0,50
8714,52,0,0,0,0,0,0,0,0,0,52
8715,53,0,0,0,0,0,0,0,0,0,53
8716,51,0,0,0,0,0,0,0,0,0,51
8717,56,0,1,0,0,0,0,0,0,0,57
8718,49,0,4,0,0,0,0,0,0,0,53
8719,59,0,2,0,0,0,0,0,0,0,61
8720,69,0,0,0,0,0,0,0,0,0,69
8721,64,0,2,0,0,0,0,0,0,0,66
8722,66,0,3,0,0,0,0,0,0,0,69
8723,67,0,4,0,0,0,0,0,0,0,71
8724,63,0,1,0,0,0,0,0,0,0,64
8725,63,0,0,0,0,0,0,0,0,0,63
8726,72,0,0,0,0,0,0,0,0,0,72
8727,67,0,0,0,0,0,0,0,0,0,67
8728,74,0,3,0,0,0,0,0,0,0,77
8729,64,0,0,0,0,0,0,0,0,0,64
8730,64,0,0,0,0,0,0,0,0,0,64
8731,62,0,0,0,0,0,0,0,0,0,62
8732,61,0,0,0,0,0,0,0,0,0,61
8733,57,0,0,0,0,0,0,0,0,0,57
8734,57,0,3,0,0,0,0,0,0,0,60
8735,56,0,3,0,0,0,0,0,0,0,59
8736,59,0,5,0,0,0,0,0,0,0,64
8737,57,0,6,0,0,0,0,0,0,0,63
8738,57,0,4,0,0,0,0,0,0,0,61
8739,53,0,0,0,0,0,0,0,0,0,53
8740,65,0,5,0,0,0,0,0,0,0,70
8741,67,0,4,0,0,0,0,0,0,0,71
8742,77,0,0,0,0,0,0,0,0,0,77
8743,53,0,0,0,0,0,0,0,0,0,53
8744,75,0,0,0,0,0,0,0,0,0,75
8745,63,0,1,0,0,0,0,0,0,0,64
8746,64,0,0,0,0,0,0,0,0,0,64
8747,83,0,1,0,0,0,0,0,0,0,84
8748,78,0,0,0,0,0,0,0,0,0,78
8749,54,0,0,0,0,0,0,0,0,0,54
8750,66,0,0,0,0,0,0,0,0,0,66
8751,67,0,0,0,0,0,0,0,0,0,67
8752,53,0,0,0,0,0,0,0,0,0,53
8753,59,0,0,0,0,0,0,0,0,0,59
8754,62,0,0,0,0,0,0,0,0,0,62
8755,53,0,0,0,0,0,0,0,0,0,53
8756,58,0,0,0,0,0,0,0,0,0,58
8757,58,0,3,0,0,0,0,0,0,0,61
8758,57,0,0,0,0,0,0,0,0,0,57
8759,57,0,0,0,0,0,0,0,0,0,57
8760,55,0,0,0,0,0,0,0,0,0,55
8761,44,0,2,0,0,0,0,0,0,0,46
8762,51,0,5,0,0,0,0,0,0,0,56
8763,44,0,5,0,0,0,0,0,0,0,49
8764,52,0,5,0,0,0,0,0,0,0,57
8765,44,0,8,0,0,0,0,0,0,0,52
8766,49,0,10,0,0,0,0,0,0,0,59
8767,42,0,10,0,0,0,0,0,0,0,52
8768,39,0,10,0,0,0,0,0,0,0,49
8769,41,0,9,0,0,0,0,0,0,0,50
8770,48,0,7,0,0,0,0,0,0,0,55
8771,63,0,5,0,0,0,0,0,0,0,68
8772,77,0,5,0,0,0,0,0,0,0,82
8773,87,0,6,0,0,0,0,0,0,0,93
8774,63,0,0,0,0,0,0,0,0,0,63
8775,72,0,0,0,0,0,0,0,0,0,72
8776,63,0,2,0,0,0,0,0,0,0,65
8777,76,0,2,0,0,0,0,0,0,0,78
8778,77,0,0,0,0,0,0,0,0,0,77
8779,88,0,0,0,0,0,0,0,0,0,88
8780,75,0,0,0,0,0,0,0,0,0,75
8781,68,0,1,0,0,0,0,0,0,0,69
8782,67,0,0,0,0,0,0,0,0,0,67
8783,69,0,0,0,0,0,0,0,0,0,69
8784,70,0,0,0,0,0,0,0,0,0,70
8785,66,0,0,0,0,0,0,0,0,0,66
8786,71,0,1,0,0,0,0,0,0,0,72
8787,68,0,3,0,0,0,0,0,0,0,71
8788,59,0,5,0,0,0,0,0,0,0,64
8789,69,0,3,0,0,0,0,0,0,0,72
8790,69,0,2,0,0,0,0,0,0,0,71
8791,76,0,2,0,0,0,0,0,0,0,78
8792,75,0,0,0,0,0,0,0,0,0,75
8793,75,0,0,0,0,0,0,0,0,0,75
8794,73,0,0,0,0,0,0,0,0,0,73
8795,72,0,0,0,0,0,0,0,0,0,72
8796,67,0,0,0,0,0,0,0,0,0,67
8797,71,0,0,0,0,0,0,0,0,0,71
8798,71,0,2,0,0,0,3,0,0,0,76
8799,78,0,5,0,0,0,5,0,0,0,88
8800,78,0,5,0,0,0,5,0,1,0,88
8801,75,0,5,0,0,0,5,0,4,0,85
8802,76,0,5,0,0,0,5,0,1,0,86
8803,72,0,5,0,0,0,5,0,4,0,82
8804,69,0,5,0,0,0,5,0,5,0,79
8805,72,0,5,0,0,0,5,0,5,0,82
8806,69,0,5,0,0,0,5,0,4,0,79
8807,69,0,5,0,0,0,5,0,4,0,79
8808,60,0,5,0,0,0,5,0,1,0,70
8809,58,0,5,0,0,0,5,0,3,0,68
8810,58,0,5,0,0,0,5,0,4,0,68
8811,47,0,5,0,0,0,5,0,0,0,57
8812,49,0,5,0,0,0,4,0,1,0,58
8813,59,0,4,0,0,0,5,0,3,0,68
8814,53,0,4,0,0,0,5,0,5,0,62
8815,56,0,5,0,0,0,5,0,5,0,66
8816,69,0,5,0,0,0,5,0,5,0,79
8817,64,0,4,0,0,0,5,0,5,0,73
8818,58,0,5,0,0,0,5,0,5,0,68
8819,60,0,5,0,0,0,5,0,4,0,70
8820,52,0,5,0,0,0,5,0,1,0,62
8821,48,0,5,0,0,0,5,0,4,0,58
8822,45,0,5,0,0,0,4,0,0,0,54
8823,51,0,4,0,0,0,0,0,0,0,55
8824,38,0,5,0,0,0,0,0,0,0,43
8825,41,0,5,0,0,0,0,0,0,0,46
8826,38,0,8,0,0,0,0,0,0,0,46
8827,46,0,5,0,0,0,0,0,0,0,51
8828,59,0,5,0,0,0,0,0,4,0,64
8829,49,0,5,0,0,0,0,0,0,0,54
8830,54,0,7,0,0,0,0,0,0,0,61
8831,47,0,5,0,0,0,0,0,0,0,52
8832,57,0,5,0,0,0,0,0,0,0,62
8833,57,0,6,0,0,0,0,0,0,0,63
8834,64,0,5,0,0,0,0,0,0,0,69
8835,43,0,5,0,0,0,0,0,0,0,48
8836,58,0,5,0,0,0,0,0,0,0,63
8837,38,0,5,0,0,0,0,0,0,0,43
8838,45,0,5,0,0,0,0,0,0,0,50
8839,49,0,5,0,0,0,0,0,0,0,54
8840,55,0,6,0,0,0,0,0,0,0,61
8841,53,0,10,0,0,0,0,0,0,0,63
8842,44,0,10,0,0,0,0,0,0,0,54
8843,39,0,13,0,0,0,0,0,0,0,52
8844,26,0,18,0,0,0,0,0,0,0,44
8845,36,0,20,0,0,0,0,0,0,0,56
8846,37,0,14,0,0,0,0,0,0,0,51
8847,32,0,8,0,0,0,0,0,0,0,40
8848,38,0,7,0,0,0,0,0,0,0,45
8849,43,0,12,0,0,0,0,0,0,0,55
8850,48,0,12,0,0,0,0,0,0,0,60
8851,58,0,10,0,0,0,0,0,0,0,68
8852,66,0,7,0,0,0,0,0,0,0,73
8853,54,0,5,0,0,0,0,0,0,0,59
8854,55,0,5,0,0,0,0,0,0,0,60
8855,61,0,0,0,0,0,0,0,0,0,61
8856,65,0,5,0,0,0,0,0,0,0,70
8857,70,0,8,0,0,0,0,0,0,0,78
8858,71,0,12,0,0,0,0,0,0,0,83
8859,52,0,9,0,0,0,0,0,0,0,61
8860,26,0,15,0,0,0,0,0,0,0,41
8861,39,0,18,0,0,0,0,0,0,0,57
8862,45,0,15,0,0,0,0,0,0,0,60
8863,34,0,10,0,0,0,0,0,0,0,44
8864,47,0,9,0,0,0,0,0,0,0,56
8865,50,0,8,0,0,0,0,0,0,0,58
8866,46,0,8,0,0,0,0,0,0,0,54
8867,46,0,6,0,0,0,0,0,0,0,52
8868,39,0,5,0,0,0,0,0,0,0,44
8869,36,0,6,0,0,0,0,0,0,0,42
8870,44,0,7,0,0,0,0,0,0,0,51
8871,46,0,11,0,0,0,0,0,0,0,57
8872,59,0,7,0,0,0,0,0,0,0,66
8873,45,0,5,0,0,0,0,0,0,0,50
8874,31,0,5,0,0,0,0,0,0,0,36
8875,42,0,5,0,0,0,0,0,0,0,47
8876,51,0,5,0,0,0,0,0,0,0,56
8877,55,0,5,0,0,0,0,0,0,0,60
8878,68,0,1,0,0,0,0,0,0,0,69
8879,67,0,0,0,0,0,0,0,0,0,67
8880,60,0,0,0,0,0,0,0,0,0,60
8881,58,0,3,0,0,0,0,0,0,0,61
8882,56,0,4,0,0,0,0,0,0,0,60
8883,50,0,5,0,0,0,0,0,0,0,55
8884,43,0,7,0,0,0,0,0,0,0,50
8885,52,0,10,0,0,0,0,0,0,0,62
8886,50,0,9,0,0,0,0,0,0,0,59
8887,56,0,11,0,0,0,0,0,0,0,67
8888,58,0,8,0,0,0,0,0,0,0,66
8889,54,0,5,0,0,0,0,0,0,0,59
8890,66,0,3,0,0,0,0,0,0,0,69
8891,68,0,0,0,0,0,0,0,0,0,68
8892,66,0,0,0,0,0,0,0,0,0,66
8893,61,0,0,0,0,0,0,0,0,0,61
8894,47,0,0,0,0,0,0,0,0,0,47
8895,46,0,0,0,0,0,0,0,0,0,46
8896,49,0,3,0,0,0,0,0,0,0,52
8897,56,0,5,0,0,0,0,0,0,0,61
8898,51,0,3,0,0,0,0,0,0,0,54
8899,54,0,0,0,0,0,0,0,0,0,54
8900,53,0,0,0,0,0,0,0,0,0,53
8901,54,0,0,0,0,0,0,0,0,0,54
8902,61,0,0,0,0,0,0,0,0,0,61
8903,54,0,0,0,0,0,0,0,0,0,54
8904,54,0,0,0,0,0,0,0,0,0,54
8905,54,0,0,0,0,0,0,0,0,0,54
8906,63,0,0,0,0,0,0,0,0,0,63
8907,64,0,0,0,0,0,0,0,0,0,64
8908,61,0,0,0,0,0,0,0,0,0,61
8909,66,0,0,0,0,0,0,0,0,0,66
8910,60,0,0,0,0,0,0,0,0,0,60
8911,60,0,0,0,0,0,0,0,0,0,60
8912,71,0,0,0,0,0,0,0,0,0,71
8913,69,0,0,0,0,0,0,0,0,0,69
8914,54,0,0,0,0,0,0,0,0,0,54
8915,59,0,0,0,0,0,0,0,0,0,59
8916,67,0,0,0,0,0,0,0,0,0,67
8917,74,0,0,0,0,0,0,0,0,0,74
8918,58,0,0,0,0,0,0,0,0,0,58
8919,64,0,0,0,0,0,0,0,0,0,64
8920,72,0,0,0,0,0,0,0,0,0,72
8921,80,0,0,0,0,0,0,0,0,0,80
8922,73,0,0,0,0,0,0,0,0,0,73
8923,76,0,3,0,0,0,0,0,0,0,79
8924,76,0,0,0,0,0,0,0,0,0,76
8925,70,0,0,0,0,0,0,0,0,0,70
8926,66,0,0,0,0,0,0,0,0,0,66
8927,62,0,0,0,0,0,0,0,0,0,62
8928,75,0,0,0,0,0,0,0,0,0,75
8929,71,0,2,0,0,0,0,0,0,0,73
8930,79,0,1,0,0,0,0,0,0,0,80
8931,87,0,0,0,0,0,0,0,0,0,87
8932,72,0,0,0,0,0,0,0,0,0,72
8933,77,0,0,0,0,0,0,0,0,0,77
8934,85,0,0,0,0,0,0,0,0,0,85
8935,86,0,0,0,0,0,0,0,0,0,86
8936,84,0,0,0,0,0,0,0,0,0,84
8937,85,0,0,0,0,0,0,0,0,0,85
8938,84,0,1,0,0,0,0,0,0,0,85
8939,67,0,4,0,0,0,0,0,0,0,71
8940,60,0,6,0,0,0,0,0,0,0,66
8941,62,0,3,0,0,0,0,0,0,0,65
8942,67,0,3,0,0,0,0,0,0,0,70
8943,68,0,1,0,0,0,0,0,0,0,69
8944,76,0,0,0,0,0,0,0,0,0,76
8945,64,0,3,0,0,0,0,0,0,0,67
8946,78,0,5,0,0,0,0,0,0,0,83
8947,77,0,5,0,0,0,0,0,0,0,82
8948,83,0,5,0,0,0,0,0,0,0,88
8949,83,0,0,0,0,0,0,0,0,0,83
8950,84,0,0,0,0,0,0,0,0,0,84
8951,84,0,2,0,0,0,0,0,0,0,86
8952,82,0,0,0,0,0,0,0,0,0,82
8953,82,0,0,0,0,0,0,0,0,0,82
8954,71,0,3,0,0,0,0,0,0,0,74
8955,78,0,5,0,0,0,0,0,0,0,83
8956,61,0,4,0,0,0,0,0,0,0,65
8957,61,0,3,0,0,0,0,0,0,0,64
8958,66,0,0,0,0,0,0,0,0,0,66
8959,71,0,0,0,0,0,0,0,0,0,71
8960,73,0,0,0,0,0,0,0,0,0,73
8961,74,0,2,0,0,0,0,0,0,0,76
8962,75,0,4,0,0,0,0,0,0,0,79
8963,73,0,3,0,0,0,0,0,0,0,76
8964,79,0,5,0,0,0,0,0,0,0,84
8965,82,0,0,0,0,0,0,0,0,0,82
8966,76,0,0,0,0,0,0,0,0,0,76
8967,78,0,1,0,0,0,0,0,0,0,79
8968,75,0,5,0,0,0,0,0,0,0,80
8969,76,0,3,0,0,0,0,0,0,0,79
8970,70,0,4,0,0,0,0,0,0,0,74
8971,75,0,1,0,0,0,0,0,0,0,76
8972,72,0,2,0,0,0,0,0,0,0,74
8973,73,0,0,0,0,0,0,0,0,0,73
8974,76,0,2,0,0,0,0,0,0,0,78
8975,69,0,0,0,0,0,0,0,0,0,69
8976,82,0,1,0,0,0,0,0,0,0,83
8977,67,0,1,0,0,0,0,0,0,0,68
8978,72,0,5,0,0,0,0,0,0,0,77
8979,86,0,3,0,0,0,0,0,0,0,89
8980,81,0,3,0,0,0,0,0,0,0,84
8981,75,0,3,0,0,0,0,0,0,0,78
8982,64,0,6,0,0,0,0,0,0,0,70
8983,61,0,5,0,0,0,0,0,0,0,66
8984,57,0,5,0,0,0,0,0,0,0,62
8985,52,0,7,0,0,0,0,0,0,0,59
8986,50,0,4,0,0,0,0,0,0,0,54
8987,44,1,2,0,0,0,0,0,0,0,47
8988,67,0,1,0,0,0,0,0,0,0,68
8989,82,0,0,0,0,0,0,0,0,0,82
8990,75,0,0,0,0,0,0,0,0,0,75
8991,63,0,0,0,0,0,0,0,0,0,63
8992,58,0,0,0,0,0,0,0,0,0,58
8993,58,0,1,0,0,0,0,0,0,0,59
8994,57,0,3,0,0,0,0,0,0,0,60
8995,56,0,5,0,0,0,0,0,0,0,61
8996,60,0,5,0,0,0,0,0,0,0,65
8997,61,0,5,0,0,0,0,0,0,0,66
8998,60,0,4,0,0,0,0,0,0,0,64
8999,64,0,4,0,0,0,0,0,0,0,68
9000,66,0,6,0,0,0,0,0,0,0,72
9001,65,0,6,0,0,0,0,0,0,0,71
9002,65,0,5,0,0,0,0,0,0,0,70
9003,47,0,5,0,0,0,0,0,0,0,52
9004,48,0,5,0,0,0,0,0,0,0,53
9005,46,0,3,0,0,0,0,0,0,0,49
9006,57,0,5,0,0,0,0,0,0,0,62
9007,58,0,5,0,0,0,0,0,0,0,63
9008,48,0,1,0,0,0,0,0,0,0,49
9009,38,0,0,0,0,0,0,0,0,0,38
9010,49,0,0,0,0,0,0,0,0,0,49
9011,52,0,0,0,0,0,0,0,0,0,52
9012,59,0,0,0,0,0,0,0,0,0,59
9013,68,0,3,0,0,0,0,0,0,0,71
9014,62,0,4,0,0,0,0,0,0,0,66
9015,58,0,0,0,0,0,0,0,0,0,58
9016,52,0,0,0,0,0,0,0,0,0,52
9017,53,0,0,0,0,0,0,0,0,0,53
9018,58,0,0,0,0,0,0,0,0,0,58
9019,48,0,2,0,0,0,0,0,0,0,50
9020,52,0,0,0,0,0,0,0,0,0,52
9021,54,0,0,0,0,0,0,0,0,0,54
9022,49,0,0,0,0,0,0,0,0,0,49
9023,47,0,0,0,0,0,0,0,0,0,47
9024,44,0,0,0,0,0,0,0,0,0,44
9025,40,0,0,0,0,0,0,0,0,0,40
9026,41,0,0,0,0,0,0,0,0,0,41
9027,43,0,0,0,0,0,0,0,0,0,43
9028,35,0,0,0,0,0,0,0,0,0,35
9029,37,0,0,0,0,0,0,0,0,0,37
9030,33,3,1,0,0,0,0,0,0,0,37
9031,38,5,4,0,0,0,0,0,0,0,47
9032,32,5,1,0,0,0,0,0,0,0,38
9033,25,5,3,0,0,0,0,0,0,0,33
9034,39,5,6,0,0,0,0,0,0,0,50
9035,56,5,5,0,0,0,0,0,0,0,66
9036,62,5,5,0,0,0,0,0,0,0,72
9037,64,5,3,0,0,0,0,0,0,0,72
9038,61,5,2,0,0,0,0,0,0,0,68
9039,56,5,3,0,0,0,0,0,0,0,64
9040,53,5,2,0,0,0,0,0,0,0,60
9041,64,5,0,0,0,0,0,0,0,0,69
9042,62,5,0,0,0,0,0,0,0,0,67
9043,56,5,3,0,0,0,0,0,0,0,64
9044,63,5,3,0,0,0,0,0,0,0,71
9045,51,5,8,0,0,0,0,0,0,0,64
9046,63,5,3,0,0,0,0,0,0,0,71
9047,60,5,3,0,0,0,0,0,0,0,68
9048,56,5,3,0,0,0,0,0,0,0,64
9049,52,5,3,0,0,0,0,0,0,0,60
9050,48,5,5,0,0,0,0,0,0,0,58
9051,55,5,5,0,0,0,0,0,0,0,65
9052,56,5,3,0,0,0,0,0,0,0,64
9053,63,5,6,0,0,0,0,0,0,0,74
9054,69,5,2,0,0,0,0,0,0,0,76
9055,64,5,3,0,0,0,0,0,0,0,72
9056,61,5,5,0,0,0,0,0,0,0,71
9057,79,5,3,0,0,0,0,0,0,0,87
9058,82,5,1,0,0,0,0,0,0,0,88
9059,85,5,1,0,0,0,0,0,0,0,91
9060,75,5,3,0,0,0,0,0,0,0,83
9061,77,5,2,0,0,0,0,0,0,0,84
9062,84,5,2,0,0,0,0,0,0,0,91
9063,85,5,3,0,0,0,0,0,0,0,93
9064,88,5,3,0,0,0,0,0,0,0,96
9065,89,5,5,0,0,0,0,0,0,0,99
9066,78,5,5,0,0,0,0,0,0,0,88
9067,71,4,5,0,0,0,0,0,0,0,80
9068,75,5,4,0,0,0,0,0,0,0,84
9069,64,5,5,0,0,0,0,0,0,0,74
9070,57,5,4,0,0,0,0,0,0,0,66
9071,54,5,5,0,0,0,0,0,0,0,64
9072,57,5,5,0,0,0,0,0,0,0,67
9073,55,5,5,0,0,0,0,0,0,0,65
9074,54,5,2,0,0,0,0,0,0,0,61
9075,54,5,2,0,0,0,0,0,0,0,61
9076,64,5,0,0,0,0,0,0,0,0,69
9077,55,5,6,0,0,0,0,0,0,0,66
9078,56,5,3,0,0,0,0,0,0,0,64
9079,62,5,2,0,0,0,0,0,0,0,69
9080,65,5,3,0,0,0,0,0,0,0,73
9081,62,5,0,0,0,0,0,0,0,0,67
9082,63,4,0,0,0,0,0,0,0,0,67
9083,68,4,1,0,0,0,0,0,0,0,73
9084,54,1,6,0,0,0,0,0,0,0,61
9085,51,0,5,0,0,0,0,0,0,0,56
9086,62,0,1,0,0,0,0,0,0,0,63
9087,55,0,0,0,0,0,0,0,0,0,55
9088,55,0,0,0,0,0,0,0,0,0,55
9089,60,0,2,0,0,0,0,0,0,0,62
9090,51,0,0,0,0,0,0,0,0,0,51
9091,68,0,0,0,0,0,0,0,0,0,68
9092,61,0,2,0,0,0,0,0,0,0,63
9093,57,0,0,0,0,0,0,0,0,0,57
9094,54,0,0,0,0,0,0,0,0,0,54
9095,47,0,0,0,0,0,0,0,0,0,47
9096,47,0,0,0,0,0,0,0,0,0,47
9097,51,0,1,0,0,0,0,0,0,0,52
9098,59,0,0,0,0,0,0,0,0,0,59
9099,50,0,3,0,0,0,0,0,0,0,53
9100,49,0,3,0,0,0,0,0,0,0,52
9101,58,0,0,0,0,0,0,0,0,0,58
9102,61,0,0,0,0,0,0,0,0,0,61
9103,64,0,0,0,0,0,0,0,0,0,64
9104,62,0,0,0,0,0,0,0,0,0,62
9105,51,0,0,0,0,0,0,0,0,0,51
9106,46,0,1,0,0,0,0,0,0,0,47
9107,48,0,2,0,0,0,0,0,0,0,50
9108,69,0,1,0,0,0,0,0,0,0,70
9109,66,0,1,0,0,0,0,0,0,0,67
9110,61,0,1,0,0,0,0,0,0,0,62
9111,62,0,0,0,0,0,0,0,0,0,62
9112,61,0,0,0,0,0,0,0,0,0,61
9113,68,0,0,0,0,0,0,0,0,0,68
9114,68,0,0,0,0,0,0,0,0,0,68
9115,56,0,1,0,0,0,0,0,0,0,57
9116,52,0,2,0,0,0,0,0,0,0,54
9117,62,0,0,0,0,0,0,0,0,0,62
9118,83,0,0,0,0,0,0,0,0,0,83
9119,76,0,0,0,0,0,0,0,0,0,76
9120,60,0,2,0,0,0,0,0,0,0,62
9121,63,0,3,0,0,0,0,0,0,0,66
9122,51,0,4,0,0,0,0,0,0,0,55
9123,54,0,1,0,0,0,0,0,0,0,55
9124,54,0,2,0,0,0,0,0,0,0,56
9125,51,0,7,0,0,0,0,0,0,0,58
9126,52,0,7,0,0,0,0,0,0,0,59
9127,60,0,9,0,0,0,0,0,0,0,69
9128,44,0,1,0,0,0,0,0,0,0,45
9129,51,1,0,0,0,0,0,0,0,0,52
9130,61,0,0,0,0,0,0,0,0,0,61
9131,65,0,0,0,0,0,0,0,0,0,65
9132,73,0,0,0,0,0,0,0,0,0,73
9133,65,0,0,0,0,0,0,0,0,0,65
9134,53,0,2,0,0,0,0,0,0,0,55
9135,60,0,1,0,0,0,0,0,0,0,61
9136,56,0,3,0,0,0,0,0,0,0,59
9137,54,0,4,0,0,0,0,0,0,0,58
9138,56,0,3,0,0,0,0,0,0,0,59
9139,70,0,0,0,0,0,0,0,0,0,70
9140,76,0,0,0,0,0,0,0,0,0,76
9141,72,0,1,0,0,0,0,0,0,0,73
9142,68,0,1,0,0,0,0,0,0,0,69
9143,55,0,0,0,0,0,0,0,0,0,55
9144,63,0,0,0,0,0,0,0,0,0,63
9145,70,0,0,0,0,0,0,0,0,0,70
9146,76,0,0,0,0,0,0,0,0,0,76
9147,71,0,0,0,0,0,0,0,0,0,71
9148,60,0,0,0,0,0,0,0,0,0,60
9149,64,0,0,0,0,0,0,0,0,0,64
9150,65,0,0,0,0,0,0,0,0,0,65
9151,59,0,2,0,0,0,0,0,0,0,61
9152,61,0,5,0,0,0,0,0,0,0,66
9153,66,0,1,0,0,0,0,0,0,0,67
9154,71,0,0,0,0,0,0,0,0,0,71
9155,67,0,0,0,0,0,0,0,0,0,67
9156,66,0,0,0,0,0,0,0,0,0,66
9157,58,0,0,0,0,0,0,0,0,0,58
9158,57,0,0,0,0,0,0,0,0,0,57
9159,70,0,0,0,0,0,0,0,0,0,70
9160,67,0,0,0,0,0,0,0,0,0,67
9161,71,0,0,0,0,0,0,0,0,0,71
9162,75,0,0,0,0,0,0,0,0,0,75
9163,54,0,0,0,0,0,0,0,0,0,54
9164,59,0,0,0,0,0,0,0,0,0,59
9165,59,0,0,0,0,0,0,0,0,0,59
9166,59,0,0,0,0,0,0,0,0,0,59
9167,63,0,2,0,0,0,0,0,0,0,65
9168,50,0,5,0,0,0,0,0,0,0,55
9169,41,0,5,0,0,0,0,0,0,0,46
9170,43,0,6,0,0,0,0,0,0,0,49
9171,43,0,3,0,0,0,0,0,0,0,46
9172,46,0,5,0,0,0,0,0,0,0,51
9173,66,0,4,0,0,0,0,0,0,0,70
9174,65,0,4,0,0,0,0,0,0,0,69
9175,65,0,2,0,0,0,0,0,0,0,67
9176,70,0,0,0,0,0,0,0,0,0,70
9177,78,0,0,0,0,0,0,0,0,0,78
9178,77,0,0,0,0,0,0,0,0,0,77
9179,79,0,0,0,0,0,0,0,0,0,79
9180,82,0,0,0,0,0,0,0,0,0,82
9181,81,0,0,0,0,0,0,0,0,0,81
9182,71,0,1,0,0,0,0,0,0,0,72
9183,80,0,0,0,0,0,0,0,0,0,80
9184,77,0,0,0,0,0,0,0,0,0,77
9185,86,0,1,0,0,0,0,0,0,0,87
9186,80,0,3,0,0,0,0,0,0,0,83
9187,77,0,5,0,0,0,0,0,0,0,82
9188,74,0,7,0,0,0,0,0,0,0,81
9189,75,0,5,0,0,0,0,0,0,0,80
9190,75,0,5,0,0,0,0,0,0,0,80
9191,58,0,9,0,0,0,0,0,0,0,67
9192,58,0,6,0,0,0,0,0,0,0,64
9193,61,0,5,0,0,0,0,0,0,0,66
9194,67,0,5,0,0,0,0,0,0,0,72
9195,79,0,2,0,0,0,0,0,0,0,81
9196,68,0,0,0,0,0,0,0,0,0,68
9197,65,0,1,0,0,0,0,0,0,0,66
9198,67,0,1,0,0,0,0,0,0,0,68
9199,71,0,0,0,0,0,0,0,0,0,71
9200,75,0,0,0,0,0,0,0,0,0,75
9201,69,0,0,0,0,0,0,0,0,0,69
9202,71,0,1,0,0,0,0,0,0,0,72
9203,70,0,0,0,0,0,0,0,0,0,70
9204,65,0,0,0,0,0,0,0,0,0,65
9205,66,0,0,0,0,0,0,0,0,0,66
9206,69,0,0,0,0,0,0,0,0,0,69
9207,70,0,0,0,0,0,0,0,0,0,70
9208,76,0,0,0,0,0,0,0,0,0,76
9209,67,0,0,0,0,0,0,0,0,0,67
9210,67,0,0,0,0,0,0,0,0,0,67
9211,71,0,0,0,0,0,0,0,0,0,71
9212,78,0,0,0,0,0,0,0,0,0,78
9213,66,0,0,0,0,0,0,0,0,0,66
9214,59,0,0,0,0,0,0,0,0,0,59
9215,60,0,0,0,0,0,0,0,0,0,60
9216,71,0,1,0,0,0,0,0,0,0,72
9217,58,0,5,0,0,0,0,0,0,0,63
9218,59,0,5,0,0,0,0,0,0,0,64
9219,70,0,5,0,0,0,0,0,0,0,75
9220,61,0,5,0,0,0,0,0,0,0,66
9221,67,0,5,0,0,0,0,0,0,0,72
9222,61,0,5,0,0,0,0,0,0,0,66
9223,72,0,1,0,0,0,0,0,0,0,73
9224,73,0,0,0,0,0,0,0,0,0,73
9225,84,0,0,0,0,0,0,0,0,0,84
9226,64,0,0,0,0,0,0,0,0,0,64
9227,72,0,1,0,0,0,0,0,0,0,73
9228,67,0,0,0,0,0,0,0,0,0,67
9229,68,0,0,0,0,0,0,0,0,0,68
9230,81,0,1,0,0,0,0,0,0,0,82
9231,73,0,0,0,0,0,0,0,0,0,73
9232,89,0,1,0,0,0,0,0,0,0,90
9233,83,0,0,0,0,0,0,0,0,0,83
9234,77,0,2,0,0,0,0,0,0,0,79
9235,83,0,5,0,0,0,0,0,0,0,88
9236,78,0,5,0,0,0,0,0,0,0,83
9237,65,0,5,0,0,0,0,0,0,0,70
9238,62,0,5,0,0,0,0,0,0,0,67
9239,69,0,5,0,0,0,0,0,0,0,74
9240,72,0,5,0,0,0,0,0,0,0,77
9241,66,0,7,0,0,0,0,0,0,0,73
9242,70,0,5,0,0,0,0,0,0,0,75
9243,70,0,5,0,0,0,0,0,0,0,75
9244,60,0,11,0,0,0,0,0,0,0,71
9245,63,0,17,0,0,0,0,0,0,0,80
9246,58,0,19,0,0,0,0,0,0,0,77
9247,70,0,16,0,0,0,0,0,0,0,86
9248,70,2,15,0,0,0,0,0,0,0,87
9249,54,0,13,0,0,0,0,0,0,0,67
9250,53,0,10,0,0,0,0,0,0,0,63
9251,56,0,10,0,0,0,0,0,0,0,66
9252,67,0,5,0,0,0,0,0,0,0,72
9253,70,0,0,0,0,0,0,0,0,0,70
9254,70,0,0,0,0,0,0,0,0,0,70
9255,73,0,1,0,0,0,0,0,0,0,74
9256,68,0,1,0,0,0,0,0,0,0,69
9257,54,0,5,0,0,0,0,0,0,0,59
9258,48,0,13,0,0,0,0,0,0,0,61
9259,51,0,11,0,0,0,0,0,0,0,62
9260,52,0,9,0,0,0,0,0,0,0,61
9261,52,0,9,0,0,0,0,0,0,0,61
9262,51,0,10,0,0,0,0,0,0,0,61
9263,52,0,6,0,0,0,0,0,0,0,58
9264,67,0,5,0,0,0,0,0,0,0,72
9265,69,0,7,0,0,0,0,0,0,0,76
9266,69,0,5,0,0,0,0,0,0,0,74
9267,76,0,0,0,0,0,0,0,0,0,76
9268,65,0,1,0,0,0,0,0,0,0,66
9269,54,0,4,0,0,0,0,0,0,0,58
9270,66,0,4,0,0,0,0,0,0,0,70
9271,72,0,8,0,0,0,0,0,0,0,80
9272,63,0,8,0,0,0,0,0,0,0,71
9273,69,0,5,0,0,0,0,0,0,0,74
9274,68,0,6,0,0,0,0,0,0,0,74
9275,65,1,6,0,0,0,0,0,0,0,72
9276,67,0,3,0,0,0,0,0,0,0,70
9277,70,0,4,0,0,0,0,0,0,0,74
9278,66,0,5,0,0,0,0,0,0,0,71
9279,53,0,5,0,0,0,0,0,0,0,58
9280,59,0,0,0,0,0,0,0,0,0,59
9281,52,0,0,0,0,0,0,0,0,0,52
9282,72,0,0,0,0,0,0,0,0,0,72
9283,63,0,0,0,0,0,0,0,0,0,63
9284,64,0,0,0,0,0,0,0,0,0,64
9285,59,0,0,0,0,0,0,0,0,0,59
9286,73,0,0,0,0,0,0,0,0,0,73
9287,64,0,0,0,0,0,0,0,0,0,64
9288,62,0,0,0,0,0,0,0,0,0,62
9289,66,0,0,0,0,0,0,0,0,0,66
9290,56,0,0,0,0,0,0,0,0,0,56
9291,57,0,0,0,0,0,0,0,0,0,57
9292,56,0,0,0,0,0,0,0,0,0,56
9293,59,0,0,0,0,0,0,0,0,0,59
9294,65,0,0,0,0,0,0,0,0,0,65
9295,72,0,0,0,0,0,0,0,0,0,72
9296,67,0,0,0,0,0,0,0,0,0,67
9297,61,0,0,0,0,0,0,0,0,0,61
9298,59,0,0,0,0,0,0,0,0,0,59
9299,53,0,0,0,0,0,0,0,0,0,53
9300,62,0,0,0,0,0,0,0,0,0,62
9301,69,0,0,0,0,0,0,0,0,0,69
9302,64,0,0,0,0,0,0,0,0,0,64
9303,62,0,0,0,0,0,0,0,0,0,62
9304,56,0,0,0,0,0,0,0,0,0,56
9305,62,0,0,0,0,0,0,0,0,0,62
9306,61,0,0,0,0,0,0,0,0,0,61
9307,61,0,0,0,0,0,0,0,0,0,61
9308,60,0,0,0,0,0,0,0,0,0,60
9309,65,0,0,0,0,0,0,0,0,0,65
9310,59,0,2,0,0,0,0,0,0,0,61
9311,53,0,4,0,0,0,0,0,0,0,57
9312,67,0,2,0,0,0,0,0,0,0,69
9313,63,0,5,0,0,0,0,0,0,0,68
9314,57,0,4,0,0,0,0,0,0,0,61
9315,62,0,5,0,0,0,0,0,0,0,67
9316,60,0,8,0,0,0,0,0,0,0,68
9317,53,0,7,0,0,0,0,0,0,0,60
9318,38,0,7,0,0,0,0,0,0,0,45
9319,33,0,2,0,0,0,0,0,0,0,35
9320,32,0,5,0,0,0,0,0,0,0,37
9321,41,0,4,0,0,0,0,0,0,0,45
9322,54,0,5,0,0,0,0,0,0,0,59
9323,53,0,3,0,0,0,0,0,0,0,56
9324,49,0,0,0,0,0,0,0,0,0,49
9325,49,0,0,0,0,0,0,0,0,0,49
9326,54,0,4,0,0,0,0,0,0,0,58
9327,51,0,3,0,0,0,0,0,0,0,54
9328,47,0,0,0,0,0,0,0,0,0,47
9329,53,0,1,0,0,0,0,0,0,0,54
9330,52,0,2,0,0,0,0,0,0,0,54
9331,58,2,4,0,0,0,0,0,0,0,64
9332,48,2,2,0,0,0,0,0,0,0,52
9333,56,3,2,0,0,0,0,0,0,0,61
9334,61,0,6,0,0,0,0,0,0,0,67
9335,54,0,10,0,0,0,0,0,0,0,64
9336,46,0,10,0,0,0,0,0,0,0,56
9337,54,0,10,0,0,0,0,0,0,0,64
9338,48,0,10,0,0,0,0,0,0,0,58
9339,41,0,9,0,0,0,0,0,0,0,50
9340,51,0,4,0,0,0,0,0,0,0,55
9341,52,0,5,0,0,0,0,0,0,0,57
9342,55,0,5,0,0,0,0,0,0,0,60
9343,51,0,3,0,0,0,0,0,0,0,54
9344,53,0,0,0,0,0,0,0,0,0,53
9345,49,0,0,0,0,0,0,0,0,0,49
9346,54,0,0,0,0,0,0,0,0,0,54
9347,54,0,2,0,0,0,0,0,0,0,56
9348,42,0,6,0,0,0,0,0,0,0,48
9349,47,0,6,0,0,0,0,0,0,0,53
9350,54,0,5,0,0,0,0,0,0,0,59
9351,64,0,5,0,0,0,0,0,0,0,69
9352,54,0,7,0,0,0,0,0,0,0,61
9353,54,0,6,0,0,0,0,0,0,0,60
9354,52,0,9,0,0,0,0,0,0,0,61
9355,32,0,11,0,0,0,0,0,0,0,43
9356,47,0,11,0,0,0,0,0,0,0,58
9357,48,0,6,0,0,0,0,0,0,0,54
9358,46,0,3,0,0,0,0,0,0,0,49
9359,41,0,5,0,0,0,0,0,0,0,46
9360,38,0,5,0,0,0,0,0,0,0,43
9361,33,0,7,0,0,0,0,0,0,0,40
9362,48,0,7,0,0,0,0,0,0,0,55
9363,51,0,2,0,0,0,0,0,0,0,53
9364,57,0,0,0,0,0,0,0,0,0,57
9365,52,0,0,0,0,0,0,0,0,0,52
9366,46,0,2,0,0,0,0,0,0,0,48
9367,46,0,2,0,0,0,0,0,0,0,48
9368,63,0,5,0,0,0,0,0,0,0,68
9369,67,0,5,0,0,0,0,0,0,0,72
9370,59,0,10,0,0,0,0,0,0,0,69
9371,47,2,10,0,0,0,0,0,0,0,59
9372,55,5,10,0,0,0,0,0,0,0,70
9373,75,1,10,0,0,0,0,0,0,0,86
9374,72,0,9,0,0,0,0,0,0,0,81
9375,82,0,5,0,0,0,0,0,0,0,87
9376,81,0,3,0,0,0,0,0,0,0,84
9377,84,0,6,0,0,0,0,0,0,0,90
9378,75,0,1,0,0,0,0,0,0,0,76
9379,77,0,0,0,0,0,0,0,0,0,77
9380,94,0,0,0,0,0,0,0,0,0,94
9381,84,0,0,0,0,0,0,0,0,0,84
9382,83,0,3,0,0,0,0,0,0,0,86
9383,76,0,2,0,0,0,0,0,0,0,78
9384,83,0,6,0,0,0,0,0,0,0,89
9385,83,0,5,0,0,0,0,0,0,0,88
9386,71,0,5,0,0,0,0,0,0,0,76
9387,65,0,5,0,0,0,0,0,0,0,70
9388,65,0,5,0,0,0,0,0,0,0,70
9389,66,0,6,0,0,0,0,0,0,0,72
9390,55,0,9,0,0,0,0,0,0,0,64
9391,73,0,1,0,0,0,0,0,0,0,74
9392,85,0,0,0,0,0,0,0,0,0,85
9393,81,0,2,0,0,0,0,0,0,0,83
9394,74,0,0,0,0,0,0,0,0,0,74
9395,77,0,3,0,0,0,0,0,0,0,80
9396,72,0,1,0,0,0,0,0,0,0,73
9397,61,0,6,0,0,0,0,0,0,0,67
9398,56,0,5,0,0,0,0,0,0,0,61
9399,59,0,8,0,0,0,0,0,0,0,67
9400,65,0,7,0,0,0,0,0,0,0,72
9401,68,0,7,0,0,0,0,0,0,0,75
9402,61,0,3,0,0,0,0,0,0,0,64
9403,69,0,5,0,0,0,0,0,0,0,74
9404,70,0,2,0,0,0,0,0,0,0,72
9405,78,0,1,0,0,0,0,0,0,0,79
9406,78,0,0,0,0,0,0,0,0,0,78
9407,73,0,0,0,0,0,0,0,0,0,73
9408,77,0,0,0,0,0,0,0,0,0,77
9409,74,0,0,0,0,0,0,0,0,0,74
9410,71,0,0,0,0,0,0,0,0,0,71
9411,56,0,1,0,0,0,0,0,0,0,57
9412,64,0,1,0,0,0,0,0,0,0,65
9413,71,0,0,0,0,0,0,0,0,0,71
9414,69,0,0,0,0,0,0,0,0,0,69
9415,60,0,4,0,0,0,0,0,0,0,64
9416,67,0,0,0,0,0,0,0,0,0,67
9417,62,0,1,0,0,0,0,0,0,0,63
9418,69,0,0,0,0,0,0,0,0,0,69
9419,62,0,0,0,0,0,0,0,0,0,62
9420,60,0,0,0,0,0,0,0,0,0,60
9421,57,0,2,0,0,0,0,0,0,0,59
9422,57,0,1,0,0,0,0,0,0,0,58
9423,52,0,0,0,0,0,0,0,0,0,52
9424,50,0,0,0,0,0,0,0,0,0,50
9425,63,0,0,0,0,0,0,0,0,0,63
9426,65,0,0,0,0,0,0,0,0,0,65
9427,58,0,1,0,0,0,0,0,0,0,59
9428,68,0,3,0,0,0,0,0,0,0,71
9429,52,0,6,0,0,0,0,0,0,0,58
9430,49,0,2,0,0,0,0,0,0,0,51
9431,61,0,1,0,0,0,0,0,0,0,62
9432,65,0,2,0,0,0,0,0,0,0,67
9433,58,0,0,0,0,0,0,0,0,0,58
9434,77,0,0,0,0,0,0,0,0,0,77
9435,77,0,2,0,0,0,0,0,0,0,79
9436,81,0,0,0,0,0,0,0,0,0,81
9437,74,0,0,0,0,0,0,0,0,0,74
9438,73,0,0,0,0,0,0,0,0,0,73
9439,79,0,1,0,0,0,0,0,0,0,80
9440,70,0,0,0,0,0,0,0,0,0,70
9441,80,0,0,0,0,0,0,0,0,0,80
9442,86,0,0,0,0,0,0,0,0,0,86
9443,103,0,0,0,0,0,0,0,0,0,103
9444,94,0,0,0,0,0,0,0,0,0,94
9445,80,0,0,0,0,0,0,0,0,0,80
9446,80,0,0,0,0,0,0,0,0,0,80
9447,83,0,0,0,0,0,0,0,0,0,83
9448,86,0,0,0,0,0,0,0,0,0,86
9449,85,0,1,0,0,0,0,0,0,0,86
9450,85,0,7,0,0,0,0,0,0,0,92
9451,82,0,8,0,0,0,0,0,0,0,90
9452,78,0,8,0,0,0,0,0,0,0,86
9453,83,0,6,0,0,0,0,0,0,0,89
9454,92,0,7,0,0,0,0,0,0,0,99
9455,105,0,6,0,0,0,0,0,0,0,111
9456,87,0,8,0,0,0,0,0,0,0,95
9457,80,0,7,0,0,0,0,0,0,0,87
9458,78,0,8,0,0,0,0,0,0,0,86
9459,78,0,9,0,0,0,0,0,0,0,87
9460,58,3,6,0,0,0,0,0,0,0,67
9461,55,5,3,0,0,0,0,0,0,0,63
9462,59,5,5,0,0,0,0,0,0,0,69
9463,65,5,3,0,0,0,0,0,0,0,73
9464,67,5,5,0,0,0,0,0,0,0,77
9465,59,5,5,0,0,0,0,0,0,0,69
9466,52,5,5,0,0,0,0,0,0,0,62
9467,54,5,5,0,0,0,0,0,0,0,64
9468,47,5,5,0,0,0,0,0,0,0,57
9469,53,1,8,0,0,0,0,0,0,0,62
9470,54,0,4,0,0,0,0,0,0,0,58
9471,66,0,1,0,0,0,0,0,0,0,67
9472,58,0,4,0,0,0,0,0,0,0,62
9473,61,0,3,0,0,0,0,0,0,0,64
9474,62,0,4,0,0,0,0,0,0,0,66
9475,72,0,8,0,0,0,0,0,0,0,80
9476,63,0,15,0,0,0,0,0,0,0,78
9477,54,0,15,0,0,0,0,0,0,0,69
9478,63,1,11,0,0,0,0,0,0,0,75
9479,55,0,13,0,0,0,0,0,0,0,68
9480,50,0,14,0,0,0,0,0,0,0,64
9481,53,0,15,0,0,0,0,0,0,0,68
9482,62,0,13,0,0,0,0,0,0,0,75
9483,57,0,12,0,0,0,0,0,0,0,69
9484,61,0,11,0,0,0,0,0,0,0,72
9485,49,0,4,0,0,0,0,0,0,0,53
9486,66,0,5,0,0,0,0,0,0,0,71
9487,68,0,1,0,0,0,0,0,0,0,69
9488,64,0,1,0,0,0,0,0,0,0,65
9489,64,0,0,0,0,0,0,0,0,0,64
9490,66,0,0,0,0,0,0,0,0,0,66
9491,70,0,0,0,0,0,0,0,0,0,70
9492,64,0,0,0,0,0,0,0,0,0,64
9493,71,0,3,0,0,0,0,0,0,0,74
9494,74,0,1,0,0,0,0,0,0,0,75
9495,59,0,3,0,0,0,0,0,0,0,62
9496,58,0,2,0,0,0,0,0,0,0,60
9497,53,0,5,0,0,0,0,0,0,0,58
9498,44,0,2,0,0,0,0,0,0,0,46
9499,51,0,3,0,0,0,0,0,0,0,54
9500,65,0,4,0,0,0,0,0,0,0,69
9501,73,0,4,0,0,0,0,0,0,0,77
9502,66,0,4,0,0,0,0,0,0,0,70
9503,73,3,2,0,0,0,0,0,0,0,78
9504,74,1,4,0,0,0,0,0,0,0,79
9505,73,0,5,0,0,0,0,0,0,0,78
9506,78,0,5,0,0,0,0,0,0,0,83
9507,76,0,1,0,0,0,0,0,0,0,77
9508,70,0,6,0,0,0,0,0,0,0,76
9509,67,0,10,0,0,0,0,0,0,0,77
9510,75,0,8,0,0,0,0,0,0,0,83
9511,73,0,10,0,0,0,0,0,0,0,83
9512,62,0,10,0,0,0,0,0,0,0,72
9513,53,0,10,0,0,0,0,0,0,0,63
9514,44,0,12,0,0,0,0,0,0,0,56
9515,44,0,14,0,0,0,0,0,0,0,58
9516,48,5,14,0,0,0,0,0,0,0,67
9517,34,3,11,0,0,0,0,0,0,0,48
9518,61,0,11,0,0,0,0,0,0,0,72
9519,66,0,8,0,0,0,0,0,0,0,74
9520,72,0,5,0,0,0,0,0,0,0,77
9521,82,0,4,0,0,0,0,0,0,0,86
9522,86,0,5,0,0,0,0,0,0,0,91
9523,83,0,5,0,0,0,0,0,0,0,88
9524,73,0,5,0,0,0,0,0,0,0,78
9525,69,0,5,0,0,0,0,0,0,0,74
9526,81,0,1,0,0,0,0,0,0,0,82
9527,85,0,0,0,0,0,0,0,0,0,85
9528,77,0,0,0,0,0,0,0,0,0,77
9529,71,0,0,0,0,0,0,0,0,0,71
9530,75,0,0,0,0,0,0,0,0,0,75
9531,82,0,0,0,0,0,0,0,0,0,82
9532,84,0,0,0,0,0,0,0,0,0,84
9533,80,0,0,0,0,0,0,0,0,0,80
9534,83,0,0,0,0,0,0,0,0,0,83
9535,66,0,0,0,0,0,0,0,0,0,66
9536,70,0,0,0,0,0,0,0,0,0,70
9537,74,0,0,0,0,0,0,0,0,0,74
9538,82,0,0,0,0,0,0,0,0,0,82
9539,68,0,1,0,0,0,0,0,0,0,69
9540,63,0,0,0,0,0,0,0,0,0,63
9541,73,0,1,0,0,0,0,0,0,0,74
9542,79,0,0,0,0,0,0,0,0,0,79
9543,70,0,0,0,0,0,0,0,0,0,70
9544,77,0,1,0,0,0,0,0,0,0,78
9545,73,0,0,0,0,0,0,0,0,0,73
9546,79,0,2,0,0,0,0,0,0,0,81
9547,81,0,0,0,0,0,0,0,0,0,81
9548,71,0,0,0,0,0,0,0,0,0,71
9549,71,0,1,0,0,0,0,0,0,0,72
9550,61,0,0,0,0,0,0,0,0,0,61
9551,58,0,1,0,0,0,0,0,0,0,59
9552,59,0,0,0,0,0,0,0,0,0,59
9553,50,0,0,0,0,0,0,0,0,0,50
9554,61,0,0,0,0,0,0,0,0,0,61
9555,56,0,0,0,0,0,0,0,0,0,56
9556,56,0,0,0,0,0,0,0,0,0,56
9557,59,0,0,0,0,0,0,0,0,0,59
9558,54,0,0,0,0,0,0,0,0,0,54
9559,59,0,1,0,0,0,0,0,0,0,60
9560,59,0,0,0,0,0,0,0,1,0,59
9561,62,0,0,0,0,0,0,0,0,0,62
9562,56,0,0,0,0,0,0,0,0,0,56
9563,50,0,1,0,0,0,0,0,0,0,51
9564,52,0,0,0,0,0,0,0,0,0,52
9565,54,0,0,0,0,0,0,0,0,0,54
9566,56,0,1,0,0,0,0,0,0,0,57
9567,55,0,4,0,0,0,0,0,0,0,59
9568,59,0,5,0,0,0,0,0,0,0,64
9569,52,0,5,0,0,0,0,0,0,0,57
9570,49,0,5,0,0,0,0,0,0,0,54
9571,56,0,5,0,0,0,0,0,0,0,61
9572,56,0,5,0,0,0,0,0,0,0,61
9573,61,0,5,0,0,0,0,0,0,0,66
9574,59,0,8,0,0,0,0,0,0,0,67
9575,56,0,10,0,0,0,0,0,0,0,66
9576,60,0,9,0,0,0,0,0,0,0,69
9577,66,0,10,0,0,0,0,0,0,0,76
9578,62,0,10,0,0,0,0,0,0,0,72
9579,61,0,10,0,0,0,0,0,0,0,71
9580,68,0,11,0,0,0,0,0,0,0,79
9581,69,0,10,0,0,0,0,0,0,0,79
9582,72,0,10,0,0,0,0,0,0,0,82
9583,73,0,11,0,0,0,0,0,0,0,84
9584,51,0,10,0,0,0,0,0,0,0,61
9585,42,0,10,0,0,0,0,0,0,0,52
9586,50,0,10,0,0,0,0,0,0,0,60
9587,59,0,10,0,0,0,0,0,0,0,69
9588,58,0,10,0,0,0,0,0,0,0,68
9589,64,0,10,0,0,0,0,0,0,0,74
9590,64,0,10,0,0,0,0,0,0,0,74
9591,54,0,10,0,0,0,0,0,0,0,64
9592,61,0,10,0,0,0,0,0,0,0,71
9593,56,0,10,0,0,0,0,0,0,0,66
9594,57,0,10,0,0,0,0,0,0,0,67
9595,59,0,10,0,0,0,0,0,0,0,69
9596,60,0,10,0,0,0,0,0,0,0,70
9597,68,0,10,0,0,0,0,0,0,0,78
9598,64,0,10,0,0,0,0,0,0,0,74
9599,62,0,10,0,0,0,0,0,0,0,72
9600,64,0,10,0,0,0,0,0,0,0,74
9601,58,0,10,0,0,0,0,0,0,0,68
9602,55,0,10,0,0,0,0,0,0,0,65
9603,54,0,10,0,0,0,0,0,0,0,64
9604,46,0,15,0,0,0,0,0,0,0,61
9605,53,0,12,0,0,0,0,0,0,0,65
9606,67,0,10,0,0,0,0,0,0,0,77
9607,76,0,10,0,0,0,0,0,0,0,86
9608,79,0,10,0,0,0,0,0,0,0,89
9609,56,0,10,0,0,0,0,0,0,0,66
9610,61,0,10,0,0,0,0,0,0,0,71
9611,63,0,10,0,0,0,0,0,0,0,73
9612,68,0,17,0,0,0,0,0,0,0,85
9613,50,0,13,0,0,0,0,0,0,0,63
9614,47,0,10,0,0,0,0,0,0,0,57
9615,54,0,10,0,0,0,0,0,0,0,64
9616,63,0,12,0,0,0,0,0,0,0,75
9617,53,0,12,0,0,0,0,0,0,0,65
9618,54,0,13,0,0,0,0,0,0,0,67
9619,55,0,10,0,0,0,0,0,0,0,65
9620,39,0,12,0,0,0,0,0,0,0,51
9621,41,0,12,0,0,0,0,0,0,0,53
9622,47,0,10,0,0,0,0,0,0,0,57
9623,50,0,11,0,0,0,0,0,0,0,61
9624,46,0,13,0,0,0,0,0,0,0,59
9625,53,0,10,0,0,0,0,0,0,0,63
9626,60,0,11,0,0,0,0,0,0,0,71
9627,56,0,10,0,0,0,0,0,0,0,66
9628,51,0,10,0,0,0,0,0,0,0,61
9629,53,0,10,0,0,0,0,0,0,0,63
9630,47,0,10,0,0,0,0,0,0,0,57
9631,55,0,10,0,0,0,0,0,0,0,65
9632,68,0,5,0,0,0,0,0,0,0,73
9633,65,0,6,0,0,0,0,0,0,0,71
9634,64,0,5,0,0,0,0,0,0,0,69
9635,59,0,6,0,0,0,0,0,0,0,65
9636,74,0,5,0,0,0,0,0,0,0,79
9637,78,0,3,0,0,0,0,0,0,0,81
9638,91,0,0,0,0,0,0,0,0,0,91
9639,80,0,2,0,0,0,0,0,0,0,82
9640,73,0,0,0,0,0,0,0,0,0,73
9641,82,0,0,0,0,0,0,0,0,0,82
9642,70,0,2,0,0,0,0,0,0,0,72
9643,66,0,3,0,0,0,0,0,0,0,69
9644,83,0,2,0,0,0,0,0,0,0,85
9645,90,0,0,0,0,0,0,0,0,0,90
9646,88,0,0,0,0,0,0,0,0,0,88
9647,73,0,2,0,0,0,0,0,0,0,75
9648,64,0,1,0,0,0,0,0,0,0,65
9649,66,0,3,0,0,0,0,0,0,0,69
9650,59,0,5,0,0,0,0,0,0,0,64
9651,61,0,5,0,0,0,0,0,0,0,66
9652,52,0,5,0,0,0,0,0,0,0,57
9653,44,0,5,0,0,0,0,0,0,0,49
9654,51,0,5,0,0,0,0,0,0,0,56
9655,53,0,4,0,0,0,0,0,0,0,57
9656,64,0,0,0,0,0,0,0,0,0,64
9657,71,0,0,0,0,0,0,0,0,0,71
9658,62,0,0,0,0,0,0,0,0,0,62
9659,67,0,1,0,0,0,0,0,0,0,68
9660,73,0,0,0,0,0,0,0,0,0,73
9661,62,0,0,0,0,0,0,0,0,0,62
9662,58,0,0,0,0,0,0,0,0,0,58
9663,62,0,0,0,0,0,0,0,0,0,62
9664,63,0,0,0,0,0,0,0,0,0,63
9665,62,0,0,0,0,0,0,0,0,0,62
9666,69,0,0,0,0,0,0,0,0,0,69
9667,66,0,0,0,0,0,0,0,0,0,66
9668,68,0,0,0,0,0,0,0,0,0,68
9669,69,0,0,0,0,0,0,0,0,0,69
9670,74,0,0,0,0,0,0,0,0,0,74
9671,62,0,0,0,0,0,0,0,0,0,62
9672,69,0,0,0,0,0,0,0,0,0,69
9673,62,0,0,0,0,0,0,0,0,0,62
9674,62,0,0,0,0,0,0,0,0,0,62
9675,63,0,0,0,0,0,0,0,0,0,63
9676,73,0,0,0,0,0,0,0,0,0,73
9677,64,0,0,0,0,0,0,0,0,0,64
9678,66,0,1,0,0,0,1,0,0,0,68
9679,63,0,1,0,0,0,0,0,0,0,64
9680,61,0,0,0,0,0,1,0,0,0,62
9681,64,0,3,0,0,0,0,0,0,0,67
9682,62,0,1,0,0,0,0,0,0,0,63
9683,59,0,5,0,0,0,0,0,0,0,64
9684,55,0,0,0,0,0,0,0,0,0,55
9685,66,0,1,0,0,0,0,0,0,0,67
9686,67,0,0,0,0,0,0,0,0,0,67
9687,66,0,0,0,0,0,0,0,0,0,66
9688,65,0,0,0,0,0,0,0,0,0,65
9689,62,0,0,0,0,0,0,0,0,0,62
9690,61,0,0,0,0,0,0,0,0,0,61
9691,59,0,0,0,0,0,0,0,0,0,59
9692,52,0,4,0,0,0,0,0,0,0,56
9693,50,0,5,0,0,0,0,0,0,0,55
9694,44,0,8,0,0,0,0,0,0,0,52
9695,40,0,9,0,0,0,0,0,0,0,49
9696,24,0,13,0,0,0,0,0,0,0,37
9697,26,0,7,0,0,0,0,0,0,0,33
9698,37,0,5,0,0,0,0,0,0,0,42
9699,52,0,4,0,0,0,0,0,0,0,56
9700,54,0,3,0,0,0,0,0,0,0,57
9701,58,0,1,0,0,0,0,0,0,0,59
9702,55,0,5,0,0,0,0,0,0,0,60
9703,47,0,12,0,0,0,0,0,0,0,59
9704,59,0,5,0,0,0,0,0,0,0,64
9705,69,0,5,0,0,0,0,0,0,0,74
9706,70,0,5,0,0,0,0,0,0,0,75
9707,74,0,6,0,0,0,0,0,0,0,80
9708,78,0,4,0,0,0,0,0,0,0,82
9709,83,0,4,0,0,0,0,0,0,0,87
9710,82,0,4,0,0,0,0,0,0,0,86
9711,89,0,2,0,0,0,0,0,0,0,91
9712,85,0,0,0,0,0,0,0,0,0,85
9713,94,0,0,0,0,0,0,0,0,0,94
9714,86,0,0,0,0,0,0,0,0,0,86
9715,85,0,0,0,0,0,0,0,0,0,85
9716,80,0,0,0,0,0,0,0,0,0,80
9717,69,0,1,0,0,0,0,0,0,0,70
9718,65,0,4,0,0,0,0,0,0,0,69
9719,66,0,3,0,0,0,0,0,0,0,69
9720,56,0,7,0,0,0,0,0,0,0,63
9721,58,0,0,0,0,0,0,0,0,0,58
9722,63,0,0,0,0,0,0,0,0,0,63
9723,74,0,5,0,0,0,0,0,0,0,79
9724,70,0,5,0,0,0,0,0,0,0,75
9725,69,0,2,0,0,0,0,0,0,0,71
9726,77,0,0,0,0,0,0,0,0,0,77
9727,85,0,0,0,0,0,0,0,0,0,85
9728,80,0,0,0,0,0,0,0,0,0,80
9729,75,0,0,0,0,0,0,0,0,0,75
9730,75,0,0,0,0,0,0,0,0,0,75
9731,73,0,0,0,0,0,0,0,0,0,73
9732,75,0,0,0,0,0,0,0,0,0,75
9733,74,0,0,0,0,0,0,0,0,0,74
9734,63,0,0,0,0,0,0,0,0,0,63
9735,65,0,0,0,0,0,0,0,0,0,65
9736,79,0,0,0,0,0,0,0,0,0,79
9737,72,0,1,0,0,0,0,0,0,0,73
9738,62,0,1,0,0,0,0,0,0,0,63
9739,66,0,3,0,0,0,0,0,0,0,69
9740,68,0,0,0,0,0,0,0,0,0,68
9741,66,0,1,0,0,0,0,0,0,0,67
9742,74,0,1,0,0,0,0,0,0,0,75
9743,71,0,0,0,0,0,0,0,0,0,71
9744,74,0,0,0,0,0,0,0,0,0,74
9745,66,0,0,0,0,0,0,0,0,0,66
9746,68,0,0,0,0,0,0,0,0,0,68
9747,69,0,0,0,0,0,0,0,0,0,69
9748,68,0,0,0,0,0,0,0,0,0,68
9749,74,0,0,0,0,0,0,0,0,0,74
9750,79,0,0,0,0,0,0,0,0,0,79
9751,73,0,0,0,0,0,0,0,0,0,73
9752,89,0,0,0,0,0,0,0,0,0,89
9753,81,0,0,0,0,0,0,0,0,0,81
9754,85,0,0,0,0,0,0,0,0,0,85
9755,75,0,0,0,0,0,0,0,0,0,75
9756,77,0,0,0,0,0,0,0,0,0,77
9757,68,0,0,0,0,0,0,0,0,0,68
9758,61,0,0,0,0,0,0,0,0,0,61
9759,54,0,1,0,0,0,0,0,0,0,55
9760,44,0,1,0,0,0,0,0,0,0,45
9761,62,0,5,0,0,0,0,0,2,0,67
9762,85,0,4,0,0,0,0,0,0,0,89
9763,77,0,4,0,0,0,0,0,0,0,81
9764,71,0,4,0,0,0,0,0,0,0,75
9765,54,0,10,0,0,0,0,0,0,0,64
9766,52,0,12,0,0,0,0,0,0,0,64
9767,44,0,10,0,0,0,0,0,0,0,54
9768,59,0,6,0,0,0,0,0,0,0,65
9769,67,0,6,0,0,0,0,0,0,0,73
9770,69,0,6,0,0,0,0,0,0,0,75
9771,65,0,10,0,0,0,0,0,0,0,75
9772,58,0,12,0,0,0,0,0,0,0,70
9773,71,0,10,0,0,0,0,0,0,0,81
9774,78,0,6,0,0,0,0,0,0,0,84
9775,78,0,6,0,0,0,0,0,0,0,84
9776,72,0,0,0,0,0,0,0,0,0,72
9777,86,0,1,0,0,0,0,0,0,0,87
9778,91,0,5,0,0,0,0,0,0,0,96
9779,85,0,5,0,0,0,0,0,0,0,90
9780,65,0,5,0,0,0,0,0,0,0,70
9781,54,0,9,0,0,0,0,0,0,0,63
9782,54,0,15,0,0,0,0,0,0,0,69
9783,50,0,12,0,0,0,0,0,0,0,62
9784,55,0,17,0,0,0,0,0,0,0,72
9785,66,0,12,0,0,0,0,0,0,0,78
9786,60,0,10,0,0,0,0,0,0,0,70
9787,74,0,5,0,0,0,0,0,0,0,79
9788,83,0,8,0,0,0,0,0,0,0,91
9789,75,0,5,0,0,0,0,0,0,0,80
9790,72,0,5,0,0,0,0,0,0,0,77
9791,72,0,5,0,0,0,0,0,0,0,77
9792,59,0,5,0,0,0,0,0,0,0,64
9793,55,0,5,0,0,0,0,0,0,0,60
9794,68,0,5,0,0,0,0,0,0,0,73
9795,72,0,5,0,0,0,0,0,0,0,77
9796,69,0,4,0,0,0,0,0,0,0,73
9797,73,0,0,0,0,0,0,0,0,0,73
9798,70,0,0,0,0,0,0,0,0,0,70
9799,65,0,0,0,0,0,0,0,0,0,65
9800,64,0,0,0,0,0,0,0,0,0,64
9801,60,0,3,0,0,0,0,0,0,0,63
9802,44,0,3,0,0,0,0,0,0,0,47
9803,49,1,3,0,0,0,0,0,0,0,53
9804,54,0,5,0,0,0,0,0,0,0,59
9805,62,0,4,0,0,0,0,0,0,0,66
9806,71,0,2,0,0,0,0,0,0,0,73
9807,81,0,0,0,0,0,0,0,0,0,81
9808,87,0,0,0,0,0,0,0,0,0,87
9809,87,0,0,0,0,0,0,0,0,0,87
9810,85,0,0,0,0,0,0,0,0,0,85
9811,79,0,0,0,0,0,0,0,0,0,79
9812,82,0,0,0,0,0,0,0,0,0,82
9813,74,0,0,0,0,0,0,0,0,0,74
9814,87,0,0,0,0,0,0,0,0,0,87
9815,75,0,0,0,0,0,0,0,0,0,75
9816,70,0,0,0,0,0,0,0,0,0,70
9817,92,0,0,0,0,0,0,0,0,0,92
9818,81,0,0,0,0,0,0,0,0,0,81
9819,80,0,0,0,0,0,0,0,0,0,80
9820,78,0,0,0,0,0,0,0,0,0,78
9821,84,0,0,0,0,0,0,0,0,0,84
9822,88,0,0,0,0,0,0,0,0,0,88
9823,80,0,0,0,0,0,0,0,0,0,80
9824,89,0,0,0,0,0,0,0,0,0,89
9825,71,0,0,0,0,0,0,0,0,0,71
9826,77,0,0,0,0,0,0,0,0,0,77
9827,72,0,0,0,0,0,0,0,0,0,72
9828,70,0,0,0,0,0,0,0,0,0,70
9829,77,0,0,0,0,0,0,0,0,0,77
9830,78,0,0,0,0,0,0,0,0,0,78
9831,76,0,0,0,0,0,0,0,0,0,76
9832,70,0,0,0,0,0,0,0,0,0,70
9833,90,0,0,0,0,0,0,0,0,0,90
9834,79,0,0,0,0,0,0,0,0,0,79
9835,85,0,2,0,0,0,0,0,0,0,87
9836,81,0,5,0,0,0,0,0,0,0,86
9837,80,0,5,0,0,0,0,0,0,0,85
9838,80,0,7,0,0,0,0,0,0,0,87
9839,83,0,6,0,0,0,0,0,0,0,89
9840,84,0,3,0,0,0,0,0,0,0,87
9841,74,0,6,0,0,0,0,0,0,0,80
9842,67,0,10,0,0,0,0,0,0,0,77
9843,81,0,6,0,0,0,0,0,0,0,87
9844,85,0,5,0,0,0,0,0,0,0,90
9845,82,0,5,0,0,0,0,0,0,0,87
9846,79,0,0,0,0,0,0,0,0,0,79
9847,88,0,0,0,0,0,0,0,0,0,88
9848,79,0,0,0,0,0,0,0,0,0,79
9849,76,0,0,0,0,0,0,0,0,0,76
9850,71,0,0,0,0,0,0,0,0,0,71
9851,61,0,0,0,0,0,0,0,0,0,61
9852,64,0,0,0,0,0,0,0,0,0,64
9853,59,0,0,0,0,0,0,0,0,0,59
9854,63,0,0,0,0,0,0,0,0,0,63
9855,63,0,0,0,0,0,0,0,0,0,63
9856,64,0,0,0,0,0,0,0,0,0,64
9857,67,0,0,0,0,0,0,0,0,0,67
9858,73,0,0,0,0,0,0,0,0,0,73
9859,76,0,0,0,0,0,0,0,0,0,76
9860,73,0,0,0,0,0,0,0,0,0,73
9861,70,0,0,0,0,0,0,0,0,0,70
9862,80,0,0,0,0,0,0,0,0,0,80
9863,68,0,0,0,0,0,0,0,0,0,68
9864,66,0,0,0,0,0,0,0,0,0,66
9865,62,0,0,0,0,0,0,0,0,0,62
9866,73,0,2,0,0,0,0,0,0,0,75
9867,81,0,1,0,0,0,0,0,0,0,82
9868,87,0,0,0,0,0,0,0,0,0,87
9869,79,0,3,0,0,0,0,0,0,0,82
9870,77,0,3,0,0,0,0,0,0,0,80
9871,81,0,1,0,0,0,0,0,0,0,82
9872,74,0,6,0,0,0,0,0,0,0,80
9873,79,0,5,0,0,0,0,0,0,0,84
9874,81,0,5,0,0,0,0,0,0,0,86
9875,82,0,5,0,0,0,0,0,0,0,87
9876,69,0,4,0,0,0,0,0,0,0,73
9877,64,0,3,0,0,0,0,0,0,0,67
9878,58,0,0,0,0,0,0,0,0,0,58
9879,49,0,0,0,0,0,0,0,0,0,49
9880,68,0,0,0,0,0,0,0,0,0,68
9881,88,0,0,0,0,0,0,0,0,0,88
9882,84,0,0,0,0,0,0,0,0,0,84
9883,75,0,0,0,0,0,0,0,0,0,75
9884,56,0,2,0,0,0,0,0,0,0,58
9885,65,0,0,0,0,0,0,0,0,0,65
9886,76,0,0,0,0,0,0,0,0,0,76
9887,76,0,1,0,0,0,0,0,0,0,77
9888,82,0,0,0,0,0,0,0,0,0,82
9889,85,0,0,0,0,0,0,0,0,0,85
9890,69,0,0,0,0,0,0,0,0,0,69
9891,75,0,0,0,0,0,0,0,0,0,75
9892,93,0,0,0,0,0,0,0,0,0,93
9893,93,0,0,0,0,0,0,0,0,0,93
9894,85,0,0,0,0,0,0,0,0,0,85
9895,86,0,0,0,0,0,0,0,0,0,86
9896,99,0,0,0,0,0,0,0,0,0,99
9897,85,0,4,0,0,0,0,0,0,0,89
9898,76,0,1,0,0,0,0,0,0,0,77
9899,70,0,5,0,0,0,0,0,0,0,75
9900,60,0,5,0,0,0,0,0,0,0,65
9901,77,0,5,0,0,0,0,0,0,0,82
9902,79,0,4,0,0,0,0,0,0,0,83
9903,70,0,5,0,0,0,0,0,0,0,75
9904,52,0,5,0,0,0,0,0,0,0,57
9905,59,0,10,0,0,0,0,0,0,0,69
9906,64,0,10,0,0,0,0,0,0,0,74
9907,68,0,6,0,0,0,0,0,0,0,74
9908,80,0,0,0,0,0,0,0,0,0,80
9909,67,0,0,0,0,0,0,0,0,0,67
9910,73,0,0,0,0,0,0,0,0,0,73
9911,74,0,0,0,0,0,0,0,0,0,74
9912,62,0,0,0,0,0,0,0,0,0,62
9913,64,0,0,0,0,0,0,0,0,0,64
9914,76,0,0,0,0,0,0,0,0,0,76
9915,63,0,3,0,0,0,0,0,0,0,66
9916,60,0,8,0,0,0,0,0,0,0,68
9917,63,0,9,0,0,0,0,0,0,0,72
9918,57,0,10,0,0,0,0,0,0,0,67
9919,66,0,10,0,0,0,0,0,0,0,76
9920,56,0,10,0,0,0,0,0,0,0,66
9921,57,0,10,0,0,0,0,0,0,0,67
9922,53,0,7,0,0,0,0,0,0,0,60
9923,54,0,6,0,0,0,0,0,0,0,60
9924,47,0,5,0,0,0,0,0,0,0,52
9925,38,0,5,0,0,0,0,0,0,0,43
9926,36,0,5,0,0,0,0,0,0,0,41
9927,45,0,6,0,0,0,0,0,0,0,51
9928,42,0,4,0,0,0,0,0,0,0,46
9929,45,0,6,0,0,0,0,0,0,0,51
9930,66,0,2,0,0,0,0,0,0,0,68
9931,63,0,4,0,0,0,0,0,0,0,67
9932,67,0,3,0,0,0,0,0,0,0,70
9933,72,0,0,0,0,0,0,0,0,0,72
9934,81,0,0,0,0,0,0,0,0,0,81
9935,79,0,0,0,0,0,0,0,0,0,79
9936,85,0,0,0,0,0,0,0,0,0,85
9937,69,0,1,0,0,0,0,0,0,0,70
9938,69,0,0,0,0,0,0,0,0,0,69
9939,62,0,1,0,0,0,0,0,0,0,63
9940,57,0,0,0,0,0,0,0,0,0,57
9941,62,0,0,0,0,0,0,0,0,0,62
9942,71,0,0,0,0,0,0,0,0,0,71
9943,74,0,0,0,0,0,0,0,0,0,74
9944,72,0,0,0,0,0,0,0,0,0,72
9945,62,0,0,0,0,0,0,0,0,0,62
9946,61,0,0,0,0,0,0,0,0,0,61
9947,62,0,5,0,0,0,0,0,0,0,67
9948,59,0,7,0,0,0,0,0,0,0,66
9949,66,0,5,0,0,0,0,0,0,0,71
9950,63,0,5,0,0,0,0,0,0,0,68
9951,55,0,5,0,0,0,0,0,0,0,60
9952,61,0,5,0,0,0,0,0,0,0,66
9953,56,0,5,0,0,0,0,0,0,0,61
9954,59,0,5,0,0,0,0,0,0,0,64
9955,51,0,5,0,0,0,0,0,0,0,56
9956,57,0,5,0,0,0,0,0,0,0,62
9957,61,0,5,0,0,0,0,0,0,0,66
9958,63,0,5,0,0,0,0,0,0,0,68
9959,67,0,5,0,0,0,0,0,0,0,72
9960,62,0,5,0,0,0,0,0,0,0,67
9961,67,0,5,0,0,0,0,0,0,0,72
9962,69,0,5,0,0,0,0,0,0,0,74
9963,77,0,5,0,0,0,0,0,0,0,82
9964,82,0,5,0,0,0,0,0,0,0,87
9965,83,0,0,0,0,0,0,0,0,0,83
9966,85,0,2,0,0,0,0,0,0,0,87
9967,84,0,4,0,0,0,0,0,0,0,88
9968,83,0,0,0,0,0,0,0,0,0,83
9969,96,0,2,0,0,0,0,0,0,0,98
9970,82,0,10,0,0,0,0,0,0,0,92
9971,77,0,11,0,0,0,0,0,0,0,88
9972,74,0,17,0,0,0,0,0,0,0,91
9973,75,0,9,0,0,0,0,0,0,0,84
9974,66,0,8,0,0,0,0,0,0,0,74
9975,67,0,5,0,0,0,0,0,0,0,72
9976,66,0,5,0,0,0,0,0,0,0,71
9977,57,0,7,0,0,0,0,0,0,0,64
9978,54,0,8,0,0,0,0,0,0,0,62
9979,65,0,5,0,0,0,0,0,0,0,70
9980,68,0,5,0,0,0,0,0,0,0,73
9981,65,0,5,0,0,0,0,0,0,0,70
9982,66,0,5,0,0,0,0,0,0,0,71
9983,69,0,5,0,0,0,0,0,0,0,74
9984,59,0,6,0,0,0,0,0,0,0,65
9985,60,0,5,0,0,0,0,0,0,0,65
9986,69,0,6,0,0,0,0,0,0,0,75
9987,64,0,6,0,0,0,0,0,0,0,70
9988,71,0,5,0,0,0,0,0,0,0,76
9989,68,0,7,0,0,0,0,0,0,0,75
9990,57,0,5,0,0,0,0,0,0,0,62
9991,65,0,5,0,0,0,0,0,0,0,70
9992,66,0,5,0,0,0,0,0,0,0,71
9993,62,0,5,0,0,0,0,0,0,0,67
9994,65,0,5,0,0,0,0,0,0,0,70
9995,59,0,5,0,0,0,0,0,0,0,64
9996,51,0,5,0,0,0,0,0,0,0,56
9997,47,0,10,0,0,0,0,0,0,0,57
9998,48,0,9,0,0,0,0,0,0,0,57
9999,50,0,13,0,0,0,0,0,0,0,63
10000,63,0,8,0,0,0,0,0,0,0,71
10001,73,0,5,0,0,0,0,0,0,0,78
10002,82,0,5,0,0,0,0,0,0,0,87
10003,79,0,5,0,0,0,0,0,0,0,84
10004,65,0,5,0,0,0,0,0,0,0,70
10005,66,0,5,0,0,0,0,0,0,0,71
10006,86,0,5,0,0,0,0,0,0,0,91
10007,64,0,5,0,0,0,0,0,0,0,69
10008,73,0,5,0,0,0,0,0,0,0,78
10009,64,0,5,0,0,0,0,0,0,0,69
10010,58,0,5,0,0,0,0,0,0,0,63
10011,66,0,5,0,0,0,0,0,0,0,71
10012,65,0,5,0,0,0,0,0,0,0,70
10013,58,0,5,0,0,0,0,0,0,0,63
10014,57,0,7,0,0,0,0,0,0,0,64
10015,50,0,5,0,0,0,0,0,0,0,55
10016,47,0,5,0,0,0,0,0,0,0,52
10017,60,0,5,0,0,0,0,0,0,0,65
10018,51,0,6,0,0,0,0,0,0,0,57
10019,60,0,5,0,0,0,0,0,0,0,65
10020,64,0,5,0,0,0,0,0,0,0,69
10021,68,0,5,0,0,0,0,0,0,0,73
10022,67,0,8,0,0,0,0,0,0,0,75
10023,58,0,10,0,0,0,0,0,0,0,68
10024,49,0,10,0,0,0,0,0,0,0,59
10025,43,0,10,0,0,0,0,0,0,0,53
10026,49,0,5,0,0,0,0,0,0,0,54
10027,58,0,5,0,0,0,0,0,0,0,63
10028,77,0,5,0,0,0,0,0,0,0,82
10029,69,0,5,0,0,0,0,0,0,0,74
10030,73,0,6,0,0,0,0,0,0,0,79
10031,75,0,5,0,0,0,0,0,0,0,80
10032,84,0,5,0,0,0,0,0,0,0,89
10033,70,0,9,0,0,0,0,0,0,0,79
10034,62,0,7,0,0,0,0,0,0,0,69
10035,62,1,4,0,0,0,0,0,0,0,67
10036,55,0,9,0,0,0,0,0,0,0,64
10037,50,0,13,0,0,0,0,0,0,0,63
10038,40,0,19,0,0,0,0,0,0,0,59
10039,31,0,13,0,0,0,0,0,0,0,44
10040,32,0,15,0,0,0,0,0,0,0,47
10041,30,0,20,0,0,0,0,0,0,0,50
10042,51,0,19,0,0,0,0,0,0,0,70
10043,48,0,17,0,0,0,0,0,0,0,65
10044,59,0,15,0,0,0,0,0,0,0,74
10045,52,0,9,0,0,0,0,0,0,0,61
10046,59,0,4,0,0,0,0,0,0,0,63
10047,52,0,2,0,0,0,0,0,0,0,54
10048,57,0,4,0,0,0,0,0,0,0,61
10049,62,0,5,0,0,0,0,0,0,0,67
10050,68,0,4,0,0,0,0,0,0,0,72
10051,68,0,0,0,0,0,0,0,0,0,68
10052,64,0,0,0,0,0,0,0,0,0,64
10053,69,0,2,0,0,0,0,0,0,0,71
10054,78,0,0,0,0,0,0,0,0,0,78
10055,88,0,0,0,0,0,0,0,0,0,88
10056,85,0,0,0,0,0,0,0,0,0,85
10057,72,0,0,0,0,0,0,0,0,0,72
10058,83,0,0,0,0,0,0,0,0,0,83
10059,70,0,0,0,0,0,0,0,0,0,70
10060,75,0,1,0,0,0,0,0,0,0,76
10061,66,0,4,0,0,0,0,0,0,0,70
10062,69,0,0,0,0,0,0,0,0,0,69
10063,63,0,0,0,0,0,0,0,0,0,63
10064,67,0,0,0,0,0,0,0,0,0,67
10065,74,0,0,0,0,0,0,0,0,0,74
10066,71,0,0,0,0,0,0,0,0,0,71
10067,73,0,0,0,0,0,0,0,0,0,73
10068,79,0,0,0,0,0,0,0,0,0,79
10069,61,0,0,0,0,0,0,0,0,0,61
10070,64,0,0,0,0,0,0,0,0,0,64
10071,62,0,0,0,0,0,0,0,0,0,62
10072,63,0,0,0,0,0,0,0,0,0,63
10073,62,0,2,0,0,0,0,0,0,0,64
10074,63,0,0,0,0,0,0,0,0,0,63
10075,69,0,3,0,0,0,0,0,0,0,72
10076,54,0,0,0,0,0,0,0,0,0,54
10077,66,0,5,0,0,0,0,0,0,0,71
10078,61,0,6,0,0,0,0,0,0,0,67
10079,66,0,2,0,0,0,0,0,0,0,68
10080,61,0,1,0,0,0,0,0,0,0,62
10081,59,0,0,0,0,0,0,0,0,0,59
10082,63,0,0,0,0,0,0,0,0,0,63
10083,64,0,0,0,0,0,0,0,0,0,64
10084,58,0,0,0,0,0,0,0,0,0,58
10085,51,0,4,0,0,0,0,0,0,0,55
10086,45,0,3,0,0,0,0,0,0,0,48
10087,50,0,0,0,0,0,0,0,0,0,50
10088,54,0,0,0,0,0,0,0,0,0,54
10089,60,0,0,0,0,0,0,0,0,0,60
10090,60,0,0,0,0,0,0,0,0,0,60
10091,59,0,0,0,0,0,0,0,0,0,59
10092,63,0,1,0,0,0,0,0,0,0,64
10093,71,0,0,0,0,0,0,0,0,0,71
10094,67,0,0,0,0,0,0,0,0,0,67
10095,74,0,1,0,0,0,0,0,0,0,75
10096,79,0,0,0,0,0,0,0,0,0,79
10097,90,0,0,0,0,0,0,0,0,0,90
10098,82,0,0,0,0,0,0,0,0,0,82
10099,83,0,0,0,0,0,0,0,0,0,83
10100,75,0,0,0,0,0,0,0,0,0,75
10101,79,0,0,0,0,0,0,0,0,0,79
10102,78,0,0,0,0,0,0,0,0,0,78
10103,73,0,2,0,0,0,0,0,0,0,75
10104,85,0,0,0,0,0,0,0,0,0,85
10105,77,0,0,0,0,0,0,0,0,0,77
10106,83,0,0,0,0,0,0,0,0,0,83
10107,87,0,0,0,0,0,0,0,0,0,87
10108,86,0,0,0,0,0,0,0,0,0,86
10109,97,0,0,0,0,0,0,0,0,0,97
10110,96,0,0,0,0,0,0,0,0,0,96
10111,85,0,0,0,0,0,0,0,0,0,85
10112,75,0,0,0,0,0,0,0,0,0,75
10113,62,0,0,0,0,0,0,0,0,0,62
10114,73,0,0,0,0,0,0,0,0,0,73
10115,65,0,0,0,0,0,0,0,0,0,65
10116,72,0,2,0,0,0,0,0,0,0,74
10117,66,0,1,0,0,0,0,0,0,0,67
10118,73,0,0,0,0,0,0,0,0,0,73
10119,65,0,6,0,0,0,0,0,0,0,71
10120,64,0,5,0,0,0,0,0,0,0,69
10121,70,0,3,0,0,0,0,0,0,0,73
10122,77,0,1,0,0,0,0,0,0,0,78
10123,74,0,0,0,0,0,0,0,0,0,74
10124,78,0,0,0,0,0,0,0,0,0,78
10125,74,0,0,0,0,0,0,0,0,0,74
10126,74,0,0,0,0,0,0,0,0,0,74
10127,54,0,4,0,0,0,0,0,0,0,58
10128,52,0,5,0,0,0,0,0,0,0,57
10129,49,0,5,0,0,0,0,0,0,0,54
10130,55,0,5,0,0,0,0,0,0,0,60
10131,68,0,4,0,0,0,0,0,0,0,72
10132,58,0,8,0,0,0,0,0,0,0,66
10133,61,0,10,0,0,0,0,0,0,0,71
10134,61,0,9,0,0,0,0,0,0,0,70
10135,48,0,9,0,0,0,0,0,0,0,57
10136,50,0,7,0,0,0,0,0,0,0,57
10137,62,0,3,0,0,0,0,0,0,0,65
10138,56,0,0,0,0,0,0,0,0,0,56
10139,62,0,0,0,0,0,0,0,0,0,62
10140,59,0,2,0,0,0,0,0,0,0,61
10141,62,0,3,0,0,0,0,0,0,0,65
10142,61,0,1,0,0,0,0,0,0,0,62
10143,61,0,0,0,0,0,0,0,0,0,61
10144,55,0,0,0,0,0,0,0,0,0,55
10145,63,0,1,0,0,0,0,0,0,0,64
10146,58,0,0,0,0,0,0,0,0,0,58
10147,49,0,0,0,0,0,0,0,0,0,49
10148,51,0,0,0,0,0,0,0,0,0,51
10149,79,0,0,0,0,0,0,0,0,0,79
10150,76,0,0,0,0,0,0,0,0,0,76
10151,59,0,0,0,0,0,0,0,0,0,59
10152,75,0,0,0,0,0,0,0,0,0,75
10153,72,0,1,0,0,0,0,0,0,0,73
10154,76,0,1,0,0,0,0,0,0,0,77
10155,71,0,4,0,0,0,0,0,0,0,75
10156,65,0,5,0,0,0,0,0,0,0,70
10157,64,0,5,0,0,0,0,0,0,0,69
10158,54,0,10,0,0,0,0,0,0,0,64
10159,45,0,8,0,0,0,0,0,0,0,53
10160,52,0,10,0,0,0,0,0,0,0,62
10161,49,0,10,0,0,0,0,0,0,0,59
10162,37,0,9,0,0,0,0,0,0,0,46
10163,48,0,5,0,0,0,0,0,0,0,53
10164,57,0,5,0,0,0,0,0,0,0,62
10165,61,0,5,0,0,0,0,0,0,0,66
10166,60,0,5,0,0,0,0,0,0,0,65
10167,63,0,3,0,0,0,0,0,0,0,66
10168,75,0,5,0,0,0,0,0,0,0,80
10169,78,0,5,0,0,0,0,0,0,0,83
10170,73,0,4,0,0,0,0,0,0,0,77
10171,51,0,8,0,0,0,0,0,0,0,59
10172,54,0,7,0,0,0,0,0,0,0,61
10173,61,0,9,0,0,0,0,0,0,0,70
10174,67,0,5,0,0,0,0,0,0,0,72
10175,61,0,2,0,0,0,0,0,0,0,63
10176,62,0,1,0,0,0,0,0,0,0,63
10177,75,0,0,0,0,0,0,0,0,0,75
10178,73,0,2,0,0,0,0,0,0,0,75
10179,73,0,0,0,0,0,0,0,0,0,73
10180,73,0,0,0,0,0,0,0,0,0,73
10181,68,0,2,0,0,0,0,0,0,0,70
10182,63,0,0,0,0,0,0,0,0,0,63
10183,47,0,1,0,0,0,0,0,0,0,48
10184,41,0,5,0,0,0,0,0,0,0,46
10185,42,0,7,0,0,0,0,0,0,0,49
10186,40,0,9,0,0,0,0,0,0,0,49
10187,51,0,6,0,0,0,0,0,0,0,57
10188,44,0,9,0,0,0,0,0,0,0,53
10189,52,0,10,0,0,0,0,0,0,0,62
10190,56,0,5,0,0,0,0,0,0,0,61
10191,60,0,5,0,0,0,0,0,0,0,65
10192,55,0,4,0,0,0,0,0,0,0,59
10193,57,0,4,0,0,0,0,0,0,0,61
10194,53,0,5,0,0,0,0,0,0,0,58
10195,49,0,3,0,0,0,0,0,0,0,52
10196,49,0,5,0,0,0,0,0,0,0,54
10197,57,0,5,0,0,0,0,0,0,0,62
10198,56,0,5,0,0,0,0,0,0,0,61
10199,58,0,2,0,0,0,0,0,0,0,60
10200,59,0,0,0,0,0,0,0,0,0,59
10201,59,0,0,0,0,0,0,0,0,0,59
10202,62,0,0,0,0,0,0,0,0,0,62
10203,57,0,0,0,0,0,0,0,0,0,57
10204,69,0,0,0,0,0,0,0,0,0,69
10205,55,0,0,0,0,0,0,0,0,0,55
10206,63,0,0,0,0,0,0,0,0,0,63
10207,64,0,1,0,0,0,0,0,0,0,65
10208,61,0,0,0,0,0,0,0,0,0,61
10209,56,0,2,0,0,0,0,0,0,0,58
10210,56,0,3,0,0,0,0,0,0,0,59
10211,50,0,10,0,0,0,0,0,0,0,60
10212,49,0,10,0,0,0,0,0,0,0,59
10213,40,0,11,0,0,0,0,0,0,0,51
10214,32,0,10,0,0,0,0,0,0,0,42
10215,41,0,10,0,0,0,0,0,0,0,51
10216,42,0,10,0,0,0,0,0,0,0,52
10217,44,0,9,0,0,0,0,0,0,0,53
10218,43,0,5,0,0,0,0,0,0,0,48
10219,48,0,7,0,0,0,0,0,0,0,55
10220,53,0,5,0,0,0,0,0,0,0,58
10221,62,0,5,0,0,0,0,0,0,0,67
10222,68,0,5,0,0,0,0,0,0,0,73
10223,67,0,5,0,0,0,0,0,0,0,72
10224,64,0,5,0,0,0,0,0,0,0,69
10225,67,0,10,0,0,0,0,0,0,0,77
10226,66,0,11,0,0,0,0,0,0,0,77
10227,70,0,8,0,0,0,0,0,0,0,78
10228,74,0,13,0,0,0,0,0,0,0,87
10229,77,0,15,0,0,0,0,0,0,0,92
10230,76,0,11,0,0,0,0,0,0,0,87
10231,74,0,6,0,0,0,0,0,0,0,80
10232,77,0,7,0,0,0,0,0,0,0,84
10233,70,0,8,0,0,0,0,0,0,0,78
10234,67,0,10,0,0,0,0,0,0,0,77
10235,81,0,5,0,0,0,0,0,0,0,86
10236,81,0,5,0,0,0,0,0,0,0,86
10237,82,0,5,0,0,0,0,0,0,0,87
10238,93,0,5,0,0,0,0,0,0,0,98
10239,85,0,5,0,0,0,0,0,0,0,90
10240,86,0,5,0,0,0,0,0,0,0,91
10241,90,0,5,0,0,0,0,0,0,0,95
10242,94,0,5,0,0,0,0,0,0,0,99
10243,80,0,5,0,0,0,0,0,0,0,85
10244,82,0,5,0,0,0,0,0,0,0,87
10245,87,0,5,0,0,0,0,0,0,0,92
10246,88,0,5,0,0,0,0,0,0,0,93
10247,79,0,5,0,0,0,0,0,0,0,84
10248,79,0,5,0,0,0,0,0,0,0,84
10249,89,0,5,0,0,0,0,0,0,0,94
10250,92,0,5,0,0,0,0,0,0,0,97
10251,87,0,5,0,0,0,0,0,0,0,92
10252,80,0,4,0,0,0,0,0,0,0,84
10253,77,0,5,0,0,0,0,0,0,0,82
10254,76,0,5,0,0,0,0,0,0,0,81
10255,76,0,4,0,0,0,0,0,0,0,80
10256,80,0,3,0,0,0,0,0,0,0,83
10257,86,0,2,0,0,0,0,0,0,0,88
10258,73,0,2,0,0,0,0,0,0,0,75
10259,81,0,0,0,0,0,0,0,0,0,81
10260,87,0,0,0,0,0,0,0,0,0,87
10261,69,0,0,0,0,0,0,0,0,0,69
10262,70,0,0,0,0,0,0,0,0,0,70
10263,66,0,0,0,0,0,0,0,0,0,66
10264,64,0,0,0,0,0,0,0,0,0,64
10265,76,0,0,0,0,0,0,0,0,0,76
10266,78,0,0,0,0,0,0,0,0,0,78
10267,78,0,1,0,0,0,0,0,0,0,79
10268,48,0,1,0,0,0,0,0,0,0,49
10269,70,0,1,0,0,0,1,0,0,0,72
10270,73,0,1,0,0,0,0,0,0,0,74
10271,73,0,2,0,0,0,0,0,0,0,75
10272,73,0,5,0,0,0,0,0,0,0,78
10273,43,0,8,0,0,0,0,0,0,0,51
10274,55,0,5,0,0,0,0,0,0,0,60
10275,80,0,1,0,0,0,0,0,0,0,81
10276,89,0,4,0,0,0,0,0,0,0,93
10277,93,0,5,0,0,0,0,0,0,0,98
10278,88,0,7,0,0,0,0,0,0,0,95
10279,90,0,6,0,0,0,0,0,0,0,96
10280,87,0,5,0,0,0,0,0,0,0,92
10281,69,0,7,0,0,0,0,0,0,0,76
10282,75,0,4,0,0,0,0,0,0,0,79
10283,73,0,1,0,0,0,0,0,0,0,74
10284,65,0,2,0,0,0,0,0,0,0,67
10285,49,0,1,0,0,0,0,0,0,0,50
10286,54,0,5,0,0,0,0,0,0,0,59
10287,63,0,5,0,0,0,0,0,0,0,68
10288,65,0,0,0,0,0,0,0,0,0,65
10289,88,0,0,0,0,0,0,0,0,0,88
10290,79,0,6,0,0,0,0,0,0,0,85
10291,68,0,6,0,0,0,0,0,0,0,74
10292,65,0,0,0,0,0,0,0,0,0,65
10293,75,0,0,0,0,0,0,0,0,0,75
10294,64,0,3,0,0,0,0,0,0,0,67
10295,60,0,3,0,0,0,0,0,0,0,63
10296,55,0,9,0,0,0,0,0,0,0,64
10297,75,0,6,0,0,0,0,0,0,0,81
10298,76,0,0,0,0,0,0,0,0,0,76
10299,71,0,2,0,0,0,0,0,0,0,73
10300,77,0,1,0,0,0,0,0,0,0,78
10301,74,0,0,0,0,0,0,0,0,0,74
10302,83,0,0,0,0,0,0,0,0,0,83
10303,66,0,0,0,0,0,0,0,0,0,66
10304,76,0,0,0,0,0,0,0,0,0,76
10305,67,0,1,0,0,0,0,0,0,0,68
10306,80,0,0,0,0,0,0,0,0,0,80
10307,80,0,0,0,0,0,0,0,0,0,80
10308,75,0,0,0,0,0,0,0,0,0,75
10309,69,0,0,0,0,0,0,0,0,0,69
10310,70,0,0,0,0,0,0,0,0,0,70
10311,63,0,0,0,0,0,0,0,0,0,63
10312,64,0,0,0,0,0,0,0,0,0,64
10313,55,0,0,0,0,0,0,0,0,0,55
10314,52,0,0,0,0,0,0,0,0,0,52
10315,49,0,1,0,0,0,0,0,0,0,50
10316,41,0,5,0,0,0,0,0,0,0,46
10317,39,0,5,0,0,0,0,0,0,0,44
10318,47,0,5,0,0,0,0,0,0,0,52
10319,55,0,3,0,0,0,0,0,0,0,58
10320,49,0,3,0,0,0,0,0,0,0,52
10321,55,0,1,0,0,0,0,0,0,0,56
10322,61,0,0,0,0,0,0,0,0,0,61
10323,60,0,0,0,0,0,0,0,0,0,60
10324,49,0,3,0,0,0,0,0,0,0,52
10325,57,0,2,0,0,0,0,0,0,0,59
10326,55,0,8,0,0,0,0,0,0,0,63
10327,40,0,7,0,0,0,0,0,0,0,47
10328,46,0,5,0,0,0,0,0,0,0,51
10329,55,0,1,0,0,0,0,0,0,0,56
10330,62,0,1,0,0,0,0,0,0,0,63
10331,52,0,1,0,0,0,0,0,0,0,53
10332,56,0,0,0,0,0,0,0,0,0,56
10333,52,0,0,0,0,0,0,0,0,0,52
10334,53,0,3,0,0,0,0,0,0,0,56
10335,49,0,4,0,0,0,0,0,0,0,53
10336,45,0,6,0,0,0,0,0,0,0,51
10337,23,0,5,0,0,0,0,0,0,0,28
10338,37,0,5,0,0,0,0,0,0,0,42
10339,40,0,8,0,0,0,0,0,0,0,48
10340,43,0,5,0,0,0,0,0,0,0,48
10341,49,0,0,0,0,0,0,0,0,0,49
10342,51,0,2,0,0,0,0,0,0,0,53
10343,64,0,0,0,0,0,0,0,0,0,64
10344,57,0,1,0,0,0,0,0,0,0,58
10345,67,0,0,0,0,0,0,0,0,0,67
10346,60,0,0,0,0,0,0,0,0,0,60
10347,67,0,0,0,0,0,0,0,0,0,67
10348,65,0,0,0,0,0,0,0,0,0,65
10349,73,0,0,0,0,0,0,0,0,0,73
10350,77,0,1,0,0,0,0,0,0,0,78
10351,81,0,1,0,0,0,0,0,0,0,82
10352,82,0,1,0,0,0,0,0,0,0,83
10353,86,0,1,0,0,0,0,0,0,0,87
10354,81,0,3,0,0,0,0,0,0,0,84
10355,71,0,6,0,0,0,0,0,0,0,77
10356,68,0,3,0,0,0,0,0,0,0,71
10357,65,0,0,0,0,0,0,0,0,0,65
10358,80,0,0,0,0,0,0,0,0,0,80
10359,83,0,0,0,0,0,0,0,0,0,83
10360,72,0,3,0,0,0,0,0,0,0,75
10361,83,0,4,0,0,0,0,0,0,0,87
10362,83,0,0,0,0,0,0,0,0,0,83
10363,80,0,0,0,0,0,0,0,0,0,80
10364,75,0,0,0,0,0,0,0,0,0,75
10365,83,0,1,0,0,0,0,0,0,0,84
10366,74,0,3,0,0,0,0,0,0,0,77
10367,76,0,4,0,0,0,0,0,0,0,80
10368,79,0,4,0,0,0,0,0,0,0,83
10369,71,0,3,0,0,0,0,0,0,0,74
10370,70,0,5,0,0,0,0,0,0,0,75
10371,74,0,3,0,0,0,0,0,0,0,77
10372,63,0,1,0,0,0,0,0,0,0,64
10373,67,0,2,0,0,0,0,0,0,0,69
10374,68,0,2,0,0,0,0,0,0,0,70
10375,66,0,2,0,0,0,0,0,0,0,68
10376,62,0,4,0,0,0,0,0,0,0,66
10377,69,0,5,0,0,0,0,0,0,0,74
10378,72,0,4,0,0,0,0,0,0,0,76
10379,69,0,5,0,0,0,0,0,0,0,74
10380,63,0,5,0,0,0,0,0,0,0,68
10381,72,0,5,0,0,0,0,0,0,0,77
10382,76,0,3,0,0,0,0,0,0,0,79
10383,74,0,5,0,0,0,0,0,0,0,79
10384,74,0,5,0,0,0,0,0,0,0,79
10385,64,0,3,0,0,0,0,0,0,0,67
10386,70,0,5,0,0,0,0,0,0,0,75
10387,67,0,5,0,0,0,0,0,0,0,72
10388,69,0,6,0,0,0,0,0,0,0,75
10389,68,0,4,0,0,0,0,0,0,0,72
10390,74,0,1,0,0,0,0,0,0,0,75
10391,78,0,1,0,0,0,0,0,0,0,79
10392,64,0,3,0,0,0,0,0,0,0,67
10393,72,0,4,0,0,0,0,0,0,0,76
10394,74,0,4,0,0,0,0,0,0,0,78
10395,77,0,1,0,0,0,0,0,0,0,78
10396,79,0,3,0,0,0,0,0,0,0,82
10397,77,0,3,0,0,0,0,0,0,0,80
10398,68,0,4,0,0,0,0,0,0,0,72
10399,69,0,8,0,0,0,0,0,0,0,77
10400,49,0,4,0,0,0,0,0,0,0,53
10401,58,0,5,0,0,0,0,0,0,0,63
10402,62,0,5,0,0,0,0,0,0,0,67
10403,68,0,4,0,0,0,0,0,0,0,72
10404,71,0,5,0,0,0,0,0,0,0,76
10405,65,0,4,0,0,0,0,0,0,0,69
10406,72,0,5,0,0,0,0,0,0,0,77
10407,80,0,5,0,0,0,0,0,0,0,85
10408,69,0,4,0,0,0,0,0,0,0,73
10409,80,0,4,0,0,0,0,0,0,0,84
10410,73,0,5,0,0,0,0,0,0,0,78
10411,71,0,3,0,0,0,0,0,0,0,74
10412,72,0,7,0,0,0,0,0,0,0,79
10413,65,0,4,0,0,0,0,0,0,0,69
10414,61,0,5,0,0,0,0,0,0,0,66
10415,53,0,4,0,0,0,0,0,0,0,57
10416,69,0,7,0,0,0,0,0,0,0,76
10417,72,0,9,0,0,0,0,0,0,0,81
10418,39,0,8,0,0,0,0,0,0,0,47
10419,47,0,10,0,0,0,0,0,0,0,57
10420,46,0,10,0,0,0,0,0,0,0,56
10421,49,0,10,0,0,0,0,0,0,0,59
10422,52,0,10,0,0,0,0,0,0,0,62
10423,55,0,10,0,0,0,0,0,0,0,65
10424,55,0,12,0,0,0,0,0,0,0,67
10425,51,0,14,0,0,0,0,0,0,0,65
10426,51,0,15,0,0,0,0,0,2,0,66
10427,54,0,15,0,0,0,0,0,0,0,69
10428,55,0,15,0,0,0,0,0,1,0,70
10429,56,0,14,0,0,0,0,0,0,0,70
10430,71,0,14,0,0,0,0,0,0,0,85
10431,71,0,15,0,0,0,0,0,0,0,86
10432,65,0,17,0,0,0,0,0,0,0,82
10433,56,0,24,0,0,0,0,0,0,0,80
10434,51,0,25,0,0,0,0,0,0,0,76
10435,48,0,24,0,0,0,0,0,0,0,72
10436,46,0,20,0,0,0,0,0,0,0,66
10437,34,0,22,0,0,0,0,0,0,0,56
10438,38,0,18,0,0,0,0,0,0,0,56
10439,40,0,14,0,0,0,0,0,0,0,54
10440,36,0,10,0,0,0,0,0,0,0,46
10441,30,0,10,0,0,0,0,0,0,0,40
10442,30,0,10,0,0,0,0,0,0,0,40
10443,26,0,10,0,0,0,0,0,0,0,36
10444,25,0,10,0,0,0,0,0,0,0,35
10445,22,0,10,0,0,0,0,0,0,0,32
10446,20,0,10,0,0,0,0,0,0,0,30
10447,27,0,10,0,0,0,0,0,0,0,37
10448,31,0,10,0,0,0,0,0,0,0,41
10449,23,0,15,0,0,0,0,0,0,0,38
10450,37,0,15,0,0,0,0,0,0,0,52
10451,38,0,12,0,0,0,0,0,0,0,50
10452,50,0,10,0,0,0,0,0,0,0,60
10453,49,0,12,0,0,0,0,0,0,0,61
10454,52,0,13,0,0,0,0,0,0,0,65
10455,60,0,11,0,0,0,0,0,0,0,71
10456,50,0,10,0,0,0,0,0,0,0,60
10457,50,0,15,0,0,0,0,0,0,0,65
10458,47,0,15,0,0,0,0,0,0,0,62
10459,48,0,15,0,0,0,0,0,0,0,63
10460,41,0,15,0,0,0,0,0,0,0,56
10461,40,0,15,0,0,0,0,0,0,0,55
10462,36,0,15,0,0,0,0,0,0,0,51
10463,39,0,15,0,0,0,0,0,0,0,54
10464,42,0,13,0,0,0,0,0,0,0,55
10465,44,0,10,0,0,0,0,0,0,0,54
10466,44,0,11,0,0,0,0,0,0,0,55
10467,38,0,17,0,0,0,0,0,1,0,55
10468,38,0,15,0,0,0,0,0,0,0,53
10469,37,0,15,0,0,0,0,0,0,0,52
10470,27,0,17,0,0,0,0,0,0,0,44
10471,23,0,14,0,0,0,0,0,0,0,37
10472,24,0,10,0,0,0,0,0,0,0,34
10473,31,0,10,0,0,0,0,0,0,0,41
10474,28,0,7,0,0,0,0,0,0,0,35
10475,30,0,8,0,0,0,0,0,0,0,38
10476,25,0,10,0,0,0,0,0,0,0,35
10477,24,0,10,0,0,0,0,0,0,0,34
10478,21,0,10,0,0,0,0,0,0,0,31
10479,28,0,10,0,0,0,0,0,0,0,38
10480,23,0,10,0,0,0,0,0,0,0,33
10481,33,0,5,0,0,0,0,0,0,0,38
10482,31,0,7,0,0,0,0,0,0,0,38
10483,29,0,10,0,0,0,0,0,0,0,39
10484,36,0,5,0,0,0,0,0,0,0,41
10485,44,0,5,0,0,0,0,0,0,0,49
10486,43,0,5,0,0,0,0,0,0,0,48
10487,45,0,5,0,0,0,0,0,0,0,50
10488,43,0,7,0,0,0,0,0,0,0,50
10489,44,0,5,0,0,0,0,0,0,0,49
10490,38,0,7,0,0,0,0,0,0,0,45
10491,46,0,5,0,0,0,0,0,0,0,51
10492,48,0,6,0,0,0,0,0,0,0,54
10493,48,0,8,0,0,0,0,0,0,0,56
10494,35,0,6,0,0,0,0,0,0,0,41
10495,30,0,9,0,0,0,0,0,0,0,39
10496,29,0,10,0,0,0,0,0,0,0,39
10497,27,0,8,0,0,0,0,0,0,0,35
10498,30,3,6,0,0,0,0,0,0,0,39
10499,34,1,9,0,0,0,0,0,0,0,44
10500,34,0,7,0,0,0,0,0,0,0,41
10501,39,0,5,0,0,0,0,0,0,0,44
10502,41,0,5,0,0,0,0,0,0,0,46
10503,39,0,5,0,0,0,0,0,0,0,44
10504,34,0,5,0,0,0,0,0,0,0,39
10505,30,0,5,0,0,0,0,0,0,0,35
10506,30,0,5,0,0,0,0,0,0,0,35
10507,32,0,4,0,0,0,0,0,0,0,36
10508,27,0,4,0,0,0,0,0,0,0,31
10509,38,0,2,0,0,0,0,0,0,0,40
10510,40,0,0,0,0,0,0,0,0,0,40
10511,42,0,1,0,0,0,0,0,0,0,43
10512,46,0,0,0,0,0,0,0,0,0,46
10513,50,0,0,0,0,0,0,0,0,0,50
10514,53,0,0,0,0,0,0,0,0,0,53
10515,53,0,0,0,0,0,0,0,0,0,53
10516,55,0,0,0,0,0,0,0,0,0,55
10517,55,0,0,0,0,0,0,0,0,0,55
10518,57,0,0,0,0,0,0,0,0,0,57
10519,42,0,0,0,0,0,0,0,0,0,42
10520,55,0,0,0,0,0,0,0,0,0,55
10521,50,0,0,0,0,0,0,0,0,0,50
10522,44,0,4,0,0,0,0,0,0,0,48
10523,41,0,4,0,0,0,0,0,0,0,45
10524,39,0,1,0,0,0,0,0,0,0,40
10525,44,0,0,0,0,0,0,0,0,0,44
10526,46,0,0,0,0,0,0,0,0,0,46
10527,49,0,0,0,0,0,0,0,0,0,49
10528,60,0,0,0,0,0,0,0,0,0,60
10529,59,0,0,0,0,0,0,0,0,0,59
10530,59,1,0,0,0,0,0,0,0,0,60
10531,60,0,0,0,0,0,0,0,0,0,60
10532,57,0,0,0,0,0,0,0,0,0,57
10533,59,0,0,0,0,0,0,0,0,0,59
10534,52,0,2,0,0,0,0,0,0,0,54
10535,43,0,2,0,0,0,0,0,0,0,45
10536,44,0,0,0,0,0,0,0,0,0,44
10537,38,0,4,0,0,0,0,0,0,0,42
10538,32,0,4,0,0,0,0,0,0,0,36
10539,26,0,4,0,0,0,0,0,0,0,30
10540,28,0,2,0,0,0,0,0,0,0,30
10541,20,0,0,0,0,0,0,0,0,0,20
10542,15,0,0,0,0,0,0,0,0,0,15
10543,24,0,0,0,0,0,0,0,0,0,24
10544,25,0,0,0,0,0,0,0,0,0,25
10545,30,0,1,0,0,0,0,0,0,0,31
10546,39,0,1,0,0,0,0,0,0,0,40
10547,41,0,0,0,0,0,0,0,0,0,41
10548,41,0,6,0,0,0,0,0,0,0,47
10549,42,0,1,0,0,0,0,0,0,0,43
10550,45,0,3,0,0,0,0,0,0,0,48
10551,40,0,5,0,0,0,0,0,0,0,45
10552,32,0,5,0,0,0,0,0,0,0,37
10553,33,0,5,0,0,0,0,0,0,0,38
10554,34,0,6,0,0,0,0,0,0,0,40
10555,30,0,5,0,0,0,0,0,0,0,35
10556,20,0,1,0,0,0,0,0,0,0,21
10557,26,0,0,0,0,0,0,0,0,0,26
10558,27,0,0,0,0,0,0,0,0,0,27
10559,24,0,3,0,0,0,0,0,0,0,27
10560,23,0,0,0,0,0,0,0,0,0,23
10561,9,0,0,0,0,0,0,0,0,0,9
10562,7,0,7,0,0,0,0,0,0,0,14
10563,9,0,5,0,0,0,0,0,0,0,14
10564,10,0,5,0,0,0,0,0,0,0,15
10565,11,0,5,0,0,0,0,0,0,0,16
10566,14,0,5,0,0,0,0,0,0,0,19
10567,12,0,1,0,0,0,0,0,0,0,13
10568,12,0,2,0,0,0,0,0,0,0,14
10569,11,0,5,0,0,0,0,0,0,0,16
10570,15,0,5,0,0,0,0,0,0,0,20
10571,12,0,4,0,0,0,0,0,0,0,16
10572,13,0,2,0,0,0,0,0,0,0,15
10573,14,0,3,0,0,0,0,0,0,0,17
10574,11,0,5,0,0,0,0,0,0,0,16
10575,14,0,6,0,0,0,0,0,0,0,20
10576,14,0,6,0,0,0,0,0,0,0,20
10577,15,0,5,0,0,0,0,0,0,0,20
10578,15,0,5,0,0,0,0,0,0,0,20
10579,18,0,5,0,0,0,0,0,0,0,23
10580,19,0,5,0,0,0,0,0,0,0,24
10581,15,0,5,0,0,0,0,0,0,0,20
10582,14,0,5,0,0,0,0,0,0,0,19
10583,15,0,5,0,0,0,0,0,0,0,20
10584,26,0,3,0,0,0,0,0,0,0,29
10585,31,0,4,0,0,0,0,0,0,0,35
10586,29,0,2,0,0,0,0,0,1,0,31
10587,31,0,3,0,0,0,0,0,1,0,34
10588,29,0,5,0,0,0,0,0,0,0,34
10589,32,0,1,0,0,0,0,0,0,0,33
10590,32,0,5,0,0,0,0,0,0,0,37
10591,30,0,4,0,0,0,0,0,0,0,34
10592,41,0,4,0,0,0,0,0,0,0,45
10593,29,0,6,0,0,0,0,0,0,0,35
10594,32,0,5,0,0,0,0,0,0,0,37
10595,33,0,5,0,0,0,0,0,0,0,38
10596,39,0,6,0,0,0,0,0,0,0,45
10597,40,0,1,0,0,0,0,0,0,0,41
10598,38,0,3,0,0,0,0,0,0,0,41
10599,37,0,5,0,0,0,0,0,0,0,42
10600,35,0,1,0,0,0,0,0,0,0,36
10601,40,0,1,0,0,0,0,0,0,0,41
10602,47,0,0,0,0,0,0,0,0,0,47
10603,53,0,0,0,0,0,0,0,0,0,53
10604,50,0,0,0,0,0,0,0,0,0,50
10605,53,0,1,0,0,0,0,0,0,0,54
10606,55,0,2,0,0,0,0,0,0,0,57
10607,58,0,2,0,0,0,0,0,0,0,60
10608,61,0,3,0,0,0,0,0,0,0,64
10609,58,0,6,0,0,0,0,0,0,0,64
10610,59,0,7,0,0,0,0,0,0,0,66
10611,58,0,6,0,0,0,0,0,1,0,64
10612,54,0,9,0,0,0,0,0,0,0,63
10613,55,0,5,0,0,0,0,0,0,0,60
10614,49,0,5,0,0,0,0,0,0,0,54
10615,45,0,5,0,0,0,0,0,0,0,50
10616,49,0,5,0,0,0,0,0,0,0,54
10617,40,0,5,0,0,0,0,0,0,0,45
10618,40,0,5,0,0,0,0,0,0,0,45
10619,39,0,5,0,0,0,0,0,0,0,44
10620,35,0,5,0,0,0,0,0,0,0,40
10621,35,0,5,0,0,0,0,0,0,0,40
10622,40,0,5,0,0,0,0,0,0,0,45
10623,43,0,7,0,0,0,0,0,0,0,50
10624,38,0,10,0,0,0,0,0,0,0,48
10625,31,0,13,0,0,0,0,0,0,0,44
10626,25,0,15,0,0,0,0,0,0,0,40
10627,25,0,14,0,0,0,0,0,0,0,39
10628,22,0,12,0,0,0,0,0,0,0,34
10629,24,0,10,0,0,0,0,0,0,0,34
10630,16,0,9,0,0,0,0,0,0,0,25
10631,15,0,10,0,0,0,0,0,0,0,25
10632,10,0,10,0,0,0,0,0,0,0,20
10633,12,0,10,0,0,0,0,0,0,0,22
10634,10,0,10,0,0,0,0,0,0,0,20
10635,18,0,10,0,0,0,0,0,0,0,28
10636,25,0,10,0,0,0,0,0,0,0,35
10637,30,0,10,0,0,0,0,0,0,0,40
10638,31,0,10,0,0,0,0,0,0,0,41
10639,38,0,10,0,0,0,0,0,0,0,48
10640,42,0,10,0,0,0,0,0,0,0,52
10641,55,0,10,0,0,0,0,0,0,0,65
10642,52,0,10,0,0,0,0,0,0,0,62
10643,50,0,12,0,0,0,0,0,0,0,62
10644,47,0,12,0,0,0,0,0,0,0,59
10645,41,0,15,0,0,0,0,0,0,0,56
10646,33,0,14,0,0,0,0,0,0,0,47
10647,28,0,14,0,0,0,0,0,0,0,42
10648,29,0,11,0,0,0,0,0,0,0,40
10649,29,0,10,0,0,0,0,0,0,0,39
10650,26,0,10,0,0,0,0,0,0,0,36
10651,33,0,10,0,0,0,0,0,0,0,43
10652,29,0,10,0,0,0,0,0,0,0,39
10653,32,1,10,0,0,0,0,0,0,0,43
10654,27,0,10,0,0,0,0,0,0,0,37
10655,21,0,10,0,0,0,0,0,0,0,31
10656,20,0,10,0,0,0,0,0,0,0,30
10657,18,0,10,0,0,0,0,0,1,0,28
10658,10,0,10,0,0,0,0,0,0,0,20
10659,14,0,9,0,0,0,0,0,0,0,23
10660,15,0,5,0,0,0,0,0,0,0,20
10661,18,0,5,0,0,0,0,0,0,0,23
10662,16,0,5,0,0,0,0,0,0,0,21
10663,15,0,5,0,0,0,0,0,0,0,20
10664,19,0,5,0,0,0,0,0,0,0,24
10665,16,0,5,0,0,0,0,0,0,0,21
10666,19,0,5,0,0,0,0,0,0,0,24
10667,21,0,5,0,0,0,0,0,0,0,26
10668,28,0,5,0,0,0,0,0,0,0,33
10669,22,0,5,0,0,0,0,0,0,0,27
10670,20,0,5,0,0,0,0,0,0,0,25
10671,22,0,5,0,0,0,0,0,0,0,27
10672,25,0,5,0,0,0,0,0,0,0,30
10673,27,0,5,0,0,0,0,0,0,0,32
10674,33,0,5,0,0,0,0,0,0,0,38
10675,30,0,5,0,0,0,0,0,0,0,35
10676,25,0,6,0,0,0,0,0,0,0,31
10677,30,0,10,0,0,0,0,0,0,0,40
10678,31,0,7,0,0,0,0,0,0,0,38
10679,26,0,14,0,0,0,0,0,0,0,40
10680,28,3,16,0,0,0,0,0,0,0,47
10681,28,0,20,0,0,0,0,0,0,0,48
10682,20,0,15,0,0,0,0,0,0,0,35
10683,8,0,15,0,0,0,0,0,0,0,23
10684,20,0,10,0,0,0,0,0,0,0,30
10685,14,0,10,0,0,0,0,0,0,0,24
10686,11,0,9,0,0,0,0,0,0,0,20
10687,27,0,6,0,0,0,0,0,0,0,33
10688,27,0,5,0,0,0,0,0,0,0,32
10689,31,0,10,0,0,0,0,0,0,0,41
10690,25,0,13,0,0,0,0,0,0,0,38
10691,29,0,15,0,0,0,0,0,0,0,44
10692,31,0,13,0,0,0,0,0,0,0,44
10693,33,0,9,0,0,0,0,0,0,0,42
10694,35,0,5,0,0,0,0,0,0,0,40
10695,36,0,6,0,0,0,0,0,0,0,42
10696,38,0,5,0,0,0,0,0,0,0,43
10697,48,0,3,0,0,0,0,0,0,0,51
10698,48,0,0,0,0,0,0,0,0,0,48
10699,40,0,5,0,0,0,0,0,0,0,45
10700,53,0,4,0,0,0,0,0,0,0,57
10701,48,0,5,0,0,0,0,0,0,0,53
10702,56,0,3,0,0,0,0,0,0,0,59
10703,53,0,3,0,0,0,0,0,0,0,56
10704,55,0,1,0,0,0,0,0,0,0,56
10705,62,0,0,0,0,0,0,0,0,0,62
10706,71,0,0,0,0,0,0,0,0,0,71
10707,72,0,0,0,0,0,0,0,0,0,72
10708,68,0,0,0,0,0,0,0,0,0,68
10709,71,0,1,0,0,0,0,0,0,0,72
10710,62,0,3,0,0,0,0,0,0,0,65
10711,64,0,6,0,0,0,0,0,0,0,70
10712,62,0,1,0,0,0,0,0,0,0,63
10713,74,0,0,0,0,0,0,0,0,0,74
10714,74,1,4,0,0,0,0,0,0,0,79
10715,79,0,5,0,0,0,0,0,0,0,84
10716,69,0,5,0,0,0,0,0,0,0,74
10717,69,0,5,0,0,0,0,0,0,0,74
10718,39,0,4,0,0,0,0,0,2,0,43
10719,53,0,5,0,0,0,0,0,0,0,58
10720,51,0,6,0,0,0,0,0,1,0,57
10721,54,0,5,0,0,0,0,0,0,0,59
10722,43,0,5,0,0,0,0,0,0,0,48
10723,43,0,1,0,0,0,0,0,0,0,44
10724,41,0,0,0,0,0,0,0,0,0,41
10725,40,0,0,0,0,0,0,0,0,0,40
10726,41,0,1,0,0,0,0,0,0,0,42
10727,52,0,2,0,0,0,0,0,0,0,54
10728,48,0,2,0,0,0,0,0,0,0,50
10729,47,0,3,0,0,0,0,0,3,0,50
10730,51,0,2,0,0,0,0,0,2,0,53
10731,53,0,0,0,0,0,0,0,0,0,53
10732,54,0,2,0,0,0,0,0,0,0,56
10733,51,0,4,0,0,0,0,0,0,0,55
10734,56,0,3,0,0,0,0,0,3,0,59
10735,66,0,6,0,0,0,0,0,3,0,72
10736,65,0,2,0,0,0,0,0,3,0,67
10737,65,0,0,0,0,0,0,0,6,0,65
10738,67,0,1,0,0,0,0,0,5,0,68
10739,80,0,0,0,0,0,0,0,5,0,80
10740,70,0,2,0,0,0,0,0,4,0,72
10741,70,0,1,0,0,0,0,0,3,0,71
10742,76,0,0,0,0,0,0,0,1,0,76
10743,77,0,1,0,0,0,0,0,0,0,78
10744,74,0,0,0,0,0,0,0,0,0,74
10745,73,0,4,0,0,0,0,0,1,0,77
10746,66,0,4,0,0,0,0,0,0,0,70
10747,65,0,2,0,0,0,0,0,1,0,67
10748,57,0,1,0,0,0,0,0,2,0,58
10749,50,0,3,0,0,0,0,0,3,0,53
10750,41,0,6,0,0,0,0,0,1,0,47
10751,41,0,6,0,0,0,0,0,1,0,47
10752,35,0,7,0,0,0,0,0,0,0,42
10753,33,0,6,0,0,0,0,0,0,0,39
10754,43,0,0,0,0,0,0,0,0,0,43
10755,40,0,0,0,0,0,0,0,3,0,40
10756,40,0,5,0,0,0,0,0,2,0,45
10757,32,0,5,0,0,0,0,0,0,0,37
10758,26,0,6,0,0,0,0,0,0,0,32
10759,30,0,3,0,0,0,0,0,0,0,33
10760,41,0,1,0,0,0,0,0,0,0,42
10761,47,0,0,0,0,0,0,0,0,0,47
10762,48,0,2,0,0,0,0,0,0,0,50
10763,54,0,5,0,0,0,0,0,0,0,59
10764,50,0,3,0,0,0,0,0,0,0,53
10765,45,0,3,0,0,0,0,0,0,0,48
10766,52,2,0,0,0,0,0,0,0,0,54
10767,50,0,2,0,0,0,0,0,0,0,52
10768,40,0,7,0,0,0,0,0,0,0,47
10769,36,5,5,0,0,0,0,0,2,0,46
10770,29,5,5,0,0,0,0,0,5,0,39
10771,31,3,7,0,0,0,0,0,0,0,41
10772,28,0,10,0,0,0,0,0,0,0,38
10773,30,0,6,0,0,0,0,0,0,0,36
10774,24,0,5,0,0,0,0,0,0,0,29
10775,31,0,5,0,0,0,0,0,0,0,36
10776,29,0,5,0,0,0,0,0,1,0,34
10777,35,0,5,0,0,0,0,0,2,0,40
10778,35,0,5,0,0,0,0,0,0,0,40
10779,34,0,6,0,0,0,0,0,0,0,40
10780,27,0,10,0,0,0,0,0,0,0,37
10781,22,0,10,0,0,0,0,0,1,0,32
10782,32,0,10,0,0,0,0,0,0,0,42
10783,42,0,8,0,0,0,0,0,0,0,50
10784,44,0,6,0,0,0,0,0,0,0,50
10785,44,0,8,0,0,0,0,0,0,0,52
10786,52,0,9,0,0,0,0,0,1,0,61
10787,54,0,5,0,0,0,0,0,1,0,59
10788,57,1,6,0,0,0,0,0,0,0,64
10789,47,0,13,0,0,0,0,0,3,0,60
10790,47,0,10,0,0,0,0,0,0,0,57
10791,54,0,5,0,0,0,0,0,0,0,59
10792,54,0,5,0,0,0,0,0,3,0,59
10793,52,0,6,0,0,0,0,0,1,0,58
10794,53,0,13,0,0,0,0,0,1,0,66
10795,58,0,15,0,0,0,0,0,3,0,73
10796,55,0,20,0,0,0,0,0,0,0,75
10797,52,0,15,0,0,0,0,0,2,0,67
10798,28,0,15,0,0,0,0,0,4,0,43
10799,47,0,11,0,0,0,0,0,1,0,58
10800,46,0,13,0,0,0,0,0,4,0,59
10801,51,0,11,0,0,0,0,0,2,0,62
10802,49,0,13,0,0,0,0,0,0,0,62
10803,53,0,9,0,0,0,0,0,0,0,62
10804,51,0,12,0,0,0,0,0,1,0,63
10805,44,0,10,0,0,0,0,0,0,0,54
10806,40,0,6,0,0,0,0,0,0,0,46
10807,53,0,10,0,0,0,0,0,0,0,63
10808,49,0,10,0,0,0,0,0,1,0,59
10809,48,0,14,0,0,0,0,0,0,0,62
10810,48,0,12,0,0,0,0,0,0,0,60
10811,40,0,13,0,0,0,0,0,4,0,53
10812,43,0,15,0,0,0,0,0,2,0,58
10813,52,0,11,0,0,0,0,0,2,0,63
10814,47,0,8,0,0,0,0,0,0,0,55
10815,61,0,11,0,0,0,0,0,0,0,72
10816,58,0,8,0,0,0,0,0,0,0,66
10817,70,0,6,0,0,0,0,0,0,0,76
10818,59,0,2,0,0,0,0,0,0,0,61
10819,60,0,5,0,0,0,0,0,0,0,65
10820,68,0,7,0,0,0,0,0,0,0,75
10821,61,0,5,0,0,0,0,0,0,0,66
10822,71,0,3,0,0,0,0,0,0,0,74
10823,61,0,8,0,0,0,0,0,0,0,69
10824,58,0,3,0,0,0,0,0,0,0,61
10825,57,0,2,0,0,0,0,0,0,0,59
10826,54,0,0,0,0,0,0,0,0,0,54
10827,49,0,0,0,0,0,0,0,0,0,49
10828,46,0,0,0,0,0,0,0,0,0,46
10829,51,0,0,0,0,0,0,0,0,0,51
10830,41,0,9,0,0,0,0,0,0,0,50
10831,50,0,3,0,0,0,0,0,0,0,53
10832,53,0,2,0,0,0,0,0,0,0,55
10833,43,0,3,0,0,0,0,0,0,0,46
10834,52,0,6,0,0,0,0,0,0,0,58
10835,56,0,10,0,0,0,0,0,0,0,66
10836,53,0,6,0,0,0,0,0,0,0,59
10837,68,0,5,0,0,0,0,0,0,0,73
10838,63,0,4,0,0,0,0,0,0,0,67
10839,64,0,2,0,0,0,0,0,0,0,66
10840,75,0,1,0,0,0,0,0,0,0,76
10841,76,0,8,0,0,0,0,0,0,0,84
10842,72,0,5,0,0,0,0,0,0,0,77
10843,79,0,6,0,0,0,0,0,0,0,85
10844,81,0,4,0,0,0,0,0,0,0,85
10845,66,0,5,0,0,0,0,0,0,0,71
10846,49,0,9,0,0,0,0,0,0,0,58
10847,48,0,10,0,0,0,0,0,0,0,58
10848,49,0,5,0,0,0,0,0,0,0,54
10849,48,0,5,0,0,0,0,0,0,0,53
10850,59,0,4,0,0,0,0,0,0,0,63
10851,60,0,3,0,0,0,0,0,0,0,63
10852,51,0,7,0,0,0,0,0,0,0,58
10853,49,0,9,0,0,0,0,0,0,0,58
10854,50,0,12,0,0,0,0,0,0,0,62
10855,46,1,11,0,0,0,0,0,0,0,58
10856,63,0,7,0,0,0,0,0,0,0,70
10857,66,0,6,0,0,0,0,0,0,0,72
10858,58,0,6,0,0,0,0,0,0,0,64
10859,51,0,10,0,0,0,0,0,0,0,61
10860,60,0,10,0,0,0,0,0,1,0,70
10861,56,0,7,0,0,0,0,0,0,0,63
10862,62,0,1,0,0,0,0,0,0,0,63
10863,57,0,6,0,0,0,0,0,1,0,63
10864,60,0,12,0,0,0,0,0,0,0,72
10865,65,3,4,0,0,0,0,0,0,0,72
10866,66,5,2,0,0,0,0,0,0,0,73
10867,51,5,6,0,0,0,0,0,0,0,62
10868,47,4,15,0,0,0,0,0,3,0,66
10869,48,0,18,0,0,0,0,0,1,0,66
10870,52,2,24,0,0,0,0,0,2,0,78
10871,53,0,22,0,0,0,0,0,3,0,75
10872,43,0,13,0,0,0,0,0,0,0,56
10873,41,0,17,0,0,0,0,0,0,0,58
10874,40,0,20,0,0,0,0,0,0,0,60
10875,40,0,20,0,0,0,0,0,0,0,60
10876,40,0,17,0,0,0,0,0,0,0,57
10877,38,0,15,0,0,0,0,0,0,0,53
10878,36,0,15,0,0,0,0,0,0,0,51
10879,44,0,19,0,0,0,0,0,0,0,63
10880,59,0,20,0,0,0,0,0,0,0,79
10881,51,0,16,0,0,0,0,0,0,0,67
10882,47,0,16,0,0,0,0,0,0,0,63
10883,50,0,12,0,0,0,0,0,0,0,62
10884,46,0,15,0,0,0,0,0,0,0,61
10885,38,0,15,0,0,0,0,0,0,0,53
10886,38,0,15,0,0,0,0,0,0,0,53
10887,39,0,12,0,0,0,0,0,0,0,51
10888,42,0,10,0,0,0,0,0,0,0,52
10889,31,0,12,0,0,0,0,0,0,0,43
10890,31,0,10,0,0,0,0,0,0,0,41
10891,29,0,13,0,0,0,0,0,0,0,42
10892,40,0,12,0,0,0,0,0,0,0,52
10893,44,0,9,0,0,0,0,0,0,0,53
10894,36,0,11,0,0,0,0,0,0,0,47
10895,25,0,12,0,0,0,0,0,0,0,37
10896,24,0,15,0,0,0,0,0,0,0,39
10897,28,0,9,0,0,0,0,0,0,0,37
10898,31,0,13,0,0,0,0,0,0,0,44
10899,28,1,7,0,0,0,0,0,0,0,36
10900,32,0,9,0,0,0,0,0,1,0,41
10901,35,0,5,0,0,0,0,0,1,0,40
10902,32,0,5,0,0,0,0,0,0,0,37
10903,39,0,7,0,0,0,0,0,0,0,46
10904,39,0,5,0,0,0,0,0,0,0,44
10905,35,0,8,0,0,0,0,0,0,0,43
10906,39,0,6,0,0,0,0,0,0,0,45
10907,37,0,6,0,0,0,0,0,0,0,43
10908,39,0,5,0,0,0,0,0,0,0,44
10909,35,0,6,0,0,0,0,0,0,0,41
10910,37,0,7,0,0,0,0,0,0,0,44
10911,27,0,13,0,0,0,0,0,0,0,40
10912,32,0,14,0,0,0,0,0,0,0,46
10913,38,0,10,0,0,0,0,0,0,0,48
10914,37,0,6,0,0,0,0,0,0,0,43
10915,35,0,8,0,0,0,0,0,0,0,43
10916,36,0,5,0,0,0,0,0,0,0,41
10917,36,0,5,0,0,0,0,0,0,0,41
10918,47,0,5,0,0,0,0,0,0,0,52
10919,42,0,5,0,0,0,0,0,0,0,47
10920,41,0,6,0,0,0,0,0,0,0,47
10921,31,0,5,0,0,0,0,0,0,0,36
10922,32,0,5,0,0,0,0,0,0,0,37
10923,33,0,5,0,0,0,0,0,0,0,38
10924,42,0,6,0,0,0,0,0,0,0,48
10925,42,0,7,0,0,0,0,0,0,0,49
10926,41,0,6,0,0,0,0,0,0,0,47
10927,40,0,4,0,0,0,0,0,0,0,44
10928,42,0,5,0,0,0,0,0,0,0,47
10929,37,0,6,0,0,0,0,0,0,0,43
10930,36,0,5,0,0,0,0,0,0,0,41
10931,27,0,5,0,0,0,0,0,0,0,32
10932,26,0,6,0,0,0,0,0,0,0,32
10933,26,0,5,0,0,0,0,0,0,0,31
10934,25,0,5,0,0,0,0,0,0,0,30
10935,25,0,5,0,0,0,0,0,0,0,30
10936,25,0,5,0,0,0,0,0,0,0,30
10937,27,0,7,0,0,0,0,0,0,0,34
10938,30,0,9,0,0,0,0,0,0,0,39
10939,30,0,6,0,0,0,0,0,0,0,36
10940,33,0,12,0,0,0,0,0,0,0,45
10941,42,1,10,0,0,0,0,0,0,0,53
10942,43,1,7,0,0,0,0,0,0,0,51
10943,43,0,8,0,0,0,0,0,0,0,51
10944,44,0,5,0,0,0,0,0,0,0,49
10945,40,0,8,0,0,0,0,0,0,0,48
10946,33,0,8,0,0,0,0,0,0,0,41
10947,29,0,5,0,0,0,0,0,0,0,34
10948,34,0,6,0,0,0,0,0,0,0,40
10949,34,0,6,0,0,0,0,0,0,0,40
10950,33,0,5,0,0,0,0,0,0,0,38
10951,29,0,2,0,0,0,0,0,0,0,31
10952,27,0,0,0,0,0,0,0,0,0,27
10953,32,0,1,0,0,0,0,0,0,0,33
10954,25,0,1,0,0,0,0,0,0,0,26
10955,24,0,3,0,0,0,0,0,2,0,27
10956,22,0,5,0,0,0,0,0,2,0,27
10957,25,0,1,0,0,0,0,0,0,0,26
10958,23,0,3,0,0,0,0,0,0,0,26
10959,28,0,5,0,0,0,0,0,0,0,33
10960,22,0,9,0,0,0,0,0,0,0,31
10961,25,0,10,0,0,0,0,0,0,0,35
10962,30,1,8,0,0,0,0,0,0,0,39
10963,38,0,3,0,0,0,0,0,0,0,41
10964,40,0,10,0,0,0,0,0,0,0,50
10965,36,0,13,0,0,0,0,0,0,0,49
10966,52,0,5,0,0,0,0,0,0,0,57
10967,48,0,3,0,0,0,0,0,0,0,51
10968,57,0,4,0,0,0,0,0,0,0,61
10969,62,0,2,0,0,0,0,0,0,0,64
10970,51,0,3,0,0,0,0,0,0,0,54
10971,57,0,2,0,0,0,0,0,0,0,59
10972,62,0,4,0,0,0,0,0,1,0,66
10973,48,0,1,0,0,0,0,0,2,0,49
10974,49,2,1,0,0,0,0,0,2,0,52
10975,50,0,8,0,0,0,0,0,1,0,58
10976,47,0,17,0,0,0,0,0,0,0,64
10977,49,0,17,0,0,0,0,0,0,0,66
10978,52,0,18,0,0,0,0,0,0,0,70
10979,46,0,12,0,0,0,0,0,0,0,58
10980,41,0,19,0,0,0,0,0,0,0,60
10981,26,0,25,0,0,0,0,0,0,0,51
10982,32,1,24,0,0,0,0,0,0,0,57
10983,31,2,23,0,0,0,0,0,0,0,56
10984,30,1,21,0,0,0,0,0,0,0,52
10985,24,0,21,0,0,0,0,0,0,0,45
10986,15,0,23,0,0,0,0,0,0,0,38
10987,20,0,23,0,0,0,0,0,0,0,43
10988,25,0,26,0,0,0,0,0,0,0,51
10989,31,0,24,0,0,0,0,0,0,0,55
10990,35,3,20,0,0,0,0,0,0,0,58
10991,31,3,25,0,0,0,0,0,0,0,59
10992,29,1,26,0,0,0,0,0,0,0,56
10993,36,1,30,0,0,0,0,0,1,0,67
10994,32,0,29,0,0,0,0,0,5,0,61
10995,29,3,23,0,0,0,0,0,3,0,55
10996,32,0,21,0,0,0,0,0,2,0,53
10997,39,0,15,0,0,0,0,0,1,0,54
10998,46,0,17,0,0,0,0,0,1,0,63
10999,54,0,15,0,0,0,0,0,1,0,69
11000,49,0,15,0,0,0,0,0,1,0,64
11001,44,0,15,0,0,0,0,0,4,0,59
11002,44,0,15,0,0,0,0,0,4,0,59
11003,51,0,16,0,0,0,0,0,2,0,67
11004,49,0,15,0,0,0,0,0,2,0,64
11005,49,0,18,0,0,0,0,0,0,0,67
11006,42,0,21,0,0,0,0,0,1,0,63
11007,42,0,20,0,0,0,0,0,3,0,62
11008,45,0,20,0,0,0,0,0,0,0,65
11009,44,0,20,0,0,0,0,0,1,0,64
11010,40,0,27,0,0,0,0,0,0,0,67
11011,37,0,22,0,0,0,0,0,0,0,59
11012,33,0,29,0,0,0,0,0,1,0,62
11013,38,0,26,0,0,0,0,0,0,0,64
11014,44,0,23,0,0,0,0,0,1,0,67
11015,37,0,30,0,0,0,0,0,0,0,67
11016,37,0,33,0,0,0,0,0,1,0,70
11017,37,0,27,0,0,0,0,0,0,0,64
11018,56,0,0,0,0,0,0,0,0,0,56
11019,59,0,0,0,0,0,0,0,0,0,59
11020,76,0,2,0,0,0,0,0,0,0,78
11021,79,0,0,0,0,0,0,0,0,0,79
11022,73,0,0,0,0,0,0,0,0,0,73
11023,75,0,2,0,0,0,0,0,0,0,77
11024,71,0,1,0,0,0,0,0,0,0,72
11025,68,0,1,0,0,0,0,0,0,0,69
11026,63,0,0,0,0,0,0,0,0,0,63
11027,67,0,0,0,0,0,0,0,0,0,67
11028,59,0,2,0,0,0,0,0,0,0,61
11029,68,0,0,0,0,0,0,0,0,0,68
11030,54,0,2,0,0,0,0,0,0,0,56
11031,58,0,0,0,0,0,0,0,0,0,58
11032,45,0,3,0,0,0,0,0,0,0,48
11033,46,0,4,0,0,0,0,0,0,0,50
11034,44,0,2,0,0,0,0,0,0,0,46
11035,38,0,5,0,0,0,0,0,0,0,43
11036,55,0,5,0,0,0,0,0,0,0,60
11037,52,0,5,0,0,0,0,0,0,0,57
11038,61,0,5,0,0,0,0,0,0,0,66
11039,58,0,0,0,0,0,0,0,0,0,58
11040,53,0,5,0,0,0,0,0,0,0,58
11041,60,0,0,0,0,0,0,0,0,0,60
11042,61,0,0,0,0,0,0,0,0,0,61
11043,50,0,4,0,0,0,0,0,0,0,54
11044,49,0,6,0,0,0,0,0,0,0,55
11045,47,0,10,0,0,0,0,0,0,0,57
11046,54,0,6,0,0,0,0,0,0,0,60
11047,50,0,4,0,0,0,0,0,0,0,54
11048,67,0,1,0,0,0,0,0,0,0,68
11049,65,0,6,0,0,0,0,0,0,0,71
11050,61,0,7,0,0,0,0,0,0,0,68
11051,62,0,10,0,0,0,0,0,0,0,72
11052,42,0,15,0,0,0,0,0,0,0,57
11053,42,1,23,0,0,0,0,0,0,0,66
11054,50,4,15,0,0,0,0,0,0,0,69
11055,53,6,14,0,0,0,0,0,0,0,73
11056,42,2,13,0,0,0,0,0,0,0,57
11057,31,0,19,0,0,0,0,0,0,0,50
11058,36,0,18,0,0,0,0,0,0,0,54
11059,39,0,17,0,0,0,0,0,0,0,56
11060,52,0,9,0,0,0,0,0,0,0,61
11061,54,0,11,0,0,0,0,0,0,0,65
11062,49,0,13,0,0,0,0,0,0,0,62
11063,56,0,10,0,0,0,0,0,0,0,66
11064,57,0,6,0,0,0,0,0,0,0,63
11065,45,0,2,0,0,0,0,0,0,0,47
11066,39,0,2,0,0,0,0,0,0,0,41
11067,63,0,0,0,0,0,0,0,0,0,63
11068,50,0,0,0,0,0,0,0,0,0,50
11069,45,0,4,0,0,0,0,0,0,0,49
11070,54,0,1,0,0,0,0,0,0,0,55
11071,41,0,3,0,0,0,0,0,0,0,44
11072,42,0,0,0,0,0,0,0,0,0,42
11073,55,0,0,0,0,0,0,0,0,0,55
11074,51,0,4,0,0,0,0,0,0,0,55
11075,42,0,2,0,0,0,0,0,0,0,44
11076,44,0,1,0,0,0,0,0,0,0,45
11077,55,0,2,0,0,0,0,0,0,0,57
11078,49,0,7,0,0,0,0,0,0,0,56
11079,49,0,2,0,0,0,0,0,0,0,51
11080,54,0,2,0,0,0,0,0,0,0,56
11081,42,0,4,0,0,0,0,0,0,0,46
11082,48,0,7,0,0,0,0,0,0,0,55
11083,49,0,6,0,0,0,0,0,0,0,55
11084,56,0,4,0,0,0,0,0,0,0,60
11085,63,0,4,0,0,0,0,0,0,0,67
11086,60,2,3,0,0,0,0,0,0,0,65
11087,58,5,0,0,0,0,0,0,0,0,63
11088,63,5,0,0,0,0,0,0,0,0,68
11089,47,4,3,0,0,0,0,0,0,0,54
11090,42,1,5,0,0,0,0,0,0,0,48
11091,60,0,0,0,0,0,0,0,0,0,60
11092,54,0,1,0,0,0,0,0,0,0,55
11093,55,0,0,0,0,0,0,0,0,0,55
11094,50,0,4,0,0,0,0,0,0,0,54
11095,57,0,6,0,0,0,0,0,0,0,63
11096,53,0,7,0,0,0,0,0,0,0,60
11097,49,0,12,0,0,0,0,0,0,0,61
11098,57,0,5,0,0,0,0,0,0,0,62
11099,58,0,5,0,0,0,0,0,0,0,63
11100,51,0,5,0,0,0,0,0,0,0,56
11101,43,0,5,0,0,0,0,0,0,0,48
11102,58,0,2,0,0,0,0,0,0,0,60
11103,58,0,0,0,0,0,0,0,0,0,58
11104,54,0,0,0,0,0,0,0,0,0,54
11105,60,0,0,0,0,0,0,0,0,0,60
11106,59,0,0,0,0,0,0,0,0,0,59
11107,56,0,0,0,0,0,0,0,0,0,56
11108,57,0,0,0,0,0,0,0,0,0,57
11109,63,0,0,0,0,0,0,0,0,0,63
11110,60,0,0,0,0,0,0,0,0,0,60
11111,65,0,0,0,0,0,0,0,0,0,65
11112,69,0,0,0,0,0,0,0,0,0,69
11113,66,0,4,0,0,0,0,0,0,0,70
11114,69,0,3,0,0,0,0,0,0,0,72
11115,74,0,5,0,0,0,0,0,0,0,79
11116,64,0,7,0,0,0,0,0,0,0,71
11117,68,0,10,0,0,0,0,0,0,0,78
11118,68,0,10,0,0,0,0,0,0,0,78
11119,74,0,10,0,0,0,0,0,0,0,84
11120,64,0,10,0,0,0,0,0,0,0,74
11121,65,0,3,0,0,0,0,0,0,0,68
11122,61,0,5,0,0,0,0,0,0,0,66
11123,54,0,8,0,0,0,0,0,0,0,62
11124,59,0,5,0,0,0,0,0,0,0,64
11125,56,0,6,0,0,0,0,0,0,0,62
11126,47,0,9,0,0,0,0,0,0,0,56
11127,46,0,5,0,0,0,0,0,0,0,51
11128,46,0,5,0,0,0,0,0,0,0,51
11129,44,0,5,0,0,0,0,0,0,0,49
11130,47,0,5,0,0,0,0,0,0,0,52
11131,69,0,5,0,0,0,0,0,0,0,74
11132,56,0,5,0,0,0,0,0,0,0,61
11133,62,0,5,0,0,0,0,0,0,0,67
11134,55,0,5,0,0,0,0,0,0,0,60
11135,62,0,5,0,0,0,0,0,0,0,67
11136,56,0,5,0,0,0,0,0,0,0,61
11137,45,0,5,0,0,0,0,0,0,0,50
11138,45,0,5,0,0,0,0,0,0,0,50
11139,42,0,5,0,0,0,0,0,0,0,47
11140,55,0,5,0,0,0,0,0,0,0,60
11141,54,0,5,0,0,0,0,0,0,0,59
11142,44,0,6,0,0,0,0,0,0,0,50
11143,41,0,6,0,0,0,0,0,0,0,47
11144,54,0,8,0,0,0,0,0,0,0,62
11145,68,0,9,0,0,0,0,0,0,0,77
11146,66,0,11,0,0,0,0,0,0,0,77
11147,64,0,14,0,0,0,0,0,0,0,78
11148,72,0,23,0,0,0,0,0,0,0,95
11149,68,0,16,0,0,0,0,0,0,0,84
11150,79,0,24,0,0,0,0,0,0,0,103
11151,78,0,17,0,0,0,0,0,0,0,95
11152,96,0,15,0,0,0,0,0,0,0,111
11153,86,0,11,0,0,0,0,0,0,0,97
11154,101,0,14,0,0,0,0,0,0,0,115
11155,104,0,15,0,0,0,0,0,0,0,119
11156,91,0,10,0,0,0,0,0,0,0,101
11157,84,0,10,0,0,0,0,0,0,0,94
11158,78,0,14,0,0,0,0,0,0,0,92
11159,87,0,11,0,0,0,0,0,0,0,98
11160,84,0,13,0,0,0,0,0,0,0,97
11161,96,0,13,0,0,0,0,0,0,0,109
11162,92,0,10,0,0,0,0,0,0,0,102
11163,89,0,12,0,0,0,0,0,0,0,101
11164,89,0,10,0,0,0,0,0,0,0,99
11165,70,0,14,0,0,0,0,0,0,0,84
11166,72,0,15,0,0,0,0,0,0,0,87
11167,74,0,14,0,0,0,0,0,0,0,88
11168,76,0,15,0,0,0,0,0,0,0,91
11169,64,0,17,0,0,0,0,0,0,0,81
11170,59,0,9,0,0,0,0,0,0,0,68
11171,65,0,9,0,0,0,0,0,0,0,74
11172,65,0,13,0,0,0,0,0,0,0,78
11173,55,0,11,0,0,0,0,0,0,0,66
11174,53,0,6,0,0,0,0,0,0,0,59
11175,50,0,10,0,0,0,0,0,0,0,60
11176,59,0,7,0,0,0,0,0,0,0,66
11177,70,0,5,0,0,0,0,0,0,0,75
11178,64,0,10,0,0,0,0,0,0,0,74
11179,61,0,11,0,0,0,0,0,0,0,72
11180,65,2,15,0,0,0,0,0,0,0,82
11181,58,0,13,0,0,0,0,0,0,0,71
11182,51,0,13,0,0,0,0,0,0,0,64
11183,58,0,10,0,0,0,0,0,0,0,68
11184,56,0,14,0,0,0,0,0,0,0,70
11185,65,0,14,0,0,0,0,0,0,0,79
11186,67,0,11,0,0,0,0,0,0,0,78
11187,73,0,14,0,0,0,0,0,0,0,87
11188,71,0,13,0,0,0,0,0,0,0,84
11189,64,0,5,0,0,0,0,0,0,0,69
11190,46,0,6,0,0,0,0,0,0,0,52
11191,46,0,6,0,0,0,0,0,0,0,52
11192,60,0,7,0,0,0,0,0,0,0,67
11193,77,0,10,0,0,0,0,0,0,0,87
11194,83,0,4,0,0,0,0,0,0,0,87
11195,73,0,4,0,0,0,0,0,0,0,77
11196,81,0,7,0,0,0,0,0,0,0,88
11197,75,0,7,0,0,0,0,0,0,0,82
11198,61,0,7,0,0,0,0,0,0,0,68
11199,62,0,10,0,0,0,0,0,0,0,72
11200,69,0,5,0,0,0,0,0,0,0,74
11201,70,0,6,0,0,0,0,0,0,0,76
11202,61,0,8,0,0,0,0,0,0,0,69
11203,72,0,8,0,0,0,0,0,0,0,80
11204,52,0,10,0,0,0,0,0,0,0,62
11205,60,0,3,0,0,0,0,0,0,0,63
11206,63,0,0,0,0,0,0,0,0,0,63
11207,69,0,0,0,0,0,0,0,0,0,69
11208,66,0,0,0,0,0,0,0,0,0,66
11209,70,0,0,0,0,0,0,0,0,0,70
11210,69,0,0,0,0,0,0,0,0,0,69
11211,80,0,0,0,0,0,0,0,0,0,80
11212,84,0,0,0,0,0,0,0,0,0,84
11213,68,1,1,0,0,0,0,0,0,0,70
11214,63,0,0,0,0,0,0,0,0,0,63
11215,66,0,0,0,0,0,0,0,0,0,66
11216,67,0,0,0,0,0,0,0,0,0,67
11217,66,0,0,0,0,0,0,0,0,0,66
11218,60,0,0,0,0,0,0,0,0,0,60
11219,62,0,0,0,0,0,0,0,0,0,62
11220,66,0,0,0,0,0,0,0,0,0,66
11221,60,0,0,0,0,0,0,0,0,0,60
11222,65,0,0,0,0,0,0,0,0,0,65
11223,70,0,0,0,0,0,0,0,0,0,70
11224,60,0,0,0,0,0,0,0,0,0,60
11225,55,0,3,0,0,0,0,0,0,0,58
11226,55,0,4,0,0,0,0,0,0,0,59
11227,58,0,3,0,0,0,0,0,0,0,61
11228,62,0,2,0,0,0,0,0,0,0,64
11229,53,0,1,0,0,0,0,0,0,0,54
11230,46,0,1,0,0,0,0,0,0,0,47
11231,46,0,6,0,0,0,0,0,0,0,52
11232,49,0,7,0,0,0,0,0,0,0,56
11233,46,0,7,0,0,0,0,0,0,0,53
11234,55,0,7,0,0,0,0,0,0,0,62
11235,52,0,6,0,0,0,0,0,0,0,58
11236,52,0,5,0,0,0,0,0,0,0,57
11237,48,0,5,0,0,0,0,0,0,0,53
11238,48,0,5,0,0,0,0,0,0,0,53
11239,37,0,5,0,0,0,0,0,0,0,42
11240,42,0,5,0,0,0,0,0,0,0,47
11241,41,0,7,0,0,0,0,0,0,0,48
11242,45,0,5,0,0,0,0,0,0,0,50
11243,44,0,6,0,0,0,0,0,0,0,50
11244,43,0,5,0,0,0,0,0,0,0,48
11245,51,0,5,0,0,0,0,0,0,0,56
11246,58,0,7,0,0,0,0,0,0,0,65
11247,52,0,12,0,0,0,0,0,0,0,64
11248,53,0,13,0,0,0,0,0,0,0,66
11249,62,0,13,0,0,0,0,0,0,0,75
11250,55,0,13,0,0,0,0,0,0,0,68
11251,57,0,11,0,0,0,0,0,0,0,68
11252,61,0,5,0,0,0,0,0,0,0,66
11253,56,0,7,0,0,0,0,0,0,0,63
11254,55,0,5,0,0,0,0,0,0,0,60
11255,52,0,6,0,0,0,0,0,0,0,58
11256,49,0,5,0,0,0,0,0,0,0,54
11257,47,0,5,0,0,0,0,0,0,0,52
11258,44,0,5,0,0,0,0,0,0,0,49
11259,53,0,5,0,0,0,0,0,0,0,58
11260,47,0,5,0,0,0,0,0,0,0,52
11261,51,0,5,0,0,0,0,0,0,0,56
11262,47,0,5,0,0,0,0,0,0,0,52
11263,54,0,5,0,0,0,0,0,0,0,59
11264,51,0,9,0,0,0,0,0,0,0,60
11265,47,0,10,0,0,0,0,0,0,0,57
11266,47,0,11,0,0,0,0,0,0,0,58
11267,45,0,10,0,0,0,0,0,0,0,55
11268,59,0,10,0,0,0,0,0,0,0,69
11269,67,0,11,0,0,0,0,0,0,0,78
11270,68,0,10,0,0,0,0,0,0,0,78
11271,60,0,13,0,0,0,0,0,0,0,73
11272,70,0,11,0,0,0,0,0,0,0,81
11273,75,0,14,0,0,0,0,0,0,0,89
11274,90,0,10,0,0,0,0,0,0,0,100
11275,96,0,14,0,0,0,0,0,0,0,110
11276,100,0,15,0,0,0,0,0,0,0,115
11277,97,0,15,0,0,0,0,0,0,0,112
11278,90,0,14,0,0,0,0,0,0,0,104
11279,89,0,7,0,0,0,0,0,0,0,96
11280,86,0,10,0,0,0,0,0,0,0,96
11281,85,0,14,0,0,0,0,0,0,0,99
11282,81,0,14,0,0,0,0,0,0,0,95
11283,74,0,13,0,0,0,0,0,0,0,87
11284,74,0,10,0,0,0,0,0,0,0,84
11285,67,0,9,0,0,0,0,0,0,0,76
11286,70,0,7,0,0,0,0,0,0,0,77
11287,78,0,6,0,0,0,0,0,0,0,84
11288,72,0,6,0,0,0,0,0,0,0,78
11289,74,0,5,0,0,0,0,0,0,0,79
11290,70,0,5,0,0,0,0,0,0,0,75
11291,70,0,5,0,0,0,0,0,0,0,75
11292,64,0,5,0,0,0,0,0,0,0,69
11293,70,0,5,0,0,0,0,0,0,0,75
11294,77,0,5,0,0,0,0,0,0,0,82
11295,74,0,5,0,0,0,0,0,0,0,79
11296,73,0,5,0,0,0,0,0,0,0,78
11297,70,0,9,0,0,0,0,0,0,0,79
11298,74,0,12,0,0,0,0,0,0,0,86
11299,77,0,10,0,0,0,0,0,0,0,87
11300,80,0,7,0,0,0,0,0,0,0,87
11301,76,0,5,0,0,0,0,0,0,0,81
11302,81,0,5,0,0,0,0,0,0,0,86
11303,76,0,5,0,0,0,0,0,0,0,81
11304,71,0,7,0,0,0,0,0,0,0,78
11305,63,0,9,0,0,0,0,0,0,0,72
11306,63,0,9,0,0,0,0,0,0,0,72
11307,61,0,5,0,0,0,0,0,0,0,66
11308,58,0,6,0,0,0,0,0,0,0,64
11309,48,0,5,0,0,0,0,0,0,0,53
11310,58,0,5,0,0,0,0,0,0,0,63
11311,56,0,5,0,0,0,0,0,0,0,61
11312,60,0,7,0,0,0,0,0,0,0,67
11313,65,0,6,0,0,0,0,0,0,0,71
11314,63,0,9,0,0,0,0,0,0,0,72
11315,68,0,6,0,0,0,0,0,0,0,74
11316,69,0,5,0,0,0,0,0,0,0,74
11317,71,0,7,0,0,0,0,0,0,0,78
11318,76,0,10,0,0,0,0,0,0,0,86
11319,83,0,6,0,0,0,0,0,0,0,89
11320,81,0,6,0,0,0,0,0,0,0,87
11321,82,0,5,0,0,0,0,0,0,0,87
11322,80,0,7,0,0,0,0,0,0,0,87
11323,83,0,10,0,0,0,0,0,0,0,93
11324,84,0,8,0,0,0,0,0,0,0,92
11325,87,0,6,0,0,0,0,0,0,0,93
11326,81,0,4,0,0,0,0,0,0,0,85
11327,68,0,3,0,0,0,0,0,0,0,71
11328,70,0,0,0,0,0,0,0,0,0,70
11329,70,0,1,0,0,0,0,0,0,0,71
11330,66,0,3,0,0,0,0,0,0,0,69
11331,70,0,5,0,0,0,0,0,0,0,75
11332,73,0,6,0,0,0,0,0,0,0,79
11333,82,0,6,0,0,0,0,0,0,0,88
11334,78,0,7,0,0,0,0,0,0,0,85
11335,80,0,10,0,0,0,0,0,0,0,90
11336,86,1,9,0,0,0,0,0,0,0,96
11337,99,0,8,0,0,0,0,0,0,0,107
11338,84,0,5,0,0,0,0,0,0,0,89
11339,89,0,5,0,0,0,0,0,0,0,94
11340,91,0,5,0,0,0,0,0,0,0,96
11341,97,0,14,0,0,0,0,0,0,0,111
11342,97,0,6,0,0,0,0,0,0,0,103
11343,89,0,13,0,0,0,0,0,0,0,102
11344,81,0,18,0,0,0,0,0,0,0,99
11345,73,0,16,0,0,0,0,0,0,0,89
11346,68,0,17,0,0,0,0,0,0,0,85
11347,57,0,17,0,0,0,0,0,0,0,74
11348,78,0,14,0,0,0,0,0,0,0,92
11349,85,0,13,0,0,0,0,0,0,0,98
11350,79,0,10,0,0,0,0,0,0,0,89
11351,76,0,18,0,0,0,0,0,0,0,94
11352,77,0,16,0,0,0,0,0,0,0,93
11353,90,0,8,0,0,0,0,0,0,0,98
11354,85,0,10,0,0,0,0,0,0,0,95
11355,92,0,8,0,0,0,0,0,0,0,100
11356,76,0,9,0,0,0,0,0,0,0,85
11357,78,0,5,0,0,0,0,0,0,0,83
11358,87,0,3,0,0,0,0,0,0,0,90
11359,79,0,5,0,0,0,0,0,0,0,84
11360,62,0,10,0,0,0,0,0,0,0,72
11361,75,0,4,0,0,0,0,0,0,0,79
11362,91,0,4,0,0,0,0,0,0,0,95
11363,92,0,3,0,0,0,0,0,0,0,95
11364,93,0,5,0,0,0,0,0,0,0,98
11365,82,0,2,0,0,0,0,0,0,0,84
11366,75,0,4,0,0,0,0,0,0,0,79
11367,71,0,9,0,0,0,0,0,0,0,80
11368,81,0,2,0,0,0,0,0,0,0,83
11369,78,0,2,0,0,0,0,0,0,0,80
11370,81,0,1,0,0,0,0,0,0,0,82
11371,81,0,2,0,0,0,0,0,0,0,83
11372,74,0,5,0,0,0,0,0,0,0,79
11373,71,0,4,0,0,0,0,0,0,0,75
11374,66,0,4,0,0,0,0,0,0,0,70
11375,70,0,4,0,0,0,0,0,0,0,74
11376,71,0,4,0,0,0,0,0,0,0,75
11377,78,0,3,0,0,0,0,0,0,0,81
11378,89,0,5,0,0,0,0,0,0,0,94
11379,81,0,8,0,0,0,0,0,0,0,89
11380,86,0,7,0,0,0,0,0,0,0,93
11381,72,0,5,0,0,0,0,0,0,0,77
11382,75,0,5,0,0,0,0,0,0,0,80
11383,76,0,5,0,0,0,0,0,0,0,81
11384,83,0,5,0,0,0,0,0,0,0,88
11385,69,0,5,0,0,0,0,0,0,0,74
11386,73,0,5,0,0,0,0,0,0,0,78
11387,74,0,5,0,0,0,0,0,0,0,79
11388,63,0,5,0,0,0,0,0,0,0,68
11389,80,0,5,0,0,0,0,0,0,0,85
11390,84,0,5,0,0,0,0,0,0,0,89
11391,78,0,5,0,0,0,0,0,0,0,83
11392,74,0,5,0,0,0,0,0,0,0,79
11393,69,0,5,0,0,0,0,0,0,0,74
11394,73,0,5,0,0,0,0,0,0,0,78
11395,67,0,5,0,0,0,0,0,0,0,72
11396,65,0,5,0,0,0,0,0,0,0,70
11397,83,0,5,0,0,0,0,0,0,0,88
11398,84,0,5,0,0,0,0,0,0,0,89
11399,72,0,5,0,0,0,0,0,0,0,77
11400,70,0,5,0,0,0,0,0,0,0,75
11401,71,0,5,0,0,0,0,0,0,0,76
11402,71,0,5,0,0,0,0,0,0,0,76
11403,64,0,5,0,0,0,0,0,0,0,69
11404,66,0,5,0,0,0,0,0,0,0,71
11405,59,0,5,0,0,0,0,0,0,0,64
11406,49,0,5,0,0,0,0,0,0,0,54
11407,70,0,6,0,0,0,0,0,0,0,76
11408,72,0,5,0,0,0,0,0,0,0,77
11409,75,0,6,0,0,0,0,0,0,0,81
11410,75,0,6,0,0,0,0,0,0,0,81
11411,78,3,5,0,0,0,0,0,0,0,86
11412,78,0,5,0,0,0,0,0,0,0,83
11413,74,0,10,0,0,0,0,0,0,0,84
11414,75,0,10,0,0,0,0,0,0,0,85
11415,78,0,5,0,0,0,0,0,0,0,83
11416,75,0,5,0,0,0,0,0,0,0,80
11417,76,0,6,0,0,0,0,0,0,0,82
11418,67,0,7,0,0,0,0,0,0,0,74
11419,65,0,5,0,0,0,0,0,0,0,70
11420,54,0,6,0,0,0,0,0,0,0,60
11421,47,0,9,0,0,0,0,0,0,0,56
11422,48,0,8,0,0,0,0,0,0,0,56
11423,44,0,8,0,0,0,0,0,0,0,52
11424,47,0,10,0,0,0,0,0,0,0,57
11425,53,0,7,0,0,0,0,0,0,0,60
11426,58,0,5,0,0,0,0,0,0,0,63
11427,60,0,5,0,0,0,0,0,0,0,65
11428,72,0,5,0,0,0,0,0,0,0,77
11429,71,0,5,0,0,0,0,0,0,0,76
11430,79,0,5,0,0,0,0,0,0,0,84
11431,72,0,5,0,0,0,0,0,0,0,77
11432,68,0,9,0,0,0,0,0,0,0,77
11433,67,0,9,0,0,0,0,0,0,0,76
11434,70,0,10,0,0,0,0,0,0,0,80
11435,51,0,6,0,0,0,0,0,0,0,57
11436,59,0,7,0,0,0,0,0,0,0,66
11437,60,0,6,0,0,0,0,0,0,0,66
11438,63,0,5,0,0,0,0,0,0,0,68
11439,55,0,5,0,0,0,0,0,0,0,60
11440,59,0,7,0,0,0,0,0,0,0,66
11441,61,0,6,0,0,0,0,0,0,0,67
11442,59,0,8,0,0,0,0,0,0,0,67
11443,53,0,7,0,0,0,0,0,0,0,60
11444,49,0,9,0,0,0,0,0,0,0,58
11445,47,0,8,0,0,0,0,0,0,0,55
11446,48,0,10,0,0,0,0,0,0,0,58
11447,48,0,10,0,0,0,0,0,0,0,58
11448,53,0,7,0,0,0,0,0,0,0,60
11449,59,0,5,0,0,0,0,0,0,0,64
11450,49,0,6,0,0,0,0,0,0,0,55
11451,54,0,5,0,0,0,0,0,0,0,59
11452,47,0,6,0,0,0,0,0,0,0,53
11453,50,0,6,0,0,0,0,0,0,0,56
11454,62,0,2,0,0,0,0,0,0,0,64
11455,61,0,2,0,0,0,0,0,0,0,63
11456,61,0,2,0,0,0,0,0,0,0,63
11457,58,0,4,0,0,0,0,0,0,0,62
11458,74,0,0,0,0,0,0,0,0,0,74
11459,70,0,0,0,0,0,0,0,0,0,70
11460,78,0,0,0,0,0,0,0,0,0,78
11461,83,0,0,0,0,0,0,0,0,0,83
11462,74,0,0,0,0,0,0,0,0,0,74
11463,88,0,1,0,0,0,0,0,0,0,89
11464,76,0,0,0,0,0,0,0,0,0,76
11465,71,0,0,0,0,0,0,0,0,0,71
11466,77,0,0,0,0,0,0,0,0,0,77
11467,76,0,3,0,0,0,0,0,0,0,79
11468,86,0,1,0,0,0,0,0,0,0,87
11469,101,0,2,0,0,0,0,0,0,0,103
11470,98,0,0,0,0,0,0,0,0,0,98
11471,103,0,1,0,0,0,0,0,0,0,104
11472,92,0,0,0,0,0,0,0,0,0,92
11473,95,0,1,0,0,0,0,0,0,0,96
11474,92,0,0,0,0,0,0,0,0,0,92
11475,87,0,0,0,0,0,0,0,0,0,87
11476,77,0,0,0,0,0,0,0,0,0,77
11477,75,0,0,0,0,0,0,0,0,0,75
11478,89,0,0,0,0,0,0,0,0,0,89
11479,88,0,0,0,0,0,0,0,0,0,88
11480,81,4,0,0,0,0,0,0,0,0,85
11481,82,5,0,0,0,0,0,0,0,0,87
11482,69,5,0,0,0,0,0,0,0,0,74
11483,75,5,0,0,0,0,0,0,0,0,80
11484,78,5,0,0,0,0,0,0,0,0,83
11485,80,5,1,0,0,0,0,0,0,0,86
11486,88,5,0,0,0,0,0,0,0,0,93
11487,87,5,0,0,0,0,0,0,0,0,92
11488,78,5,1,0,0,0,0,0,0,0,84
11489,81,4,1,0,0,0,0,0,0,0,86
11490,84,0,0,0,0,0,0,0,0,0,84
11491,83,0,0,0,0,0,0,0,0,0,83
11492,89,0,0,0,0,0,0,0,0,0,89
11493,85,0,0,0,0,0,0,0,0,0,85
11494,95,0,0,0,0,0,0,0,0,0,95
11495,86,0,0,0,0,0,0,0,0,0,86
11496,81,0,0,0,0,0,0,0,0,0,81
11497,75,0,0,0,0,0,0,0,0,0,75
11498,75,0,0,0,0,0,0,0,0,0,75
11499,76,0,0,0,0,0,0,0,0,0,76
11500,79,0,0,0,0,0,0,0,0,0,79
11501,72,0,0,0,0,0,0,0,0,0,72
11502,76,0,0,0,0,0,0,0,0,0,76
11503,86,0,0,0,0,0,0,0,0,0,86
11504,83,0,0,0,0,0,0,0,0,0,83
11505,76,0,0,0,0,0,0,0,0,0,76
11506,84,0,0,0,0,0,0,0,0,0,84
11507,79,0,1,0,0,0,0,0,0,0,80
11508,85,0,1,0,0,0,0,0,0,0,86
11509,86,0,2,0,0,0,0,0,0,0,88
11510,86,0,4,0,0,0,0,0,0,0,90
11511,78,0,0,0,0,0,0,0,0,0,78
11512,74,0,2,0,0,0,0,0,0,0,76
11513,79,0,0,0,0,0,0,0,0,0,79
11514,83,0,0,0,0,0,0,0,0,0,83
11515,67,0,0,0,0,0,0,0,0,0,67
11516,67,0,1,0,0,0,0,0,0,0,68
11517,60,0,3,0,0,0,0,0,0,0,63
11518,69,0,0,0,0,0,0,0,0,0,69
11519,69,0,2,0,0,0,0,0,0,0,71
11520,58,0,8,0,0,0,0,0,0,0,66
11521,64,0,5,0,0,0,0,0,0,0,69
11522,67,0,5,0,0,0,0,0,0,0,72
11523,60,0,3,0,0,0,0,0,0,0,63
11524,63,0,0,0,0,0,0,0,0,0,63
11525,60,0,0,0,0,0,0,0,0,0,60
11526,61,0,1,0,0,0,0,0,0,0,62
11527,59,0,0,0,0,0,0,0,0,0,59
11528,62,0,0,0,0,0,0,0,0,0,62
11529,73,0,0,0,0,0,0,0,0,0,73
11530,71,0,0,0,0,0,0,0,0,0,71
11531,66,0,0,0,0,0,0,0,0,0,66
11532,53,0,1,0,0,0,0,0,0,0,54
11533,68,0,0,0,0,0,0,0,0,0,68
11534,60,0,0,0,0,0,0,0,0,0,60
11535,64,0,0,0,0,0,0,0,0,0,64
11536,67,0,1,0,0,0,0,0,0,0,68
11537,73,0,1,0,0,0,0,0,0,0,74
11538,84,0,2,0,0,0,0,0,0,0,86
11539,88,0,2,0,0,0,0,0,0,0,90
11540,87,0,0,0,0,0,0,0,0,0,87
11541,82,0,0,0,0,0,0,0,0,0,82
11542,87,0,0,0,0,0,0,0,0,0,87
11543,79,0,0,0,0,0,0,0,2,0,79
11544,68,0,0,0,0,0,0,0,0,0,68
11545,78,0,0,0,0,0,0,0,0,0,78
11546,63,0,0,0,0,0,0,0,0,0,63
11547,60,0,0,0,0,0,0,0,0,0,60
11548,59,0,0,0,0,0,0,0,0,0,59
11549,62,0,0,0,0,0,0,0,0,0,62
11550,56,0,0,0,0,0,0,0,0,0,56
11551,53,0,0,0,0,0,0,0,0,0,53
11552,49,0,0,0,0,0,0,0,0,0,49
11553,57,0,0,0,0,0,0,0,0,0,57
11554,57,0,0,0,0,0,0,0,0,0,57
11555,54,0,0,0,0,0,0,0,0,0,54
11556,53,0,0,0,0,0,0,0,0,0,53
11557,55,0,0,0,0,0,0,0,0,0,55
11558,69,0,0,0,0,0,0,0,0,0,69
11559,59,0,0,0,0,0,0,0,0,0,59
11560,66,0,0,0,0,0,0,0,0,0,66
11561,60,0,2,0,0,0,0,0,0,0,62
11562,60,0,4,0,0,0,0,0,0,0,64
11563,68,0,5,0,0,0,0,0,0,0,73
11564,54,0,10,0,0,0,0,0,0,0,64
11565,47,0,10,0,0,0,0,0,0,0,57
11566,34,0,10,0,0,0,0,0,0,0,44
11567,48,0,10,0,0,0,0,0,0,0,58
11568,47,0,10,0,0,0,0,0,0,0,57
11569,48,0,14,0,0,0,0,0,0,0,62
11570,41,0,13,0,0,0,0,0,0,0,54
11571,45,0,12,0,0,0,0,0,0,0,57
11572,49,0,9,0,0,0,0,0,0,0,58
11573,53,0,5,0,0,0,0,0,0,0,58
11574,60,0,5,0,0,0,0,0,0,0,65
11575,62,0,6,0,0,0,0,0,0,0,68
11576,71,0,7,0,0,0,0,0,0,0,78
11577,63,0,13,0,0,0,0,0,0,0,76
11578,65,0,11,0,0,0,0,0,0,0,76
11579,56,0,10,0,0,0,0,0,0,0,66
11580,47,0,9,0,0,0,0,0,0,0,56
11581,46,0,9,0,0,0,0,0,0,0,55
11582,44,0,5,0,0,0,0,0,0,0,49
11583,61,0,0,0,0,0,0,0,0,0,61
11584,56,0,8,0,0,0,0,0,0,0,64
11585,54,0,5,0,0,0,0,0,0,0,59
11586,53,0,5,0,0,0,0,0,0,0,58
11587,57,0,5,0,0,0,0,0,0,0,62
11588,61,0,7,0,0,0,0,0,0,0,68
11589,61,0,10,0,0,0,0,0,0,0,71
11590,52,0,12,0,0,0,0,0,0,0,64
11591,54,0,17,0,0,0,0,0,0,0,71
11592,48,0,15,0,0,0,0,0,0,0,63
11593,52,0,14,0,0,0,0,0,0,0,66
11594,65,2,12,0,0,0,0,0,0,0,79
11595,59,3,8,0,0,0,0,0,0,0,70
11596,53,0,10,0,0,0,0,0,0,0,63
11597,55,0,9,0,0,0,0,0,0,0,64
11598,71,0,4,0,0,0,0,0,0,0,75
11599,71,0,1,0,0,0,0,0,0,0,72
11600,69,0,0,0,0,0,0,0,0,0,69
11601,75,0,0,0,0,0,0,0,1,0,75
11602,79,0,0,0,0,0,0,0,0,0,79
11603,80,0,0,0,0,0,0,0,0,0,80
11604,72,0,0,0,0,0,0,0,0,0,72
11605,78,0,0,0,0,0,0,0,0,0,78
11606,67,0,0,0,0,0,0,0,0,0,67
11607,65,0,0,0,0,0,0,0,0,0,65
11608,62,0,0,0,0,0,0,0,0,0,62
11609,60,0,0,0,0,0,0,0,0,0,60
11610,57,0,1,0,0,0,0,0,0,0,58
11611,71,0,0,0,0,0,0,0,0,0,71
11612,73,0,0,0,0,0,0,0,0,0,73
11613,63,0,2,0,0,0,0,0,0,0,65
11614,62,0,1,0,0,0,0,0,0,0,63
11615,54,0,2,0,0,0,0,0,0,0,56
11616,60,0,4,0,0,0,0,0,0,0,64
11617,50,0,5,0,0,0,0,0,0,0,55
11618,52,0,3,0,0,0,0,0,0,0,55
11619,65,0,0,0,0,0,0,0,0,0,65
11620,71,0,0,0,0,0,0,0,0,0,71
11621,76,0,1,0,0,0,0,0,0,0,77
11622,79,0,2,0,0,0,0,0,0,0,81
11623,76,0,2,0,0,0,0,0,0,0,78
11624,78,0,0,0,0,0,0,0,0,0,78
11625,74,0,0,0,0,0,0,0,0,0,74
11626,81,0,0,0,0,0,0,0,0,0,81
11627,86,0,0,0,0,0,0,0,0,0,86
11628,83,0,0,0,0,0,0,0,0,0,83
11629,88,0,0,0,0,0,0,0,0,0,88
11630,87,0,3,0,0,0,0,0,0,0,90
11631,86,0,1,0,0,0,0,0,0,0,87
11632,82,0,3,0,0,0,0,0,0,0,85
11633,93,0,0,0,0,0,0,0,0,0,93
11634,79,0,1,0,0,0,0,0,0,0,80
11635,71,0,0,0,0,0,0,0,0,0,71
11636,60,0,4,0,0,0,0,0,0,0,64
11637,55,0,6,0,0,0,0,0,0,0,61
11638,58,0,7,0,0,0,0,0,0,0,65
11639,76,0,5,0,0,0,0,0,0,0,81
11640,79,0,0,0,0,0,0,0,0,0,79
11641,69,0,5,0,0,0,0,0,0,0,74
11642,68,0,5,0,0,0,0,0,0,0,73
11643,54,0,3,0,0,0,0,0,0,0,57
11644,47,0,3,0,0,0,0,0,0,0,50
11645,54,0,0,0,0,0,0,0,0,0,54
11646,40,0,0,0,0,0,0,0,0,0,40
11647,41,0,0,0,0,0,0,0,0,0,41
11648,36,0,0,0,0,0,0,0,0,0,36
11649,31,0,0,0,0,0,0,0,0,0,31
11650,35,0,0,0,0,0,0,0,0,0,35
11651,39,0,0,0,0,0,0,0,0,0,39
11652,38,0,0,0,0,0,0,0,0,0,38
11653,32,0,0,0,0,0,0,0,0,0,32
11654,40,0,2,0,0,0,0,0,0,0,42
11655,33,0,3,0,0,0,0,0,0,0,36
11656,39,0,2,0,0,0,0,0,0,0,41
11657,31,0,1,0,0,0,0,0,0,0,32
11658,31,0,4,0,0,0,0,0,0,0,35
11659,28,0,5,0,0,0,0,0,0,0,33
11660,37,0,5,0,0,0,0,0,0,0,42
11661,52,0,4,0,0,0,0,0,0,0,56
11662,50,0,5,0,0,0,0,0,0,0,55
11663,53,0,4,0,0,0,0,0,0,0,57
11664,53,0,4,0,0,0,0,0,0,0,57
11665,66,0,6,0,0,0,0,0,0,0,72
11666,75,0,4,0,0,0,0,0,0,0,79
11667,64,0,10,0,0,0,0,0,0,0,74
11668,65,0,11,0,0,0,0,0,0,0,76
11669,72,0,9,0,0,0,0,0,0,0,81
11670,79,0,6,0,0,0,0,0,0,0,85
11671,71,0,6,0,0,0,0,0,0,0,77
11672,69,0,5,0,0,0,0,0,0,0,74
11673,61,0,4,0,0,0,0,0,0,0,65
11674,55,0,6,0,0,0,0,0,0,0,61
11675,43,0,9,0,0,0,0,0,0,0,52
11676,33,0,8,0,0,0,0,0,0,0,41
11677,45,0,5,0,0,0,0,0,0,0,50
11678,37,0,4,0,0,0,0,0,0,0,41
11679,28,0,5,0,0,0,0,0,0,0,33
11680,31,0,3,0,0,0,0,0,0,0,34
11681,32,0,2,0,0,0,0,0,0,0,34
11682,29,0,0,0,0,0,0,0,0,0,29
11683,37,0,0,0,0,0,0,0,0,0,37
11684,38,0,0,0,0,0,0,0,0,0,38
11685,34,0,0,0,0,0,0,0,0,0,34
11686,36,0,0,0,0,0,0,0,0,0,36
11687,47,0,0,0,0,0,0,0,0,0,47
11688,47,0,0,0,0,0,0,0,0,0,47
11689,47,0,1,0,0,0,0,0,0,0,48
11690,45,0,5,0,0,0,0,0,0,0,50
11691,44,0,5,0,0,0,0,0,0,0,49
11692,31,0,5,0,0,0,0,0,0,0,36
11693,27,0,5,0,0,0,0,0,0,0,32
11694,37,0,5,0,0,0,0,0,0,0,42
11695,42,0,5,0,0,0,0,0,0,0,47
11696,35,0,5,0,0,0,0,0,0,0,40
11697,36,0,5,0,0,0,0,0,0,0,41
11698,37,0,5,0,0,0,0,0,0,0,42
11699,27,0,5,0,0,0,0,0,0,0,32
11700,26,0,5,0,0,0,0,0,0,0,31
11701,30,0,5,0,0,0,0,0,0,0,35
11702,30,0,5,0,0,0,0,0,0,0,35
11703,31,0,5,0,0,0,0,0,0,0,36
11704,23,0,8,0,0,0,0,0,0,0,31
11705,34,0,10,0,0,0,0,0,0,0,44
11706,39,4,10,0,0,0,0,0,0,0,53
11707,30,0,11,0,0,0,0,0,0,0,41
11708,31,0,8,0,0,0,0,0,0,0,39
11709,39,0,8,0,0,0,0,0,0,0,47
11710,32,0,9,0,0,0,0,0,0,0,41
11711,26,0,10,0,0,0,0,0,0,0,36
11712,27,0,15,0,0,0,0,0,0,0,42
11713,32,0,12,0,0,0,0,0,0,0,44
11714,31,0,10,0,0,0,0,0,0,0,41
11715,36,0,13,0,0,0,0,0,0,0,49
11716,42,0,11,0,0,0,0,0,0,0,53
11717,42,0,14,0,0,0,0,0,0,0,56
11718,48,0,11,0,0,0,0,0,0,0,59
11719,48,1,14,0,0,0,0,0,0,0,63
11720,35,0,10,0,0,0,0,0,0,0,45
11721,36,3,13,0,0,0,0,0,0,0,52
11722,42,4,7,0,0,0,0,0,0,0,53
11723,49,0,13,0,0,0,0,0,0,0,62
11724,51,0,16,0,0,0,0,0,0,0,67
11725,52,0,13,0,0,0,0,0,0,0,65
11726,58,0,11,0,0,0,0,0,0,0,69
11727,53,0,13,0,0,0,0,0,0,0,66
11728,51,0,14,0,0,0,0,0,0,0,65
11729,49,0,10,0,0,0,0,0,0,0,59
11730,40,0,8,0,0,0,0,0,0,0,48
11731,55,0,6,0,0,0,0,0,0,0,61
11732,51,0,5,0,0,0,0,0,0,0,56
11733,48,0,5,0,0,0,0,0,0,0,53
11734,54,0,5,0,0,0,0,0,0,0,59
11735,62,0,5,0,0,0,0,0,0,0,67
11736,71,0,5,0,0,0,0,0,0,0,76
11737,66,0,5,0,0,0,0,0,0,0,71
11738,62,0,4,0,0,0,0,0,0,0,66
11739,59,0,5,0,0,0,0,0,0,0,64
11740,64,0,5,0,0,0,0,0,0,0,69
11741,64,0,5,0,0,0,0,0,0,0,69
11742,61,0,6,0,0,0,0,0,0,0,67
11743,60,0,7,0,0,0,0,0,0,0,67
11744,61,0,5,0,0,0,0,0,0,0,66
11745,57,0,5,0,0,0,0,0,0,0,62
11746,54,0,5,0,0,0,0,0,0,0,59
11747,45,0,6,0,0,0,0,0,0,0,51
11748,47,0,3,0,0,0,0,0,0,0,50
11749,54,0,8,0,0,0,0,0,0,0,62
11750,50,0,9,0,0,0,0,0,0,0,59
11751,41,0,9,0,0,0,0,0,0,0,50
11752,52,0,2,0,0,0,0,0,0,0,54
11753,65,0,0,0,0,0,0,0,0,0,65
11754,57,0,0,0,0,0,0,0,0,0,57
11755,51,0,2,0,0,0,0,0,0,0,53
11756,54,0,3,0,0,0,0,0,0,0,57
11757,55,0,7,0,0,0,0,0,0,0,62
11758,45,0,8,0,0,0,0,0,0,0,53
11759,55,0,4,0,0,0,0,0,1,0,59
11760,64,0,3,0,0,0,0,0,0,0,67
11761,66,0,1,0,0,0,0,0,0,0,67
11762,69,0,0,0,0,0,0,0,0,0,69
11763,74,0,0,0,0,0,0,0,0,0,74
11764,70,0,0,0,0,0,0,0,0,0,70
11765,71,0,0,0,0,0,0,0,0,0,71
11766,82,0,1,0,0,0,0,0,0,0,83
11767,83,0,3,0,0,0,0,0,0,0,86
11768,81,0,4,0,0,0,0,0,0,0,85
11769,75,0,4,0,0,0,0,0,0,0,79
11770,70,0,3,0,0,0,0,0,0,0,73
11771,71,0,1,0,0,0,0,0,0,0,72
11772,72,0,0,0,0,0,0,0,0,0,72
11773,71,0,0,0,0,0,0,0,0,0,71
11774,57,0,0,0,0,0,0,0,0,0,57
11775,63,0,3,0,0,0,0,0,0,0,66
11776,68,0,3,0,0,0,0,0,0,0,71
11777,71,0,3,0,0,0,0,0,0,0,74
11778,75,0,0,0,0,0,0,0,0,0,75
11779,69,0,0,0,0,0,0,0,0,0,69
11780,70,0,3,0,0,0,0,0,0,0,73
11781,74,0,0,0,0,0,0,0,0,0,74
11782,70,0,0,0,0,0,0,0,0,0,70
11783,59,0,0,0,0,0,0,0,0,0,59
11784,56,0,0,0,0,0,0,0,0,0,56
11785,56,0,3,0,0,0,0,0,0,0,59
11786,59,0,0,0,0,0,0,0,0,0,59
11787,62,0,0,0,0,0,0,0,0,0,62
11788,64,0,0,0,0,0,0,0,0,0,64
11789,71,0,0,0,0,0,0,0,0,0,71
11790,67,0,0,0,0,0,0,0,0,0,67
11791,61,0,1,0,0,0,0,0,0,0,62
11792,64,0,0,0,0,0,0,0,0,0,64
11793,65,0,0,0,0,0,0,0,0,0,65
11794,66,0,0,0,0,0,0,0,0,0,66
11795,71,0,0,0,0,0,0,0,0,0,71
11796,70,0,0,0,0,0,0,0,0,0,70
11797,72,0,1,0,0,0,0,0,0,0,73
11798,83,0,1,0,0,0,0,0,0,0,84
11799,90,0,0,0,0,0,0,0,0,0,90
11800,94,0,2,0,0,0,0,0,0,0,96
11801,86,0,6,0,0,0,0,0,0,0,92
11802,96,0,3,0,0,0,0,0,0,0,99
11803,98,0,1,0,0,0,0,0,0,0,99
11804,95,0,3,0,0,0,0,0,0,0,98
11805,95,0,1,0,0,0,0,0,0,0,96
11806,90,0,5,0,0,0,0,0,0,0,95
11807,80,0,5,0,0,0,0,0,0,0,85
11808,72,0,6,0,0,0,0,0,0,0,78
11809,66,0,6,0,0,0,0,0,0,0,72
11810,63,0,9,0,0,0,0,0,0,0,72
11811,64,0,7,0,0,0,0,0,0,0,71
11812,71,0,1,0,0,0,0,0,0,0,72
11813,76,0,0,0,0,0,0,0,0,0,76
11814,76,0,2,0,0,0,0,0,0,0,78
11815,73,0,1,0,0,0,0,0,0,0,74
11816,75,0,0,0,0,0,0,0,0,0,75
11817,79,0,0,0,0,0,0,0,0,0,79
11818,80,0,0,0,0,0,0,0,0,0,80
11819,89,0,4,0,0,0,0,0,0,0,93
11820,81,0,7,0,0,0,0,0,0,0,88
11821,86,0,7,0,0,0,0,0,0,0,93
11822,80,0,5,0,0,0,0,0,0,0,85
11823,78,0,6,0,0,0,0,0,0,0,84
11824,83,0,0,0,0,0,0,0,0,0,83
11825,70,0,3,0,0,0,0,0,0,0,73
11826,54,0,1,0,0,0,0,0,0,0,55
11827,51,0,0,0,0,0,0,0,0,0,51
11828,54,0,0,0,0,0,0,0,0,0,54
11829,56,0,0,0,0,0,0,0,0,0,56
11830,71,0,0,0,0,0,0,0,0,0,71
11831,67,0,3,0,0,0,0,0,0,0,70
11832,66,0,2,0,0,0,0,0,0,0,68
11833,71,1,5,0,0,0,0,0,0,0,77
11834,77,5,0,0,0,0,0,0,0,0,82
11835,73,5,0,0,0,0,0,0,0,0,78
11836,48,1,4,0,0,0,0,0,0,0,53
11837,44,0,5,0,0,0,0,0,0,0,49
11838,50,0,5,0,0,0,0,0,0,0,55
11839,50,0,5,0,0,0,0,0,0,0,55
11840,70,0,3,0,0,0,0,0,0,0,73
11841,69,0,7,0,0,0,0,0,0,0,76
11842,67,0,3,0,0,0,0,0,0,0,70
11843,68,0,8,0,0,0,0,0,0,0,76
11844,79,1,8,0,0,0,0,0,0,0,88
11845,76,5,1,0,0,0,0,0,0,0,82
11846,70,3,2,0,0,0,0,0,0,0,75
11847,77,2,3,0,0,0,0,0,0,0,82
11848,75,2,6,0,0,0,0,0,0,0,83
11849,86,5,1,0,0,0,0,0,0,0,92
11850,76,5,0,0,0,0,0,0,0,0,81
11851,76,2,3,0,0,0,0,0,0,0,81
11852,57,0,7,0,0,0,0,0,0,0,64
11853,67,0,5,0,0,0,0,0,0,0,72
11854,62,0,5,0,0,0,0,0,0,0,67
11855,60,0,6,0,0,0,0,0,0,0,66
11856,60,0,10,0,0,0,0,0,0,0,70
11857,56,0,8,0,0,0,0,0,0,0,64
11858,48,0,8,0,0,0,0,0,0,0,56
11859,65,0,5,0,0,0,0,0,0,0,70
11860,75,0,5,0,0,0,0,0,0,0,80
11861,74,0,5,0,0,0,0,0,0,0,79
11862,65,0,4,0,0,0,0,0,0,0,69
11863,68,0,1,0,0,0,0,0,0,0,69
11864,62,0,0,0,0,0,0,0,0,0,62
11865,63,0,0,0,0,0,0,0,0,0,63
11866,70,0,0,0,0,0,0,0,0,0,70
11867,74,0,0,0,0,0,0,0,0,0,74
11868,69,0,0,0,0,0,0,0,0,0,69
11869,62,0,3,0,0,0,0,0,0,0,65
11870,57,0,6,0,0,0,0,0,0,0,63
11871,57,0,5,0,0,0,0,0,0,0,62
11872,56,0,4,0,0,0,0,0,0,0,60
11873,70,0,6,0,0,0,0,0,0,0,76
11874,64,0,6,0,0,0,0,0,0,0,70
11875,60,3,6,0,0,0,0,0,0,0,69
11876,46,1,5,0,0,0,0,0,0,0,52
11877,50,0,2,0,0,0,0,0,1,0,52
11878,58,0,3,0,0,0,0,0,0,0,61
11879,55,0,1,0,0,0,0,0,0,0,56
11880,56,0,3,0,0,0,0,0,0,0,59
11881,59,0,2,0,0,0,0,0,0,0,61
11882,52,0,2,0,0,0,0,0,0,0,54
11883,50,0,0,0,0,0,0,0,0,0,50
11884,52,0,0,0,0,0,0,0,0,0,52
11885,53,0,0,0,0,0,0,0,0,0,53
11886,59,0,0,0,0,0,0,0,0,0,59
11887,63,0,0,0,0,0,0,0,0,0,63
11888,64,0,0,0,0,0,0,0,0,0,64
11889,63,0,0,0,0,0,0,0,0,0,63
11890,55,0,0,0,0,0,0,0,0,0,55
11891,53,0,0,0,0,0,0,0,0,0,53
11892,61,0,0,0,0,0,0,0,0,0,61
11893,52,0,1,0,0,0,0,0,0,0,53
11894,58,0,2,0,0,0,0,0,0,0,60
11895,68,0,1,0,0,0,0,0,0,0,69
11896,73,0,0,0,0,0,0,0,0,0,73
11897,82,0,0,0,0,0,0,0,0,0,82
11898,79,0,0,0,0,0,0,0,0,0,79
11899,80,0,0,0,0,0,0,0,0,0,80
11900,69,2,1,0,0,0,0,0,0,0,72
11901,61,3,1,0,0,0,0,0,0,0,65
11902,71,2,0,0,0,0,0,0,0,0,73
11903,63,0,5,0,0,0,0,0,0,0,68
11904,55,0,6,0,0,0,0,0,0,0,61
11905,60,0,0,0,0,0,0,0,0,0,60
11906,68,0,0,0,0,0,0,0,0,0,68
11907,64,0,0,0,0,0,0,0,0,0,64
11908,64,0,0,0,0,0,0,0,0,0,64
11909,63,0,1,0,0,0,0,0,0,0,64
11910,59,0,6,0,0,0,0,0,0,0,65
11911,70,0,2,0,0,0,0,0,0,0,72
11912,70,0,0,0,0,0,0,0,0,0,70
11913,65,0,0,0,0,0,0,0,0,0,65
11914,75,0,0,0,0,0,0,0,0,0,75
11915,57,0,0,0,0,0,0,0,0,0,57
11916,50,0,0,0,0,0,0,0,0,0,50
11917,60,0,0,0,0,0,0,0,0,0,60
11918,71,0,0,0,0,0,0,0,0,0,71
11919,78,0,0,0,0,0,0,0,0,0,78
11920,78,0,0,0,0,0,0,0,0,0,78
11921,81,0,2,0,0,0,0,0,0,0,83
11922,80,0,2,0,0,0,0,0,0,0,82
11923,79,0,4,0,0,0,0,0,0,0,83
11924,78,0,4,0,0,0,0,0,0,0,82
11925,73,0,1,0,0,0,0,0,0,0,74
11926,60,0,0,0,0,0,0,0,0,0,60
11927,68,0,0,0,0,0,0,0,0,0,68
11928,57,0,0,0,0,0,0,0,0,0,57
11929,48,0,0,0,0,0,0,0,0,0,48
11930,51,0,0,0,0,0,0,0,0,0,51
11931,45,0,0,0,0,0,0,0,0,0,45
11932,31,0,1,0,0,0,0,0,0,0,32
11933,35,0,0,0,0,0,0,0,0,0,35
11934,41,0,0,0,0,0,0,0,0,0,41
11935,39,0,0,0,0,0,0,0,0,0,39
11936,36,0,0,0,0,0,0,0,0,0,36
11937,40,0,0,0,0,0,0,0,0,0,40
11938,49,0,1,0,0,0,0,0,0,0,50
11939,51,0,0,0,0,0,0,0,0,0,51
11940,47,0,0,0,0,0,0,0,0,0,47
11941,47,0,0,0,0,0,0,0,0,0,47
11942,56,0,1,0,0,0,0,0,0,0,57
11943,60,0,1,0,0,0,0,0,0,0,61
11944,58,0,2,0,0,0,0,0,0,0,60
11945,47,0,1,0,0,0,0,0,0,0,48
11946,45,0,1,0,0,0,0,0,0,0,46
11947,59,1,0,0,0,0,0,0,0,0,60
11948,42,0,1,0,0,0,0,0,0,0,43
11949,42,0,5,0,0,0,0,0,0,0,47
11950,36,0,4,0,0,0,0,0,0,0,40
11951,52,0,0,0,0,0,0,0,0,0,52
11952,39,0,0,0,0,0,0,0,0,0,39
11953,35,0,0,0,0,0,0,0,0,0,35
11954,31,0,0,0,0,0,0,0,0,0,31
11955,42,0,0,0,0,0,0,0,0,0,42
11956,40,0,0,0,0,0,0,0,0,0,40
11957,42,0,0,0,0,0,0,0,0,0,42
11958,33,0,0,0,0,0,0,0,0,0,33
11959,31,0,0,0,0,0,0,0,0,0,31
11960,37,0,0,0,0,0,0,0,0,0,37
11961,28,0,0,0,0,0,0,0,0,0,28
11962,43,0,0,0,0,0,0,0,0,0,43
11963,40,0,0,0,0,0,0,0,0,0,40
11964,49,0,0,0,0,0,0,0,0,0,49
11965,46,0,0,0,0,0,0,0,0,0,46
11966,40,0,0,0,0,0,0,0,0,0,40
11967,42,0,0,0,0,0,0,0,0,0,42
11968,45,0,0,0,0,0,0,0,0,0,45
11969,42,0,0,0,0,0,0,0,0,0,42
11970,51,0,0,0,0,0,0,0,0,0,51
11971,50,0,0,0,0,0,0,0,0,0,50
11972,54,0,0,0,0,0,0,0,0,0,54
11973,40,0,0,0,0,0,0,0,0,0,40
11974,35,0,0,0,0,0,0,0,0,0,35
11975,32,0,0,0,0,0,0,0,0,0,32
11976,36,0,0,0,0,0,0,0,0,0,36
11977,38,0,0,0,0,0,0,0,0,0,38
11978,48,0,0,0,0,0,0,0,0,0,48
11979,45,0,0,0,0,0,0,0,0,0,45
11980,45,0,0,0,0,0,0,0,0,0,45
11981,63,0,0,0,0,0,0,0,0,0,63
11982,56,0,0,0,0,0,0,0,0,0,56
11983,51,0,0,0,0,0,0,0,0,0,51
11984,57,0,0,0,0,0,0,0,0,0,57
11985,70,0,0,0,0,0,0,0,0,0,70
11986,62,0,0,0,0,0,0,0,0,0,62
11987,60,0,0,0,0,0,0,0,0,0,60
11988,57,0,1,0,0,0,0,0,0,0,58
11989,50,0,5,0,0,0,0,0,0,0,55
11990,58,0,4,0,0,0,0,0,1,0,62
11991,50,0,2,0,0,0,0,0,0,0,52
11992,64,0,1,0,0,0,0,0,0,0,65
11993,60,0,0,0,0,0,0,0,0,0,60
11994,67,0,2,0,0,0,0,0,0,0,69
11995,62,0,5,0,0,0,0,0,0,0,67
11996,70,0,5,0,0,0,0,0,0,0,75
11997,82,0,4,0,0,0,0,0,0,0,86
11998,82,0,5,0,0,0,0,0,0,0,87
11999,78,0,5,0,0,0,0,0,0,0,83
12000,82,0,5,0,0,0,0,0,0,0,87
12001,75,0,5,0,0,0,0,0,0,0,80
12002,82,0,5,0,0,0,0,0,4,0,87
12003,62,0,5,0,0,0,0,0,1,0,67
12004,60,0,1,0,0,0,0,0,0,0,61
12005,62,0,0,0,0,0,0,0,0,0,62
12006,79,0,0,0,0,0,0,0,0,0,79
12007,74,0,0,0,0,0,0,0,0,0,74
12008,70,0,1,0,0,0,0,0,0,0,71
12009,65,0,0,0,0,0,0,0,0,0,65
12010,67,0,1,0,0,0,0,0,0,0,68
12011,64,0,6,0,0,0,0,0,0,0,70
12012,64,0,6,0,0,0,0,0,0,0,70
12013,61,0,2,0,0,0,0,0,0,0,63
12014,73,0,3,0,0,0,0,0,0,0,76
12015,71,0,1,0,0,0,0,0,0,0,72
12016,71,0,0,0,0,0,0,0,0,0,71
12017,68,0,0,0,0,0,0,0,0,0,68
12018,59,0,0,0,0,0,0,0,0,0,59
12019,66,0,3,0,0,0,0,0,0,0,69
12020,76,0,0,0,0,0,0,0,0,0,76
12021,75,0,2,0,0,0,0,0,0,0,77
12022,70,0,5,0,0,0,0,0,0,0,75
12023,67,0,5,0,0,0,0,0,0,0,72
12024,82,0,4,0,0,0,0,0,0,0,86
12025,92,0,2,0,0,0,0,0,0,0,94
12026,87,0,7,0,0,0,0,0,0,0,94
12027,88,0,3,0,0,0,0,0,0,0,91
12028,87,0,10,0,0,0,0,0,0,0,97
12029,79,0,13,0,0,0,0,0,0,0,92
12030,89,0,9,0,0,0,0,0,0,0,98
12031,97,0,11,0,0,0,0,0,0,0,108
12032,98,0,11,0,0,0,0,0,0,0,109
12033,109,0,6,0,0,0,0,0,0,0,115
12034,100,0,6,0,0,0,0,0,0,0,106
12035,98,0,3,0,0,0,0,0,0,0,101
12036,95,0,6,0,0,0,0,0,0,0,101
12037,80,0,5,0,0,0,0,0,0,0,85
12038,85,0,2,0,0,0,0,0,0,0,87
12039,79,0,9,0,0,0,0,0,0,0,88
12040,82,0,2,0,0,0,0,0,0,0,84
12041,86,0,3,0,0,0,0,0,0,0,89
12042,83,0,1,0,0,0,0,0,0,0,84
12043,81,0,0,0,0,0,0,0,0,0,81
12044,80,0,0,0,0,0,0,0,0,0,80
12045,85,0,0,0,0,0,0,0,0,0,85
12046,71,0,3,0,0,0,0,0,0,0,74
12047,78,0,3,0,0,0,0,0,0,0,81
12048,85,0,0,0,0,0,0,0,0,0,85
12049,83,0,5,0,0,0,0,0,0,0,88
12050,79,0,1,0,0,0,0,0,0,0,80
12051,78,0,0,0,0,0,0,0,0,0,78
12052,82,0,0,0,0,0,0,0,0,0,82
12053,81,0,3,0,0,0,0,0,0,0,84
12054,70,0,5,0,0,0,0,0,0,0,75
12055,67,0,7,0,0,0,0,0,0,0,74
12056,75,0,2,0,0,0,0,0,0,0,77
12057,76,0,4,0,0,0,0,0,0,0,80
12058,93,0,6,0,0,0,0,0,0,0,99
12059,75,0,8,0,0,0,0,0,0,0,83
12060,70,0,5,0,0,0,0,0,0,0,75
12061,76,0,3,0,0,0,0,0,0,0,79
12062,87,0,3,0,0,0,0,0,3,0,90
12063,84,0,4,0,0,0,0,0,0,0,88
12064,80,0,3,0,0,0,0,0,0,0,83
12065,73,0,4,0,0,0,0,0,0,0,77
12066,74,0,5,0,0,0,0,0,0,0,79
12067,65,0,5,0,0,0,0,0,0,0,70
12068,74,0,0,0,0,0,0,0,0,0,74
12069,65,0,7,0,0,0,0,0,0,0,72
12070,55,0,4,0,0,0,0,0,0,0,59
12071,48,0,5,0,0,0,0,0,0,0,53
12072,58,0,5,0,0,0,0,0,0,0,63
12073,61,0,0,0,0,0,0,0,0,0,61
12074,52,0,8,0,0,0,0,0,0,0,60
12075,58,0,10,0,0,0,0,0,0,0,68
12076,60,0,5,0,0,0,0,0,0,0,65
12077,64,0,5,0,0,0,0,0,0,0,69
12078,60,0,12,0,0,0,0,0,0,0,72
12079,64,0,11,0,0,0,0,0,0,0,75
12080,61,0,8,0,0,0,0,0,0,0,69
12081,64,0,8,0,0,0,0,0,0,0,72
12082,66,0,9,0,0,0,0,0,0,0,75
12083,71,0,7,0,0,0,0,0,0,0,78
12084,70,0,6,0,0,0,0,0,0,0,76
12085,64,0,0,0,0,0,0,0,0,0,64
12086,77,0,4,0,0,0,0,0,0,0,81
12087,64,0,2,0,0,0,0,0,0,0,66
12088,71,0,2,0,0,0,0,0,0,0,73
12089,75,0,1,0,0,0,0,0,0,0,76
12090,71,0,1,0,0,0,0,0,0,0,72
12091,71,0,5,0,0,0,0,0,0,0,76
12092,73,0,2,0,0,0,0,0,0,0,75
12093,67,0,6,0,0,0,0,0,0,0,73
12094,60,0,3,0,0,0,0,0,0,0,63
12095,71,0,2,0,0,0,0,0,0,0,73
12096,62,0,1,0,0,0,0,0,0,0,63
12097,72,0,2,0,0,0,0,0,0,0,74
12098,77,0,0,0,0,0,0,0,0,0,77
12099,60,0,12,0,0,0,0,0,0,0,72
12100,62,0,10,0,0,0,0,0,0,0,72
12101,60,0,1,0,0,0,0,0,0,0,61
12102,56,0,0,0,0,0,0,0,0,0,56
12103,54,0,0,0,0,0,0,0,0,0,54
12104,56,0,2,0,0,0,0,0,0,0,58
12105,63,0,5,0,0,0,0,0,0,0,68
12106,57,0,7,0,0,0,0,0,0,0,64
12107,48,0,10,0,0,0,0,0,0,0,58
12108,55,0,7,0,0,0,0,0,0,0,62
12109,53,2,4,0,0,0,0,0,0,0,59
12110,45,0,8,0,0,0,0,0,0,0,53
12111,44,0,13,0,0,0,0,0,0,0,57
12112,54,0,13,0,0,0,0,0,0,0,67
12113,60,0,10,0,0,0,0,0,0,0,70
12114,51,0,9,0,0,0,0,0,0,0,60
12115,47,0,10,0,0,0,0,0,0,0,57
12116,49,0,10,0,0,0,0,0,0,0,59
12117,54,0,2,0,0,0,0,0,0,0,56
12118,56,0,0,0,0,0,0,0,0,0,56
12119,59,0,0,0,0,0,0,0,0,0,59
12120,60,0,0,0,0,0,0,0,0,0,60
12121,67,0,0,0,0,0,0,0,1,0,67
12122,72,0,0,0,0,0,0,0,0,0,72
12123,71,0,0,0,0,0,0,0,0,0,71
12124,55,0,1,0,0,0,0,0,0,0,56
12125,65,0,0,0,0,0,0,0,0,0,65
12126,65,0,0,0,0,0,0,0,0,0,65
12127,61,0,0,0,0,0,0,0,0,0,61
12128,58,0,1,0,0,0,0,0,0,0,59
12129,67,0,0,0,0,0,0,0,0,0,67
12130,69,0,0,0,0,0,0,0,0,0,69
12131,70,0,0,0,0,0,0,0,0,0,70
12132,57,0,2,0,0,0,0,0,0,0,59
12133,70,0,5,0,0,0,0,0,0,0,75
12134,64,0,5,0,0,0,0,0,0,0,69
12135,60,0,5,0,0,0,0,0,0,0,65
12136,70,0,5,0,0,0,0,0,0,0,75
12137,68,0,5,0,0,0,0,0,0,0,73
12138,62,0,5,0,0,0,0,0,0,0,67
12139,54,0,5,0,0,0,0,0,0,0,59
12140,47,0,5,0,0,0,0,0,0,0,52
12141,68,0,2,0,0,0,0,0,0,0,70
12142,76,0,0,0,0,0,0,0,0,0,76
12143,72,0,0,0,0,0,0,0,0,0,72
12144,68,0,0,0,0,0,0,0,0,0,68
12145,59,0,1,0,0,0,0,0,0,0,60
12146,58,0,3,0,0,0,0,0,0,0,61
12147,59,0,5,0,0,0,0,0,0,0,64
12148,61,0,5,0,0,0,0,0,0,0,66
12149,71,0,8,0,0,0,0,0,0,0,79
12150,70,0,5,0,0,0,0,0,0,0,75
12151,83,0,4,0,0,0,0,0,0,0,87
12152,76,0,7,0,0,0,0,0,1,0,83
12153,77,0,7,0,0,0,0,0,0,0,84
12154,71,0,6,0,0,0,0,0,0,0,77
12155,78,0,5,0,0,0,0,0,0,0,83
12156,84,0,5,0,0,0,0,0,0,0,89
12157,80,0,6,0,0,0,0,0,1,0,86
12158,76,0,4,0,0,0,0,0,0,0,80
12159,76,0,6,0,0,0,0,0,0,0,82
12160,75,0,5,0,0,0,0,0,0,0,80
12161,77,0,5,0,0,0,0,0,0,0,82
12162,74,0,5,0,0,0,0,0,0,0,79
12163,77,0,5,0,0,0,0,0,0,0,82
12164,79,0,5,0,0,0,0,0,0,0,84
12165,74,0,5,0,0,0,0,0,0,0,79
12166,67,0,5,0,0,0,0,0,0,0,72
12167,61,0,5,0,0,0,0,0,0,0,66
12168,58,0,10,0,0,0,0,0,0,0,68
12169,62,0,9,0,0,0,0,0,0,0,71
12170,59,1,7,0,0,0,0,0,0,0,67
12171,67,0,6,0,0,0,0,0,0,0,73
12172,62,0,6,0,0,0,0,0,0,0,68
12173,65,0,10,0,0,0,0,0,0,0,75
12174,71,0,6,0,0,0,0,0,0,0,77
12175,66,0,5,0,0,0,0,0,0,0,71
12176,72,0,7,0,0,0,0,0,0,0,79
12177,68,0,7,0,0,0,0,0,0,0,75
12178,67,0,7,0,0,0,0,0,0,0,74
12179,65,0,5,0,0,0,0,0,0,0,70
12180,67,0,1,0,0,0,0,0,0,0,68
12181,69,0,8,0,0,0,0,0,0,0,77
12182,70,0,6,0,0,0,0,0,0,0,76
12183,69,0,5,0,0,0,0,0,0,0,74
12184,76,0,5,0,0,0,0,0,0,0,81
12185,70,0,5,0,0,0,0,0,0,0,75
12186,72,0,6,0,0,0,0,0,0,0,78
12187,77,0,11,0,0,0,0,0,0,0,88
12188,68,0,9,0,0,0,0,0,0,0,77
12189,67,0,9,0,0,0,0,0,0,0,76
12190,67,0,13,0,0,0,0,0,0,0,80
12191,65,0,12,0,0,0,0,0,0,0,77
12192,69,0,11,0,0,0,0,0,0,0,80
12193,69,0,12,0,0,0,0,0,0,0,81
12194,78,0,15,0,0,0,0,0,0,0,93
12195,78,0,11,0,0,0,0,0,2,0,89
12196,89,1,10,0,0,0,5,0,0,0,105
12197,82,1,10,0,0,0,5,0,0,0,98
12198,79,0,9,0,0,0,5,0,0,0,93
12199,79,0,7,0,0,0,5,0,0,0,91
12200,85,0,4,0,0,0,5,0,0,0,94
12201,81,0,5,0,0,0,5,0,1,0,91
12202,80,0,5,0,0,0,5,0,1,0,90
12203,84,1,7,0,0,0,5,0,0,0,97
12204,81,0,4,0,0,0,2,0,0,0,87
12205,69,0,5,0,0,0,0,0,0,0,74
12206,66,0,5,0,0,0,0,0,0,0,71
12207,76,0,5,0,0,0,0,0,0,0,81
12208,73,0,5,0,0,0,0,0,0,0,78
12209,82,0,10,0,0,0,0,0,0,0,92
12210,66,0,10,0,0,0,0,0,0,0,76
12211,63,0,10,0,0,0,0,0,0,0,73
12212,50,0,10,0,0,0,0,0,0,0,60
12213,60,0,10,0,0,0,0,0,0,0,70
12214,71,0,11,0,0,0,0,0,0,0,82
12215,57,0,9,0,0,0,0,0,0,0,66
12216,50,0,9,0,0,0,0,0,0,0,59
12217,48,0,7,0,0,0,0,0,0,0,55
12218,40,0,9,0,0,0,0,0,0,0,49
12219,58,0,10,0,0,0,0,0,0,0,68
12220,61,0,10,0,0,0,0,0,0,0,71
12221,51,0,11,0,0,0,0,0,0,0,62
12222,60,0,11,0,0,0,0,0,0,0,71
12223,55,0,10,0,0,0,0,0,0,0,65
12224,58,0,10,0,0,0,0,0,0,0,68
12225,56,0,11,0,0,0,0,0,0,0,67
12226,63,4,10,0,0,0,0,0,0,0,77
12227,61,5,5,0,0,0,0,0,0,0,71
12228,47,4,10,0,0,0,0,0,0,0,61
12229,47,4,11,0,0,0,0,0,0,0,62
12230,48,0,14,0,0,0,0,0,0,0,62
12231,47,0,10,0,0,0,0,0,0,0,57
12232,46,0,10,0,0,0,0,0,0,0,56
12233,46,0,10,0,0,0,0,0,0,0,56
12234,39,0,10,0,0,0,0,0,0,0,49
12235,42,0,8,0,0,0,0,0,0,0,50
12236,56,0,8,0,0,0,0,0,0,0,64
12237,52,0,5,0,0,0,0,0,0,0,57
12238,55,0,5,0,0,0,0,0,0,0,60
12239,65,0,10,0,0,0,0,0,0,0,75
12240,54,0,10,0,0,0,0,0,0,0,64
12241,52,0,10,0,0,0,0,0,0,0,62
12242,46,0,10,0,0,0,0,0,0,0,56
12243,38,0,10,0,0,0,0,0,0,0,48
12244,39,0,11,0,0,0,0,0,0,0,50
12245,40,0,15,0,0,0,0,0,0,0,55
12246,42,1,15,0,0,0,0,0,0,0,58
12247,47,0,15,0,0,0,0,0,0,0,62
12248,39,0,15,0,0,0,0,0,0,0,54
12249,46,0,15,0,0,0,0,0,0,0,61
12250,38,0,15,0,0,0,0,0,0,0,53
12251,38,1,14,0,0,0,0,0,0,0,53
12252,39,0,13,0,0,0,0,0,0,0,52
12253,49,0,15,0,0,0,0,0,0,0,64
12254,48,0,15,0,0,0,0,0,0,0,63
12255,58,0,9,0,0,0,0,0,0,0,67
12256,50,0,12,0,0,0,0,0,0,0,62
12257,49,0,8,0,0,0,0,0,0,0,57
12258,52,0,10,0,0,0,0,0,0,0,62
12259,49,0,11,0,0,0,0,0,0,0,60
12260,51,0,10,0,0,0,0,0,0,0,61
12261,48,0,10,0,0,0,0,0,0,0,58
12262,47,0,10,0,0,0,0,0,0,0,57
12263,43,0,10,0,0,0,0,0,0,0,53
12264,33,0,10,0,0,0,0,0,1,0,43
12265,15,0,10,0,0,0,0,0,0,0,25
12266,32,0,8,0,0,0,0,0,0,0,40
12267,42,0,5,0,0,0,0,0,0,0,47
12268,44,0,5,0,0,0,0,0,0,0,49
12269,48,0,5,0,0,0,0,0,0,0,53
12270,48,0,5,0,0,0,0,0,0,0,53
12271,44,0,5,0,0,0,0,0,0,0,49
12272,39,0,6,0,0,0,0,0,0,0,45
12273,40,0,5,0,0,0,0,0,0,0,45
12274,45,0,5,0,0,0,0,0,0,0,50
12275,46,0,5,0,0,0,0,0,0,0,51
12276,49,0,5,0,0,0,0,0,0,0,54
12277,46,0,6,0,0,0,0,0,0,0,52
12278,49,0,7,0,0,0,0,0,0,0,56
12279,41,0,9,0,0,0,0,0,0,0,50
12280,36,0,5,0,0,0,0,0,0,0,41
12281,55,0,5,0,0,0,0,0,0,0,60
12282,61,0,5,0,0,0,0,0,0,0,66
12283,65,0,5,0,0,0,0,0,0,0,70
12284,56,0,5,0,0,0,0,0,0,0,61
12285,52,0,6,0,0,0,0,0,1,0,58
12286,59,0,6,0,0,0,0,0,0,0,65
12287,65,0,9,0,0,0,0,0,0,0,74
12288,66,0,10,0,0,0,0,0,0,0,76
12289,54,0,10,0,0,0,0,0,0,0,64
12290,56,0,8,0,0,0,0,0,0,0,64
12291,61,0,5,0,0,0,0,0,0,0,66
12292,59,0,6,0,0,0,0,0,0,0,65
12293,64,0,1,0,0,0,0,0,0,0,65
12294,66,0,0,0,0,0,0,0,0,0,66
12295,63,0,0,0,0,0,0,0,1,0,63
12296,61,0,0,0,0,0,0,0,0,0,61
12297,76,0,2,0,0,0,0,0,0,0,78
12298,62,0,0,0,0,0,0,0,0,0,62
12299,71,0,0,0,0,0,0,0,0,0,71
12300,61,0,0,0,0,0,0,0,0,0,61
12301,57,0,1,0,0,0,0,0,0,0,58
12302,59,0,0,0,0,0,0,0,0,0,59
12303,68,0,1,0,0,0,0,0,0,0,69
12304,57,0,0,0,0,0,0,0,0,0,57
12305,56,0,0,0,0,0,0,0,0,0,56
12306,58,0,0,0,0,0,0,0,0,0,58
12307,58,0,0,0,0,0,0,0,0,0,58
12308,62,0,0,0,0,0,0,0,0,0,62
12309,59,0,0,0,0,0,0,0,0,0,59
12310,63,0,0,0,0,0,0,0,0,0,63
12311,61,0,0,0,0,0,0,0,0,0,61
12312,64,0,0,0,0,0,0,0,0,0,64
12313,65,0,0,0,0,0,0,0,0,0,65
12314,66,0,0,0,0,0,0,0,0,0,66
12315,52,0,5,0,0,0,0,0,0,0,57
12316,62,0,1,0,0,0,0,0,0,0,63
12317,70,0,2,0,0,0,0,0,0,0,72
12318,67,0,0,0,0,0,0,0,0,0,67
12319,67,0,0,0,0,0,0,0,0,0,67
12320,73,0,1,0,0,0,0,0,0,0,74
12321,67,0,2,0,0,0,0,0,0,0,69
12322,50,0,5,0,0,0,0,0,0,0,55
12323,60,0,5,0,0,0,0,0,0,0,65
12324,58,0,9,0,0,0,0,0,0,0,67
12325,66,0,7,0,0,0,0,0,0,0,73
12326,72,0,6,0,0,0,0,0,0,0,78
12327,67,0,3,0,0,0,0,0,0,0,70
12328,65,0,5,0,0,0,0,0,0,0,70
12329,74,0,4,0,0,0,0,0,0,0,78
12330,64,0,6,0,0,0,0,0,0,0,70
12331,75,0,0,0,0,0,0,0,0,0,75
12332,66,0,6,0,0,0,0,0,0,0,72
12333,63,0,8,0,0,0,0,0,0,0,71
12334,63,0,5,0,0,0,0,0,0,0,68
12335,71,0,5,0,0,0,0,0,0,0,76
12336,76,0,6,0,0,0,0,0,0,0,82
12337,78,0,4,0,0,0,0,0,0,0,82
12338,91,0,0,0,0,0,0,0,0,0,91
12339,92,0,0,0,0,0,0,0,0,0,92
12340,87,0,0,0,0,0,0,0,0,0,87
12341,89,0,0,0,0,0,0,0,0,0,89
12342,76,0,0,0,0,0,0,0,0,0,76
12343,79,0,0,0,0,0,0,0,0,0,79
12344,77,0,0,0,0,0,0,0,0,0,77
12345,74,0,0,0,0,0,0,0,0,0,74
12346,75,0,0,0,0,0,0,0,0,0,75
12347,73,0,0,0,0,0,0,0,0,0,73
12348,72,0,0,0,0,0,0,0,0,0,72
12349,60,0,0,0,0,0,0,0,0,0,60
12350,67,0,2,0,0,0,0,0,0,0,69
12351,74,0,3,0,0,0,0,0,0,0,77
12352,77,0,0,0,0,0,0,0,0,0,77
12353,89,0,0,0,0,0,0,0,0,0,89
12354,74,0,0,0,0,0,0,0,0,0,74
12355,69,0,0,0,0,0,0,0,0,0,69
12356,67,0,2,0,0,0,0,0,0,0,69
12357,67,0,6,0,0,0,0,0,0,0,73
12358,64,0,5,0,0,0,0,0,0,0,69
12359,63,0,7,0,0,0,0,0,0,0,70
12360,55,3,2,0,0,0,0,0,0,0,60
12361,57,5,0,0,0,0,0,0,0,0,62
12362,58,5,0,0,0,0,0,0,0,0,63
12363,64,5,0,0,0,0,0,0,0,0,69
12364,72,5,3,0,0,0,0,0,0,0,80
12365,66,1,9,0,0,0,0,0,0,0,76
12366,63,3,6,0,0,0,0,0,0,0,72
12367,63,0,5,0,0,0,0,0,0,0,68
12368,55,0,3,0,0,0,0,0,0,0,58
12369,66,0,4,0,0,0,0,0,0,0,70
12370,64,0,5,0,0,0,0,0,0,0,69
12371,63,2,8,0,0,0,0,0,0,0,73
12372,55,0,12,0,0,0,0,0,0,0,67
12373,64,0,5,0,0,0,0,0,0,0,69
12374,56,0,8,0,0,0,0,0,0,0,64
12375,49,0,11,0,0,0,0,0,0,0,60
12376,60,0,6,0,0,0,0,0,0,0,66
12377,63,0,10,0,0,0,0,0,0,0,73
12378,58,0,8,0,0,0,0,0,0,0,66
12379,51,0,12,0,0,0,0,0,0,0,63
12380,53,2,13,0,0,0,0,0,0,0,68
12381,41,1,15,0,0,0,0,0,0,0,57
12382,36,0,11,0,0,0,0,0,0,0,47
12383,52,0,9,0,0,0,0,0,0,0,61
12384,58,0,3,0,0,0,0,0,0,0,61
12385,68,0,4,0,0,0,0,0,0,0,72
12386,66,0,0,0,0,0,0,0,0,0,66
12387,65,0,0,0,0,0,0,0,0,0,65
12388,62,0,0,0,0,0,0,0,0,0,62
12389,59,0,0,0,0,0,0,0,0,0,59
12390,61,0,0,0,0,0,0,0,0,0,61
12391,59,0,0,0,0,0,0,0,0,0,59
12392,65,0,0,0,0,0,0,0,0,0,65
12393,58,0,1,0,0,0,0,0,0,0,59
12394,61,0,0,0,0,0,0,0,0,0,61
12395,62,0,0,0,0,0,0,0,0,0,62
12396,64,0,0,0,0,0,0,0,0,0,64
12397,62,0,0,0,0,0,0,0,0,0,62
12398,59,0,0,0,0,0,0,0,0,0,59
12399,70,0,0,0,0,0,0,0,0,0,70
12400,64,0,0,0,0,0,0,0,0,0,64
12401,71,0,0,0,0,0,0,0,0,0,71
12402,55,0,0,0,0,0,0,0,0,0,55
12403,47,0,0,0,0,0,0,0,0,0,47
12404,62,0,0,0,0,0,0,0,0,0,62
12405,51,0,1,0,0,0,0,0,0,0,52
12406,55,0,0,0,0,0,0,0,0,0,55
12407,54,0,0,0,0,0,0,0,0,0,54
12408,49,0,1,0,0,0,0,0,0,0,50
12409,53,0,1,0,0,0,0,0,0,0,54
12410,49,0,0,0,0,0,0,0,0,0,49
12411,48,0,0,0,0,0,0,0,0,0,48
12412,39,0,0,0,0,0,0,0,0,0,39
12413,48,0,0,0,0,0,0,0,0,0,48
12414,51,0,3,0,0,0,0,0,0,0,54
12415,60,0,3,0,0,0,0,0,0,0,63
12416,64,0,3,0,0,0,0,0,0,0,67
12417,61,0,1,0,0,0,0,0,0,0,62
12418,61,0,0,0,0,0,0,0,0,0,61
12419,67,0,1,0,0,0,0,0,0,0,68
12420,77,0,0,0,0,0,0,0,0,0,77
12421,67,0,5,0,0,0,0,0,0,0,72
12422,74,0,4,0,0,0,0,0,0,0,78
12423,63,0,5,0,0,0,0,0,0,0,68
12424,62,0,7,0,0,0,0,0,0,0,69
12425,60,0,4,0,0,0,0,0,0,0,64
12426,51,0,1,0,0,0,0,0,0,0,52
12427,61,0,1,0,0,0,0,0,0,0,62
12428,63,0,0,0,0,0,0,0,0,0,63
12429,64,0,0,0,0,0,0,0,0,0,64
12430,53,0,1,0,0,0,0,0,0,0,54
12431,55,0,0,0,0,0,0,0,0,0,55
12432,57,0,0,0,0,0,0,0,0,0,57
12433,57,0,3,0,0,0,0,0,0,0,60
12434,54,0,5,0,0,0,0,0,0,0,59
12435,42,0,4,0,0,0,0,0,0,0,46
12436,41,0,0,0,0,0,0,0,0,0,41
12437,43,0,0,0,0,0,0,0,0,0,43
12438,41,0,1,0,0,0,0,0,0,0,42
12439,39,0,0,0,0,0,0,0,0,0,39
12440,39,0,0,0,0,0,0,0,0,0,39
12441,40,0,0,0,0,0,0,0,0,0,40
12442,50,0,0,0,0,0,0,0,0,0,50
12443,43,0,1,0,0,0,0,0,0,0,44
12444,42,0,0,0,0,0,0,0,0,0,42
12445,44,0,0,0,0,0,0,0,0,0,44
12446,49,0,0,0,0,0,0,0,0,0,49
12447,52,0,0,0,0,0,0,0,0,0,52
12448,53,0,0,0,0,0,0,0,0,0,53
12449,66,0,0,0,0,0,0,0,0,0,66
12450,56,0,1,0,0,0,0,0,0,0,57
12451,65,0,0,0,0,0,0,0,0,0,65
12452,64,0,0,0,0,0,0,0,0,0,64
12453,73,0,0,0,0,0,0,0,0,0,73
12454,69,0,3,0,0,0,0,0,0,0,72
12455,71,0,0,0,0,0,0,0,0,0,71
12456,77,0,0,0,0,0,0,0,0,0,77
12457,73,0,1,0,0,0,0,0,0,0,74
12458,69,0,5,0,0,0,0,0,0,0,74
12459,75,0,5,0,0,0,0,0,0,0,80
12460,66,0,0,0,0,0,0,0,0,0,66
12461,59,0,6,0,0,0,0,0,2,0,65
12462,62,0,2,0,0,0,0,0,0,0,64
12463,74,0,1,0,0,0,0,0,0,0,75
12464,59,0,8,0,0,0,0,0,0,0,67
12465,55,0,2,0,0,0,0,0,0,0,57
12466,58,0,0,0,0,0,0,0,0,0,58
12467,64,0,1,0,0,0,0,0,0,0,65
12468,65,0,0,0,0,0,0,0,0,0,65
12469,42,0,0,0,0,0,0,0,0,0,42
12470,38,0,5,0,0,0,0,0,0,0,43
12471,42,0,1,0,0,0,0,0,0,0,43
12472,60,0,0,0,0,0,0,0,0,0,60
12473,63,0,2,0,0,0,0,0,0,0,65
12474,79,0,2,0,0,0,0,0,0,0,81
12475,68,0,1,0,0,0,0,0,0,0,69
12476,50,0,2,0,0,0,0,0,0,0,52
12477,38,0,0,0,0,0,0,0,0,0,38
12478,46,0,0,0,0,0,0,0,0,0,46
12479,49,0,0,0,0,0,0,0,0,0,49
12480,51,0,2,0,0,0,0,0,0,0,53
12481,60,0,4,0,0,0,0,0,0,0,64
12482,45,1,4,0,0,0,0,0,0,0,50
12483,53,2,2,0,0,0,0,0,0,0,57
12484,49,2,3,0,0,0,0,0,0,0,54
12485,48,0,5,0,0,0,0,0,0,0,53
12486,49,1,5,0,0,0,0,0,0,0,55
12487,67,0,5,0,0,0,0,0,0,0,72
12488,62,0,1,0,0,0,0,0,0,0,63
12489,69,0,0,0,0,0,0,0,0,0,69
12490,66,0,1,0,0,0,0,0,0,0,67
12491,67,0,1,0,0,0,0,0,0,0,68
12492,65,0,1,0,0,0,0,0,0,0,66
12493,68,0,1,0,0,0,0,0,0,0,69
12494,63,0,5,0,0,0,0,0,0,0,68
12495,59,0,5,0,0,0,0,0,0,0,64
12496,58,0,4,0,0,0,0,0,0,0,62
12497,48,0,3,0,0,0,0,0,0,0,51
12498,46,0,7,0,0,0,0,0,0,0,53
12499,48,0,14,0,0,0,0,0,0,0,62
12500,50,0,12,0,0,0,0,0,0,0,62
12501,49,0,6,0,0,0,0,0,0,0,55
12502,58,1,10,0,0,0,0,0,0,0,69
12503,61,2,12,0,0,0,0,0,0,0,75
12504,59,3,12,0,0,0,0,0,0,0,74
12505,32,0,12,0,0,0,0,0,0,0,44
12506,62,0,5,0,0,0,0,0,0,0,67
12507,63,0,8,0,0,0,0,0,0,0,71
12508,50,0,6,0,0,0,0,0,0,0,56
12509,52,0,7,0,0,0,0,0,0,0,59
12510,54,0,8,0,0,0,0,0,0,0,62
12511,64,0,6,0,0,0,0,0,0,0,70
12512,50,1,5,0,0,0,0,0,0,0,56
12513,53,2,7,0,0,0,0,0,0,0,62
12514,63,1,7,0,0,0,0,0,0,0,71
12515,74,0,3,0,0,0,0,0,0,0,77
12516,70,0,5,0,0,0,0,0,0,0,75
12517,68,0,10,0,0,0,0,0,0,0,78
12518,69,0,5,0,0,0,0,0,0,0,74
12519,68,0,5,0,0,0,0,0,0,0,73
12520,60,0,11,0,0,0,0,0,0,0,71
12521,67,0,10,0,0,0,0,0,0,0,77
12522,68,0,12,0,0,0,0,0,0,0,80
12523,62,0,9,0,0,0,0,0,3,0,71
12524,56,0,8,0,0,0,0,0,0,0,64
12525,58,0,6,0,0,0,0,0,0,0,64
12526,67,0,5,0,0,0,0,0,0,0,72
12527,79,0,5,0,0,0,0,0,0,0,84
12528,74,0,5,0,0,0,0,0,0,0,79
12529,70,0,5,0,0,0,0,0,0,0,75
12530,68,0,5,0,0,0,0,0,0,0,73
12531,63,0,5,0,0,0,0,0,0,0,68
12532,65,0,5,0,0,0,0,0,0,0,70
12533,64,0,5,0,0,0,0,0,0,0,69
12534,74,0,5,0,0,0,0,0,0,0,79
12535,69,0,7,0,0,0,0,0,0,0,76
12536,73,0,5,0,0,0,0,0,0,0,78
12537,70,0,10,0,0,0,0,0,0,0,80
12538,79,0,8,0,0,0,0,0,0,0,87
12539,81,0,5,0,0,0,0,0,0,0,86
12540,81,0,8,0,0,0,0,0,0,0,89
12541,79,0,9,0,0,0,0,0,0,0,88
12542,80,0,7,0,0,0,0,0,0,0,87
12543,86,0,7,0,0,0,0,0,0,0,93
12544,90,0,6,0,0,0,0,0,0,0,96
12545,86,0,5,0,0,0,0,0,0,0,91
12546,91,0,8,0,0,0,0,0,0,0,99
12547,97,0,6,0,0,0,0,0,0,0,103
12548,100,0,7,0,0,0,0,0,0,0,107
12549,88,0,8,0,0,0,0,0,0,0,96
12550,95,0,6,0,0,0,0,0,0,0,101
12551,94,0,7,0,0,0,0,0,0,0,101
12552,98,0,10,0,0,0,0,0,0,0,108
12553,101,0,5,0,0,0,0,0,0,0,106
12554,98,0,5,0,0,0,0,0,0,0,103
12555,97,0,5,0,0,0,0,0,0,0,102
12556,105,0,5,0,0,0,0,0,0,0,110
12557,95,0,5,0,0,0,0,0,0,0,100
12558,98,0,5,0,0,0,0,0,0,0,103
12559,92,0,5,0,0,0,0,0,0,0,97
12560,87,0,5,0,0,0,0,0,0,0,92
12561,84,0,4,0,0,0,0,0,0,0,88
12562,88,0,5,0,0,0,0,0,0,0,93
12563,94,0,5,0,0,0,0,0,0,0,99
12564,98,0,6,0,0,0,0,0,0,0,104
12565,101,0,4,0,0,0,0,0,0,0,105
12566,93,0,5,0,0,0,0,0,0,0,98
12567,86,0,6,0,0,0,0,0,0,0,92
12568,92,0,11,0,0,0,0,0,0,0,103
12569,88,0,9,0,0,0,0,0,0,0,97
12570,98,0,5,0,0,0,0,0,0,0,103
12571,84,0,9,0,0,0,0,0,0,0,93
12572,87,0,8,0,0,0,0,0,0,0,95
12573,86,0,8,0,0,0,0,0,0,0,94
12574,77,0,6,0,0,0,0,0,0,0,83
12575,76,0,8,0,0,0,0,0,0,0,84
12576,76,0,7,0,0,0,0,0,0,0,83
12577,83,0,8,0,0,0,0,0,0,0,91
12578,85,0,7,0,0,0,3,0,0,0,95
12579,83,0,10,0,0,0,3,0,0,0,96
12580,78,0,7,0,0,0,0,0,7,0,85
12581,96,0,4,0,0,0,0,0,5,0,100
12582,97,0,5,0,0,0,1,0,1,0,103
12583,94,0,3,0,0,0,0,0,3,0,97
12584,99,0,1,0,0,0,1,0,2,0,101
12585,95,0,6,0,0,0,5,0,4,0,106
12586,71,0,4,0,0,0,5,0,2,0,80
12587,90,0,3,0,0,0,3,0,3,0,96
12588,97,0,4,0,0,0,0,0,5,0,101
12589,97,0,6,0,0,0,2,0,5,0,105
12590,96,0,0,0,0,0,4,0,5,0,100
12591,87,0,2,0,0,0,0,0,5,0,89
12592,92,0,0,0,0,0,0,0,5,0,92
12593,77,0,2,0,0,0,2,0,5,0,81
12594,77,0,1,0,0,0,2,0,4,0,80
12595,68,0,12,0,0,0,1,0,0,0,81
12596,61,0,10,0,0,0,1,0,0,0,72
12597,70,0,10,0,0,0,3,0,0,0,83
12598,77,0,10,0,0,0,3,0,0,0,90
12599,76,0,12,0,0,0,2,0,0,0,90
12600,65,0,10,0,0,0,2,0,0,0,77
12601,69,0,14,0,0,0,2,0,0,0,85
12602,58,0,13,0,0,0,0,0,0,0,71
12603,61,2,8,0,0,0,3,0,0,0,74
12604,51,0,14,0,0,0,3,0,0,0,68
12605,44,0,11,0,0,0,2,0,0,0,57
12606,51,0,9,0,0,0,0,0,0,0,60
12607,58,0,4,0,0,0,4,0,0,0,66
12608,71,0,3,0,0,0,4,0,0,0,78
12609,65,0,3,0,0,0,2,0,0,0,70
12610,70,0,1,0,0,0,3,0,0,0,74
12611,81,0,2,0,0,0,4,0,0,0,87
12612,79,0,0,0,0,0,2,0,0,0,81
12613,85,0,2,0,0,0,3,0,0,0,90
12614,92,0,1,0,0,0,3,0,0,0,96
12615,88,0,2,0,0,0,3,0,0,0,93
12616,86,0,1,0,0,0,1,0,0,0,88
12617,86,0,3,0,0,0,1,0,0,0,90
12618,80,0,0,0,0,0,5,0,0,0,85
12619,76,0,2,0,0,0,2,0,0,0,80
12620,79,0,5,0,0,0,3,0,0,0,87
12621,74,0,5,0,0,0,4,0,0,0,83
12622,70,0,5,0,0,0,1,0,0,0,76
12623,68,0,10,0,0,0,2,0,0,0,80
12624,64,0,12,0,0,0,1,0,0,0,77
12625,78,0,6,0,0,0,1,0,0,0,85
12626,93,0,11,0,0,0,0,0,0,0,104
12627,85,0,10,0,0,0,2,0,0,0,97
12628,78,0,14,0,0,0,0,0,0,0,92
12629,75,0,5,0,0,0,0,0,0,0,80
12630,71,0,6,0,0,0,3,0,0,0,80
12631,72,0,5,0,0,0,1,0,0,0,78
12632,71,1,7,0,0,0,3,0,0,0,82
12633,85,0,8,0,0,0,5,0,0,0,98
12634,78,0,5,0,0,0,1,0,0,0,84
12635,68,0,5,0,0,0,2,0,0,0,75
12636,89,0,2,0,0,0,2,0,0,0,93
12637,89,0,1,0,0,0,2,0,0,0,92
12638,87,0,5,0,0,0,0,0,0,0,92
12639,78,0,4,0,0,0,0,0,0,0,82
12640,88,0,0,0,0,0,1,0,0,0,89
12641,87,0,0,0,0,0,0,0,0,0,87
12642,94,0,2,0,0,0,0,0,0,0,96
12643,101,0,2,0,0,0,1,0,0,0,104
12644,101,0,4,0,0,0,0,0,0,0,105
12645,90,0,1,0,0,0,0,0,0,0,91
12646,87,0,1,0,0,0,3,0,0,0,91
12647,77,0,4,0,0,0,0,0,0,0,81
12648,84,0,6,0,0,0,0,0,0,0,90
12649,82,0,5,0,0,0,5,0,0,0,92
12650,91,0,5,0,0,0,5,0,0,0,101
12651,92,0,3,0,0,0,4,0,0,0,99
12652,85,0,4,0,0,0,3,0,0,0,92
12653,81,0,5,0,0,0,2,0,0,0,88
12654,86,0,8,0,0,0,3,0,0,0,97
12655,86,0,9,0,0,0,4,0,0,0,99
12656,94,0,8,0,0,0,4,0,0,0,106
12657,97,0,5,0,0,0,3,0,0,0,105
12658,92,0,1,0,0,0,3,0,0,0,96
12659,86,0,0,0,0,0,4,0,0,0,90
12660,92,0,0,0,0,0,4,0,0,0,96
12661,87,0,1,0,0,0,2,0,0,0,90
12662,90,0,0,0,0,0,0,0,0,0,90
12663,88,0,4,0,0,0,1,0,0,0,93
12664,93,0,1,0,0,0,1,0,0,0,95
12665,92,0,1,0,0,0,3,0,0,0,96
12666,90,0,2,0,0,0,3,0,0,0,95
12667,84,0,8,0,0,0,3,0,0,0,95
12668,80,0,7,0,0,0,5,0,0,0,92
12669,87,0,5,0,0,0,4,0,0,0,96
12670,87,0,1,0,0,0,0,0,0,0,88
12671,84,0,0,0,0,0,0,0,0,0,84
12672,79,0,0,0,0,0,0,0,0,0,79
12673,80,0,0,0,0,0,1,0,0,0,81
12674,84,0,0,0,0,0,0,0,0,0,84
12675,71,0,1,0,0,0,0,0,0,0,72
12676,71,0,4,0,0,0,1,0,0,0,76
12677,92,0,1,0,0,0,0,0,0,0,93
12678,95,0,1,0,0,0,0,0,0,0,96
12679,83,0,4,0,0,0,0,0,0,0,87
12680,68,0,3,0,0,0,0,0,0,0,71
12681,77,0,4,0,0,0,0,0,0,0,81
12682,71,0,5,0,0,0,0,0,0,0,76
12683,64,0,6,0,0,0,0,0,0,0,70
12684,68,0,9,0,0,0,0,0,0,0,77
12685,66,0,8,0,0,0,0,0,0,0,74
12686,67,0,10,0,0,0,0,0,0,0,77
12687,67,0,6,0,0,0,0,0,0,0,73
12688,63,0,4,0,0,0,0,0,0,0,67
12689,67,0,7,0,0,0,0,0,0,0,74
12690,61,0,6,0,0,0,0,0,0,0,67
12691,56,0,6,0,0,0,0,0,0,0,62
12692,57,0,10,0,0,0,0,0,0,0,67
12693,56,0,8,0,0,0,0,0,0,0,64
12694,53,0,3,0,0,0,0,0,0,0,56
12695,49,0,2,0,0,0,0,0,0,0,51
12696,49,0,3,0,0,0,0,0,0,0,52
12697,60,0,5,0,0,0,0,0,0,0,65
12698,63,0,4,0,0,0,0,0,0,0,67
12699,58,0,3,0,0,0,0,0,0,0,61
12700,56,0,3,0,0,0,0,0,0,0,59
12701,50,0,3,0,0,0,0,0,0,0,53
12702,61,0,6,0,0,0,0,0,0,0,67
12703,56,0,3,0,0,0,0,0,0,0,59
12704,48,0,9,0,0,0,0,0,0,0,57
12705,48,0,7,0,0,0,0,0,0,0,55
12706,48,0,6,0,0,0,0,0,0,0,54
12707,58,0,10,0,0,0,0,0,0,0,68
12708,71,0,9,0,0,0,0,0,0,0,80
12709,79,0,5,0,0,0,0,0,0,0,84
12710,95,0,1,0,0,0,0,0,0,0,96
12711,89,0,0,0,0,0,0,0,0,0,89
12712,92,0,0,0,0,0,0,0,0,0,92
12713,106,0,0,0,0,0,0,0,0,0,106
12714,103,0,0,0,0,0,0,0,0,0,103
12715,104,0,1,0,0,0,0,0,0,0,105
12716,90,0,4,0,0,0,0,0,0,0,94
12717,83,0,6,0,0,0,0,0,0,0,89
12718,91,0,5,0,0,0,0,0,0,0,96
12719,100,0,4,0,0,0,0,0,0,0,104
12720,92,0,10,0,0,0,0,0,0,0,102
12721,96,0,2,0,0,0,0,0,0,0,98
12722,107,0,0,0,0,0,0,0,0,0,107
12723,89,0,1,0,0,0,0,0,0,0,90
12724,80,0,3,0,0,0,0,0,0,0,83
12725,80,0,3,0,0,0,0,0,0,0,83
12726,59,5,3,0,0,0,0,0,0,0,67
12727,62,2,4,0,0,0,0,0,0,0,68
12728,65,0,4,0,0,0,0,0,0,0,69
12729,75,0,3,0,0,0,0,0,0,0,78
12730,81,0,3,0,0,0,0,0,0,0,84
12731,86,0,0,0,0,0,0,0,0,0,86
12732,76,1,0,0,0,0,0,0,0,0,77
12733,67,0,1,0,0,0,0,0,0,0,68
12734,60,0,0,0,0,0,0,0,0,0,60
12735,58,0,1,0,0,0,0,0,0,0,59
12736,53,0,0,0,0,0,0,0,0,0,53
12737,48,0,0,0,0,0,0,0,0,0,48
12738,53,0,0,0,0,0,0,0,0,0,53
12739,57,0,0,0,0,0,0,0,0,0,57
12740,57,0,0,0,0,0,0,0,0,0,57
12741,72,0,0,0,0,0,0,0,0,0,72
12742,68,0,0,0,0,0,0,0,0,0,68
12743,66,0,5,0,0,0,0,0,0,0,71
12744,54,0,9,0,0,0,0,0,0,0,63
12745,63,0,4,0,0,0,0,0,0,0,67
12746,80,0,1,0,0,0,0,0,0,0,81
12747,70,0,1,0,0,0,0,0,0,0,71
12748,76,0,0,0,0,0,0,0,0,0,76
12749,70,0,1,0,0,0,0,0,0,0,71
12750,60,0,0,0,0,0,0,0,0,0,60
12751,63,0,4,0,0,0,0,0,0,0,67
12752,51,0,7,0,0,0,0,0,0,0,58
12753,52,0,7,0,0,0,0,0,0,0,59
12754,48,0,5,0,0,0,0,0,0,0,53
12755,53,0,5,0,0,0,0,0,0,0,58
12756,57,0,5,0,0,0,0,0,0,0,62
12757,57,0,6,0,0,0,0,0,0,0,63
12758,46,0,5,0,0,0,0,0,0,0,51
12759,57,0,0,0,0,0,0,0,0,0,57
12760,67,0,0,0,0,0,0,0,0,0,67
12761,62,0,0,0,0,0,0,0,0,0,62
12762,54,0,6,0,0,0,0,0,0,0,60
12763,64,3,2,0,0,0,0,0,0,0,69
12764,52,1,4,0,0,0,0,0,0,0,57
12765,52,0,5,0,0,0,0,0,0,0,57
12766,47,0,5,0,0,0,0,0,0,0,52
12767,45,0,5,0,0,0,0,0,0,0,50
12768,46,0,5,0,0,0,0,0,0,0,51
12769,51,0,1,0,0,0,0,0,0,0,52
12770,52,0,2,0,0,0,0,0,0,0,54
12771,63,0,6,0,0,0,0,0,0,0,69
12772,52,0,4,0,0,0,0,0,0,0,56
12773,44,0,5,0,0,0,0,0,0,0,49
12774,45,1,5,0,0,0,0,0,0,0,51
12775,49,2,5,0,0,0,0,0,0,0,56
12776,45,0,8,0,0,0,0,0,0,0,53
12777,54,0,2,0,0,0,0,0,0,0,56
12778,62,0,8,0,0,0,0,0,0,0,70
12779,63,0,5,0,0,0,0,0,0,0,68
12780,59,0,4,0,0,0,0,0,0,0,63
12781,56,0,2,0,0,0,0,0,0,0,58
12782,63,0,4,0,0,0,0,0,0,0,67
12783,63,0,5,0,0,0,0,0,0,0,68
12784,62,0,5,0,0,0,0,0,0,0,67
12785,56,0,5,0,0,0,0,0,0,0,61
12786,51,0,3,0,0,0,0,0,0,0,54
12787,65,0,0,0,0,0,0,0,0,0,65
12788,63,0,1,0,0,0,0,0,0,0,64
12789,59,0,0,0,0,0,0,0,0,0,59
12790,63,0,1,0,0,0,0,0,0,0,64
12791,62,0,5,0,0,0,0,0,0,0,67
12792,55,0,9,0,0,0,0,0,0,0,64
12793,54,0,6,0,0,0,0,0,0,0,60
12794,56,0,4,0,0,0,0,0,0,0,60
12795,66,0,3,0,0,0,0,0,0,0,69
12796,69,0,0,0,0,0,0,0,0,0,69
12797,66,0,0,0,0,0,0,0,0,0,66
12798,63,0,0,0,0,0,0,0,0,0,63
12799,61,0,0,0,0,0,0,0,0,0,61
12800,61,0,3,0,0,0,0,0,0,0,64
12801,59,0,4,0,0,0,0,0,0,0,63
12802,52,0,7,0,0,0,0,0,1,0,59
12803,61,0,7,0,0,0,0,0,0,0,68
12804,56,0,4,0,0,0,0,0,0,0,60
12805,56,0,2,0,0,0,0,0,0,0,58
12806,62,0,4,0,0,0,0,0,0,0,66
12807,68,0,4,0,0,0,0,0,0,0,72
12808,61,0,10,0,0,0,0,0,0,0,71
12809,53,0,7,0,0,0,0,0,0,0,60
12810,48,0,8,0,0,0,0,0,0,0,56
12811,45,0,4,0,0,0,0,0,0,0,49
12812,42,0,9,0,0,0,0,0,0,0,51
12813,36,0,10,0,0,0,0,0,0,0,46
12814,40,0,9,0,0,0,0,0,0,0,49
12815,34,0,9,0,0,0,0,0,0,0,43
12816,35,0,5,0,0,0,0,0,0,0,40
12817,35,0,0,0,0,0,0,0,0,0,35
12818,15,0,0,0,0,0,0,0,0,0,15
12819,15,0,0,0,0,0,0,0,0,0,15
12820,15,0,0,0,0,0,0,0,0,0,15
12821,15,0,0,0,0,0,0,0,0,0,15
12822,15,0,0,0,0,0,0,0,0,0,15
12823,15,0,0,0,0,0,0,0,0,0,15
12824,10,0,0,0,0,0,0,0,0,0,10
12825,10,0,0,0,0,0,0,0,0,0,10
12826,10,0,0,0,0,0,0,0,0,0,10
12827,14,0,0,0,0,0,0,0,0,0,14
12828,15,0,0,0,0,0,0,0,0,0,15
12829,15,0,0,0,0,0,0,0,0,0,15
12830,15,0,0,0,0,0,0,0,0,0,15
12831,17,0,0,0,0,0,0,0,0,0,17
12832,11,0,0,0,0,0,0,0,0,0,11
12833,10,0,0,0,0,0,0,0,0,0,10
12834,15,0,0,0,0,0,0,0,0,0,15
12835,15,0,0,0,0,0,0,0,0,0,15
12836,15,0,0,0,0,0,0,0,0,0,15
12837,14,0,0,0,0,0,0,0,0,0,14
12838,15,0,0,0,0,0,0,0,0,0,15
12839,17,0,0,0,0,0,0,0,0,0,17
12840,15,0,0,0,0,0,0,0,0,0,15
12841,14,0,1,0,0,0,0,0,0,0,15
12842,18,0,1,0,0,0,0,0,0,0,19
12843,25,0,0,0,0,0,0,0,0,0,25
12844,25,0,0,0,0,0,0,0,0,0,25
12845,25,0,0,0,0,0,0,0,0,0,25
12846,21,0,1,0,0,0,0,0,0,0,22
12847,19,0,1,0,0,0,0,0,0,0,20
12848,20,0,3,0,0,0,0,0,0,0,23
12849,15,0,5,0,0,0,0,0,0,0,20
12850,28,0,2,0,0,0,0,0,0,0,30
12851,25,0,5,0,0,0,0,0,0,0,30
12852,24,0,4,0,0,0,0,0,0,0,28
12853,24,0,2,0,0,0,0,0,0,0,26
12854,25,0,0,0,0,0,0,0,0,0,25
12855,25,0,0,0,0,0,0,0,0,0,25
12856,22,0,3,0,0,0,0,0,0,0,25
12857,20,0,0,0,0,0,0,0,0,0,20
12858,21,0,2,0,0,0,0,0,0,0,23
12859,22,0,4,0,0,0,0,0,0,0,26
12860,21,0,0,0,0,0,0,0,0,0,21
12861,21,0,0,0,0,0,0,0,0,0,21
12862,22,0,3,0,0,0,0,0,0,0,25
12863,19,0,6,0,0,0,0,0,0,0,25
12864,15,0,10,0,0,0,0,0,0,0,25
12865,19,0,7,0,0,0,0,0,0,0,26
12866,17,0,10,0,0,0,0,0,0,0,27
12867,17,0,10,0,0,0,0,0,0,0,27
12868,24,0,7,0,0,0,0,0,0,0,31
12869,23,0,8,0,0,0,0,0,0,0,31
12870,22,0,3,0,0,0,0,0,0,0,25
12871,20,0,6,0,0,0,0,0,0,0,26
12872,18,0,4,0,0,0,0,0,0,0,22
12873,10,0,5,0,0,0,0,0,0,0,15
12874,10,0,5,0,0,0,0,0,0,0,15
12875,10,0,5,0,0,0,0,0,0,0,15
12876,11,0,5,0,0,0,0,0,0,0,16
12877,10,0,5,0,0,0,0,0,0,0,15
12878,16,0,2,0,0,0,0,0,0,0,18
12879,20,0,4,0,0,0,0,0,0,0,24
12880,16,0,1,0,0,0,0,0,0,0,17
12881,17,0,1,0,0,0,0,0,0,0,18
12882,15,0,0,0,0,0,0,0,0,0,15
12883,15,0,0,0,0,0,0,0,0,0,15
12884,17,0,0,0,0,0,0,0,0,0,17
12885,20,0,0,0,0,0,0,0,0,0,20
12886,20,0,0,0,0,0,0,0,0,0,20
12887,23,0,0,0,0,0,0,0,0,0,23
12888,25,0,0,0,0,0,0,0,0,0,25
12889,27,0,0,0,0,0,0,0,0,0,27
12890,27,0,0,0,0,0,0,0,0,0,27
12891,26,0,0,0,0,0,0,0,0,0,26
12892,25,0,0,0,0,0,0,0,0,0,25
12893,25,0,0,0,0,0,0,0,0,0,25
12894,25,0,0,0,0,0,0,0,0,0,25
12895,23,0,0,0,0,0,0,0,0,0,23
12896,23,0,4,0,0,0,0,0,0,0,27
12897,35,0,0,0,0,0,0,0,0,0,35
12898,35,0,2,0,0,0,0,0,0,0,37
12899,37,0,2,0,0,0,0,0,0,0,39
12900,29,0,6,0,0,0,0,0,0,0,35
12901,20,0,12,0,0,0,0,0,0,0,32
12902,20,0,17,0,0,0,0,0,0,0,37
12903,20,0,12,0,0,0,0,0,0,0,32
12904,25,0,10,0,0,0,0,0,0,0,35
12905,21,0,10,0,0,0,0,0,0,0,31
12906,18,0,15,0,0,0,0,0,0,0,33
12907,19,0,12,0,0,0,0,0,0,0,31
12908,11,0,12,0,0,0,0,0,0,0,23
12909,9,0,18,0,0,0,0,0,0,0,27
12910,1,0,15,0,0,0,0,0,0,0,16
12911,5,0,14,0,0,0,0,0,0,0,19
12912,6,0,14,0,0,0,0,0,0,0,20
12913,0,0,14,0,0,0,0,0,0,0,14
12914,3,0,8,0,0,0,0,0,0,0,11
12915,4,0,7,0,0,0,0,0,0,0,11
12916,8,0,2,0,0,0,0,0,0,0,10
12917,9,0,1,0,0,0,0,0,0,0,10
12918,10,0,0,0,0,0,0,0,0,0,10
12919,10,0,0,0,0,0,0,0,0,0,10
12920,9,0,1,0,0,0,0,0,0,0,10
12921,6,0,0,0,0,0,0,0,0,0,6
12922,5,0,0,0,0,0,0,0,0,0,5
12923,5,0,0,0,0,0,0,0,0,0,5
12924,5,0,1,0,0,0,0,0,0,0,6
12925,5,0,0,0,0,0,0,0,0,0,5
12926,5,0,0,0,0,0,0,0,0,0,5
12927,5,0,0,0,0,0,0,0,0,0,5
12928,5,0,0,0,0,0,0,0,0,0,5
12929,5,0,0,0,0,0,0,0,0,0,5
12930,5,0,0,0,0,0,0,0,0,0,5
12931,0,0,5,0,0,0,0,0,0,0,5
12932,0,0,5,0,0,0,0,0,0,0,5
12933,0,0,5,0,0,0,0,0,0,0,5
12934,2,0,3,0,0,0,0,0,0,0,5
12935,15,0,0,0,0,0,0,0,0,0,15
12936,17,0,0,0,0,0,0,0,0,0,17
12937,15,0,0,0,0,0,0,0,0,0,15
12938,20,0,0,0,0,0,0,0,0,0,20
12939,25,0,0,0,0,0,0,0,0,0,25
12940,23,0,2,0,0,0,0,0,0,0,25
12941,20,0,3,0,0,0,0,0,0,0,23
12942,26,0,3,0,0,0,0,0,0,0,29
12943,26,0,4,0,0,0,0,0,0,0,30
12944,28,0,2,0,0,0,0,0,0,0,30
12945,26,0,5,0,0,0,0,0,0,0,31
12946,28,0,1,0,0,0,0,0,0,0,29
12947,24,0,1,0,0,0,0,0,0,0,25
12948,19,0,1,0,0,0,0,0,0,0,20
12949,10,0,1,0,0,0,0,0,0,0,11
12950,10,0,0,0,0,0,0,0,0,0,10
12951,9,0,0,0,0,0,0,0,0,0,9
12952,5,0,0,0,0,0,0,0,0,0,5
12953,5,0,0,0,0,0,0,0,0,0,5
12954,5,0,0,0,0,0,0,0,0,0,5
12955,5,0,0,0,0,0,0,0,0,0,5
12956,5,0,0,0,0,0,0,0,0,0,5
12957,5,0,0,0,0,0,0,0,0,0,5
12958,5,0,0,0,0,0,0,0,0,0,5
12959,6,0,0,0,0,0,0,0,0,0,6
12960,10,0,0,0,0,0,0,0,0,0,10
12961,10,0,0,0,0,0,0,0,0,0,10
12962,10,0,0,0,0,0,0,0,0,0,10
12963,10,0,0,0,0,0,0,0,0,0,10
12964,10,0,0,0,0,0,0,0,0,0,10
12965,10,0,0,0,0,0,0,0,0,0,10
12966,11,0,0,0,0,0,0,0,0,0,11
12967,15,0,1,0,0,0,0,0,0,0,16
12968,20,0,1,0,0,0,0,0,0,0,21
12969,20,0,0,0,0,0,0,0,0,0,20
12970,13,0,0,0,0,0,0,0,0,0,13
12971,10,0,0,0,0,0,0,0,0,0,10
12972,13,0,0,0,0,0,0,0,0,0,13
12973,15,0,0,0,0,0,0,0,0,0,15
12974,12,0,0,0,0,0,0,0,0,0,12
12975,6,0,0,0,0,0,0,0,0,0,6
12976,10,0,0,0,0,0,0,0,0,0,10
12977,10,0,0,0,0,0,0,0,0,0,10
12978,10,0,0,0,0,0,0,0,0,0,10
12979,7,0,0,0,0,0,0,0,0,0,7
12980,5,0,0,0,0,0,0,0,0,0,5
12981,5,0,0,0,0,0,0,0,0,0,5
12982,5,0,0,0,0,0,0,0,0,0,5
12983,5,0,0,0,0,0,0,0,0,0,5
12984,5,0,5,0,0,0,0,0,0,0,10
12985,5,0,5,0,0,0,0,0,0,0,10
12986,4,0,6,0,0,0,0,0,0,0,10
12987,4,0,4,0,0,0,0,0,0,0,8
12988,4,0,0,0,0,0,0,0,0,0,4
12989,0,0,5,0,0,0,0,0,0,0,5
12990,0,0,5,0,0,0,0,0,0,0,5
12991,2,0,3,0,0,0,0,0,0,0,5
12992,5,0,0,0,0,0,0,0,0,0,5
12993,4,0,1,0,0,0,0,0,0,0,5
12994,3,0,2,0,0,0,0,0,0,0,5
12995,4,0,1,0,0,0,0,0,0,0,5
12996,0,0,4,0,0,0,0,0,0,0,4
12997,5,0,0,0,0,0,0,0,0,0,5
12998,4,0,0,0,0,0,0,0,0,0,4
12999,2,0,3,0,0,0,0,0,0,0,5
13000,4,0,4,0,0,0,0,0,0,0,8
13001,5,0,1,0,0,0,0,0,0,0,6
13002,9,0,0,0,0,0,0,0,0,0,9
13003,15,0,1,0,0,0,0,0,0,0,16
13004,15,0,5,0,0,0,0,0,0,0,20
13005,16,0,5,0,0,0,0,0,0,0,21
13006,20,0,5,0,0,0,0,0,0,0,25
13007,16,0,5,0,0,0,0,0,0,0,21
13008,15,0,5,0,0,0,0,0,0,0,20
13009,15,0,7,0,0,0,0,0,0,0,22
13010,12,0,10,0,0,0,0,0,2,0,22
13011,12,1,9,0,0,0,0,0,0,0,22
13012,10,5,5,0,0,0,0,0,0,0,20
13013,10,3,7,0,0,0,0,0,0,0,20
13014,11,0,8,0,0,0,0,0,0,0,19
13015,9,0,10,0,0,0,0,0,0,0,19
13016,9,0,9,0,0,0,0,0,0,0,18
13017,11,0,5,0,0,0,0,0,0,0,16
13018,11,0,5,0,0,0,2,0,0,0,18
13019,5,0,5,0,0,0,0,0,0,0,10
13020,5,0,5,0,0,0,0,0,0,0,10
13021,2,0,6,0,0,0,0,0,0,0,8
13022,0,0,5,0,0,0,0,0,0,0,5
13023,0,0,5,0,0,0,0,0,0,0,5
13024,0,0,5,0,0,0,0,0,0,0,5
13025,0,0,9,0,0,0,0,0,0,0,9
13026,0,0,5,0,0,0,0,0,0,0,5
13027,3,0,5,0,0,0,0,0,0,0,8
13028,0,0,5,0,0,0,0,0,0,0,5
13029,1,0,5,0,0,0,0,0,0,0,6
13030,0,0,5,0,0,0,0,0,0,0,5
13031,1,0,7,0,0,0,0,0,0,0,8
13032,5,0,5,0,0,0,0,0,0,0,10
13033,1,0,6,0,0,0,0,0,0,0,7
13034,2,0,5,0,0,0,0,0,0,0,7
13035,4,0,11,0,0,0,0,0,0,0,15
13036,1,0,14,0,0,0,0,0,0,0,15
13037,4,0,14,0,0,0,0,0,0,0,18
13038,7,0,10,0,0,0,0,0,0,0,17
13039,9,0,8,0,0,0,0,0,0,0,17
13040,13,0,10,0,0,0,0,0,0,0,23
13041,14,0,10,0,0,0,0,0,0,0,24
13042,10,0,10,0,0,0,0,0,0,0,20
13043,10,0,10,0,0,0,0,0,0,0,20
13044,9,0,10,0,0,0,0,0,0,0,19
13045,8,0,10,0,0,0,0,0,0,0,18
13046,10,0,10,0,0,0,0,0,0,0,20
13047,10,0,8,0,0,0,0,0,0,0,18
13048,10,0,5,0,0,0,0,0,0,0,15
13049,11,0,5,0,0,0,0,0,0,0,16
13050,10,0,5,0,0,0,0,0,0,0,15
13051,6,0,6,0,0,0,0,0,0,0,12
13052,10,0,5,0,0,0,0,0,0,0,15
13053,10,0,6,0,0,0,0,0,0,0,16
13054,14,0,5,0,0,0,0,0,0,0,19
13055,8,0,10,0,0,0,0,0,0,0,18
13056,10,0,5,0,0,0,0,0,0,0,15
13057,10,0,5,0,0,0,0,0,0,0,15
13058,10,0,5,0,0,0,0,0,0,0,15
13059,10,0,5,0,0,0,0,0,0,0,15
13060,10,0,5,0,0,0,0,0,0,0,15
13061,10,0,5,0,0,0,0,0,0,0,15
13062,13,0,5,0,0,0,0,0,0,0,18
13063,12,0,5,0,0,0,0,0,1,0,17
13064,17,0,7,0,0,0,0,0,0,0,24
13065,20,0,9,0,0,0,0,0,0,0,29
13066,23,0,11,0,0,0,0,0,0,0,34
13067,20,0,15,0,0,0,0,0,0,0,35
13068,20,0,13,0,0,0,0,0,0,0,33
13069,20,0,5,0,0,0,0,0,0,0,25
13070,21,0,5,0,0,0,0,0,0,0,26
13071,25,0,5,0,0,0,0,0,0,0,30
13072,25,0,5,0,0,0,0,0,0,0,30
13073,25,0,5,0,0,0,0,0,0,0,30
13074,25,0,1,0,0,0,0,0,0,0,26
13075,24,0,0,0,0,0,0,0,0,0,24
13076,17,0,0,0,0,0,0,0,0,0,17
13077,10,0,0,0,0,0,0,0,0,0,10
13078,10,0,0,0,0,0,0,0,0,0,10
13079,11,0,0,0,0,0,0,0,0,0,11
13080,15,0,0,0,0,0,0,0,0,0,15
13081,15,0,0,0,0,0,0,0,0,0,15
13082,15,0,0,0,0,0,0,0,0,0,15
13083,19,0,0,0,0,0,0,0,0,0,19
13084,20,0,0,0,0,0,0,0,0,0,20
13085,20,0,0,0,0,0,0,0,0,0,20
13086,20,0,0,0,0,0,0,0,0,0,20
13087,16,0,0,0,0,0,0,0,0,0,16
13088,16,0,0,0,0,0,0,0,0,0,16
13089,20,0,0,0,0,0,0,0,0,0,20
13090,20,0,0,0,0,0,0,0,0,0,20
13091,16,0,0,0,0,0,0,0,0,0,16
13092,15,0,0,0,0,0,0,0,0,0,15
13093,14,0,0,0,0,0,0,0,0,0,14
13094,12,0,0,0,0,0,0,0,0,0,12
13095,7,0,0,0,0,0,0,0,0,0,7
13096,5,0,0,0,0,0,0,0,0,0,5
13097,5,0,0,0,0,0,0,0,0,0,5
13098,5,0,0,0,0,0,0,0,0,0,5
13099,5,0,0,0,0,0,0,0,0,0,5
13100,8,0,0,0,0,0,0,0,0,0,8
13101,12,0,0,0,0,0,0,0,0,0,12
13102,15,0,0,0,0,0,0,0,0,0,15
13103,15,0,0,0,0,0,0,0,0,0,15
13104,15,0,0,0,0,0,0,0,0,0,15
13105,15,0,0,0,0,0,0,0,0,0,15
13106,15,0,0,0,0,0,0,0,0,0,15
13107,15,0,0,0,0,0,0,0,0,0,15
13108,15,0,0,0,0,0,0,0,0,0,15
13109,14,0,1,0,0,0,0,0,0,0,15
13110,15,0,2,0,0,0,0,0,0,0,17
13111,20,0,0,0,0,0,0,0,0,0,20
13112,18,0,0,0,0,0,0,0,0,0,18
13113,12,0,0,0,0,0,0,0,0,0,12
13114,10,0,0,0,0,0,0,0,0,0,10
13115,10,0,0,0,0,0,0,0,0,0,10
13116,7,0,0,0,0,0,0,0,0,0,7
13117,10,0,0,0,0,0,0,0,0,0,10
13118,43,0,0,0,0,0,0,0,0,0,43
13119,59,0,0,0,0,0,0,0,0,0,59
13120,50,0,0,0,0,0,0,0,0,0,50
13121,46,0,0,0,0,0,0,0,0,0,46
13122,48,0,0,0,0,0,0,0,0,0,48
13123,60,0,3,0,0,0,0,0,0,0,63
13124,51,0,5,0,0,0,0,0,0,0,56
13125,58,0,6,0,0,0,0,0,0,0,64
13126,69,0,6,0,0,0,0,0,0,0,75
13127,59,0,8,0,0,0,0,0,0,0,67
13128,65,0,9,0,0,0,0,0,0,0,74
13129,68,0,5,0,0,0,0,0,0,0,73
13130,65,0,6,0,0,0,0,0,0,0,71
13131,65,0,5,0,0,0,0,0,0,0,70
13132,74,0,4,0,0,0,0,0,0,0,78
13133,77,0,1,0,0,0,0,0,0,0,78
13134,80,0,0,0,0,0,0,0,0,0,80
13135,81,0,0,0,0,0,0,0,0,0,81
13136,71,0,1,0,0,0,0,0,0,0,72
13137,76,0,0,0,0,0,0,0,0,0,76
13138,71,0,0,0,0,0,0,0,0,0,71
13139,74,0,0,0,0,0,0,0,0,0,74
13140,71,0,0,0,0,0,0,0,0,0,71
13141,77,0,1,0,0,0,0,0,0,0,78
13142,80,0,0,0,0,0,0,0,0,0,80
13143,81,0,3,0,0,0,0,0,0,0,84
13144,77,0,0,0,0,0,0,0,0,0,77
13145,83,0,0,0,0,0,0,0,0,0,83
13146,72,0,0,0,0,0,0,0,0,0,72
13147,76,0,0,0,0,0,0,0,0,0,76
13148,73,0,0,0,0,0,0,0,0,0,73
13149,86,0,1,0,0,0,0,0,0,0,87
13150,85,0,1,0,0,0,0,0,0,0,86
13151,76,0,0,0,0,0,0,0,0,0,76
13152,71,0,0,0,0,0,0,0,0,0,71
13153,67,0,0,0,0,0,0,0,0,0,67
13154,61,0,0,0,0,0,0,0,0,0,61
13155,60,0,0,0,0,0,0,0,0,0,60
13156,63,0,0,0,0,0,0,0,0,0,63
13157,68,0,1,0,0,0,0,0,0,0,69
13158,72,0,0,0,0,0,0,0,0,0,72
13159,72,0,0,0,0,0,0,0,0,0,72
13160,75,0,0,0,0,0,0,0,0,0,75
13161,77,0,0,0,0,0,0,0,0,0,77
13162,72,0,0,0,0,0,0,0,0,0,72
13163,65,0,0,0,0,0,0,0,0,0,65
13164,58,0,2,0,0,0,0,0,0,0,60
13165,55,0,5,0,0,0,0,0,0,0,60
13166,56,0,0,0,0,0,0,0,0,0,56
13167,57,0,0,0,0,0,0,0,0,0,57
13168,55,0,0,0,0,0,0,0,0,0,55
13169,53,0,0,0,0,0,0,0,0,0,53
13170,68,0,0,0,0,0,0,0,0,0,68
13171,62,0,1,0,0,0,0,0,0,0,63
13172,57,0,0,0,0,0,3,0,0,0,60
13173,54,0,0,0,0,0,0,0,0,0,54
13174,53,0,0,0,0,0,5,0,0,0,58
13175,59,0,0,0,0,0,0,0,0,0,59
13176,52,0,0,0,0,0,0,0,0,0,52
13177,50,0,0,0,0,0,1,0,0,0,51
13178,50,0,0,0,0,0,0,0,0,0,50
13179,59,0,0,0,0,0,0,0,0,0,59
13180,59,0,0,0,0,0,1,0,0,0,60
13181,64,0,0,0,0,0,0,0,0,0,64
13182,53,0,0,0,0,0,0,0,0,0,53
13183,47,0,0,0,0,0,0,0,0,0,47
13184,49,0,0,0,0,0,0,0,0,0,49
13185,59,0,0,0,0,0,0,0,0,0,59
13186,57,0,0,0,0,0,3,0,0,0,60
13187,53,0,0,0,0,0,0,0,0,0,53
13188,65,0,0,0,0,0,0,0,0,0,65
13189,64,0,0,0,0,0,0,0,0,0,64
13190,66,0,0,0,0,0,0,0,0,0,66
13191,70,0,0,0,0,0,0,0,0,0,70
13192,69,0,1,0,0,0,0,0,0,0,70
13193,78,0,1,0,0,0,0,0,0,0,79
13194,76,0,0,0,0,0,0,0,0,0,76
13195,85,0,0,0,0,0,0,0,0,0,85
13196,85,0,0,0,0,0,0,0,0,0,85
13197,78,0,5,0,0,0,0,0,0,0,83
13198,92,0,2,0,0,0,0,0,0,0,94
13199,85,0,8,0,0,0,0,0,0,0,93
13200,100,0,0,0,0,0,0,0,0,0,100
13201,87,0,0,0,0,0,0,0,0,0,87
13202,98,0,1,0,0,0,0,0,0,0,99
13203,83,0,0,0,0,0,0,0,0,0,83
13204,79,0,1,0,0,0,0,0,0,0,80
13205,77,0,0,0,0,0,0,0,0,0,77
13206,78,0,0,0,0,0,0,0,0,0,78
13207,73,0,0,0,0,0,0,0,0,0,73
13208,70,0,0,0,0,0,0,0,0,0,70
13209,70,0,0,0,0,0,0,0,0,0,70
13210,69,0,0,0,0,0,0,0,0,0,69
13211,65,0,0,0,0,0,0,0,0,0,65
13212,64,0,0,0,0,0,0,0,0,0,64
13213,61,0,4,0,0,0,0,0,0,0,65
13214,59,0,9,0,0,0,0,0,0,0,68
13215,61,0,5,0,0,0,0,0,0,0,66
13216,71,0,9,0,0,0,0,0,0,0,80
13217,83,0,0,0,0,0,0,0,0,0,83
13218,84,0,2,0,0,0,0,0,0,0,86
13219,75,0,9,0,0,0,0,0,0,0,84
13220,72,0,8,0,0,0,0,0,0,0,80
13221,67,0,9,0,0,0,0,0,0,0,76
13222,61,0,13,0,0,0,0,0,0,0,74
13223,71,0,11,0,0,0,0,0,0,0,82
13224,69,0,9,0,0,0,0,0,0,0,78
13225,76,0,5,0,0,0,0,0,0,0,81
13226,77,0,7,0,0,0,0,0,0,0,84
13227,60,0,1,0,0,0,0,0,0,0,61
13228,61,0,0,0,0,0,0,0,0,0,61
13229,65,0,0,0,0,0,0,0,0,0,65
13230,52,0,0,0,0,0,0,0,0,0,52
13231,44,0,0,0,0,0,0,0,0,0,44
13232,41,0,0,0,0,0,0,0,0,0,41
13233,43,0,2,0,0,0,0,0,0,0,45
13234,45,0,5,0,0,0,0,0,0,0,50
13235,38,0,1,0,0,0,0,0,0,0,39
13236,38,0,0,0,0,0,0,0,0,0,38
13237,46,0,1,0,0,0,0,0,0,0,47
13238,54,0,0,0,0,0,0,0,0,0,54
13239,58,0,0,0,0,0,0,0,0,0,58
13240,60,0,3,0,0,0,0,0,0,0,63
13241,52,0,5,0,0,0,0,0,0,0,57
13242,45,0,5,0,0,0,0,0,0,0,50
13243,47,0,7,0,0,0,0,0,0,0,54
13244,55,0,5,0,0,0,0,0,0,0,60
13245,63,0,5,0,0,0,0,0,0,0,68
13246,62,0,5,0,0,0,0,0,0,0,67
13247,59,0,6,0,0,0,0,0,0,0,65
13248,63,0,5,0,0,0,0,0,0,0,68
13249,63,0,4,0,0,0,0,0,0,0,67
13250,61,0,9,0,0,0,0,0,0,0,70
13251,64,0,6,0,0,0,0,0,0,0,70
13252,60,0,6,0,0,0,0,0,0,0,66
13253,53,0,5,0,0,0,0,0,0,0,58
13254,54,0,5,0,0,0,0,0,0,0,59
13255,52,0,5,0,0,0,0,0,0,0,57
13256,54,0,5,0,0,0,0,0,0,0,59
13257,50,0,5,0,0,0,0,0,0,0,55
13258,49,0,3,0,0,0,0,0,0,0,52
13259,49,0,5,0,0,0,0,0,0,0,54
13260,49,0,1,0,0,0,0,0,0,0,50
13261,47,0,4,0,0,0,0,0,0,0,51
13262,46,0,0,0,0,0,0,0,0,0,46
13263,50,0,0,0,0,0,0,0,0,0,50
13264,64,0,0,0,0,0,0,0,0,0,64
13265,64,0,1,0,0,0,0,0,0,0,65
13266,54,0,4,0,0,0,0,0,0,0,58
13267,63,0,1,0,0,0,0,0,0,0,64
13268,66,0,1,0,0,0,0,0,0,0,67
13269,72,0,2,0,0,0,0,0,0,0,74
13270,59,0,2,0,0,0,0,0,0,0,61
13271,63,0,3,0,0,0,0,0,0,0,66
13272,58,0,4,0,0,0,0,0,0,0,62
13273,59,0,1,0,0,0,0,0,0,0,60
13274,60,0,0,0,0,0,0,0,0,0,60
13275,62,0,4,0,0,0,0,0,0,0,66
13276,66,0,3,0,0,0,0,0,0,0,69
13277,65,0,1,0,0,0,0,0,0,0,66
13278,63,0,1,0,0,0,0,0,0,0,64
13279,65,0,0,0,0,0,0,0,0,0,65
13280,73,0,2,0,0,0,0,0,0,0,75
13281,60,0,1,0,0,0,0,0,0,0,61
13282,68,0,0,0,0,0,0,0,0,0,68
13283,75,0,3,0,0,0,0,0,0,0,78
13284,76,0,1,0,0,0,0,0,0,0,77
13285,78,0,2,0,0,0,0,0,0,0,80
13286,81,0,0,0,0,0,0,0,0,0,81
13287,86,0,2,0,0,0,0,0,0,0,88
13288,82,0,2,0,0,0,0,0,0,0,84
13289,76,0,0,0,0,0,0,0,0,0,76
13290,71,0,3,0,0,0,0,0,0,0,74
13291,68,0,3,0,0,0,0,0,0,0,71
13292,59,0,1,0,0,0,0,0,0,0,60
13293,53,0,1,0,0,0,0,0,0,0,54
13294,60,0,0,0,0,0,0,0,0,0,60
13295,60,0,0,0,0,0,0,0,0,0,60
13296,60,0,0,0,0,0,0,0,0,0,60
13297,59,0,4,0,0,0,0,0,0,0,63
13298,52,0,8,0,0,0,0,0,0,0,60
13299,51,0,10,0,0,0,0,0,0,0,61
13300,53,0,5,0,0,0,0,0,0,0,58
13301,52,0,5,0,0,0,0,0,0,0,57
13302,51,0,5,0,0,0,0,0,0,0,56
13303,51,0,5,0,0,0,0,0,0,0,56
13304,46,0,5,0,0,0,0,0,0,0,51
13305,59,0,3,0,0,0,0,0,0,0,62
13306,60,0,0,0,0,0,0,0,0,0,60
13307,65,0,0,0,0,0,0,0,0,0,65
13308,64,0,0,0,0,0,0,0,0,0,64
13309,73,0,0,0,0,0,0,0,0,0,73
13310,61,0,0,0,0,0,0,0,0,0,61
13311,67,0,0,0,0,0,0,0,0,0,67
13312,81,0,0,0,0,0,0,0,0,0,81
13313,72,0,0,0,0,0,0,0,0,0,72
13314,72,0,2,0,0,0,0,0,0,0,74
13315,69,0,5,0,0,0,0,0,0,0,74
13316,68,0,4,0,0,0,0,0,0,0,72
13317,60,0,4,0,0,0,0,0,0,0,64
13318,69,0,1,0,0,0,0,0,0,0,70
13319,64,0,1,0,0,0,0,0,0,0,65
13320,65,0,0,0,0,0,0,0,0,0,65
13321,71,0,1,0,0,0,0,0,0,0,72
13322,72,0,5,0,0,0,0,0,0,0,77
13323,77,0,5,0,0,0,0,0,0,0,82
13324,75,0,5,0,0,0,0,0,0,0,80
13325,71,0,5,0,0,0,0,0,0,0,76
13326,75,0,5,0,0,0,0,0,0,0,80
13327,72,0,7,0,0,0,0,0,0,0,79
13328,70,0,10,0,0,0,0,0,0,0,80
13329,71,2,6,0,0,0,0,0,0,0,79
13330,82,0,5,0,0,0,0,0,0,0,87
13331,86,0,0,0,0,0,0,0,0,0,86
13332,97,0,0,0,0,0,0,0,0,0,97
13333,81,0,0,0,0,0,0,0,0,0,81
13334,77,0,0,0,0,0,0,0,0,0,77
13335,76,0,0,0,0,0,0,0,0,0,76
13336,74,0,0,0,0,0,0,0,0,0,74
13337,74,0,0,0,0,0,0,0,0,0,74
13338,67,0,0,0,0,0,0,0,0,0,67
13339,64,0,0,0,0,0,0,0,0,0,64
13340,69,0,0,0,0,0,0,0,0,0,69
13341,67,0,0,0,0,0,0,0,0,0,67
13342,63,0,0,0,0,0,0,0,0,0,63
13343,64,0,0,0,0,0,0,0,0,0,64
13344,55,0,2,0,0,0,0,0,0,0,57
13345,46,0,5,0,0,0,0,0,0,0,51
13346,36,0,5,0,0,0,0,0,0,0,41
13347,35,0,12,0,0,0,0,0,0,0,47
13348,35,0,10,0,0,0,0,0,0,0,45
13349,40,0,7,0,0,0,0,0,0,0,47
13350,37,0,5,0,0,0,0,0,0,0,42
13351,33,0,5,0,0,0,0,0,0,0,38
13352,31,0,5,0,0,0,0,0,0,0,36
13353,38,0,5,0,0,0,0,0,0,0,43
13354,46,0,3,0,0,0,0,0,0,0,49
13355,45,0,0,0,0,0,0,0,0,0,45
13356,38,0,6,0,0,0,0,0,0,0,44
13357,35,0,6,0,0,0,0,0,0,0,41
13358,30,0,5,0,0,0,0,0,0,0,35
13359,37,0,5,0,0,0,0,0,0,0,42
13360,32,0,5,0,0,0,0,0,0,0,37
13361,37,0,5,0,0,0,0,0,0,0,42
13362,38,0,5,0,0,0,0,0,0,0,43
13363,33,0,7,0,0,0,0,0,0,0,40
13364,35,0,3,0,0,0,0,0,0,0,38
13365,35,0,0,0,0,0,0,0,0,0,35
13366,36,0,0,0,0,0,0,0,0,0,36
13367,36,0,0,0,0,0,0,0,0,0,36
13368,35,0,0,0,0,0,0,0,0,0,35
13369,39,0,0,0,0,0,0,0,0,0,39
13370,40,0,0,0,0,0,0,0,0,0,40
13371,40,0,1,0,0,0,0,0,0,0,41
13372,40,0,0,0,0,0,0,0,0,0,40
13373,41,0,4,0,0,0,0,0,0,0,45
13374,43,0,5,0,0,0,0,0,0,0,48
13375,40,0,5,0,0,0,0,0,0,0,45
13376,40,0,1,0,0,0,0,0,0,0,41
13377,40,0,0,0,0,0,0,0,0,0,40
13378,41,0,0,0,0,0,0,0,0,0,41
13379,45,0,0,0,0,0,0,0,0,0,45
13380,45,0,0,0,0,0,0,0,0,0,45
13381,43,0,0,0,0,0,0,0,0,0,43
13382,43,0,0,0,0,0,0,0,0,0,43
13383,41,0,0,0,0,0,0,0,0,0,41
13384,42,0,0,0,0,0,0,0,0,0,42
13385,45,0,0,0,0,0,0,0,0,0,45
13386,45,0,0,0,0,0,0,0,0,0,45
13387,44,0,0,0,0,0,0,0,0,0,44
13388,45,0,0,0,0,0,0,0,0,0,45
13389,45,0,0,0,0,0,0,0,0,0,45
13390,48,0,0,0,0,0,0,0,0,0,48
13391,49,0,0,0,0,0,0,0,0,0,49
13392,41,0,0,0,0,0,0,0,0,0,41
13393,42,0,0,0,0,0,0,0,0,0,42
13394,37,0,0,0,0,0,0,0,0,0,37
13395,48,0,0,0,0,0,0,0,0,0,48
13396,55,0,0,0,0,0,0,0,0,0,55
13397,52,0,0,0,0,0,0,0,0,0,52
13398,52,0,0,0,0,0,0,0,0,0,52
13399,54,0,0,0,0,0,0,0,0,0,54
13400,44,0,1,0,0,0,0,0,0,0,45
13401,45,0,3,0,0,0,0,0,0,0,48
13402,45,0,1,0,0,0,0,0,0,0,46
13403,48,0,5,0,0,0,0,0,0,0,53
13404,45,0,1,0,0,0,0,0,0,0,46
13405,49,0,0,0,0,0,0,0,0,0,49
13406,43,0,0,0,0,0,0,0,0,0,43
13407,37,0,0,0,0,0,0,0,0,0,37
13408,37,0,0,0,0,0,0,0,0,0,37
13409,38,0,0,0,0,0,0,0,0,0,38
13410,43,0,0,0,0,0,0,0,0,0,43
13411,50,0,0,0,0,0,0,0,0,0,50
13412,54,0,0,0,0,0,0,0,0,0,54
13413,51,0,4,0,0,0,0,0,0,0,55
13414,52,0,1,0,0,0,0,0,0,0,53
13415,50,0,5,0,0,0,0,0,0,0,55
13416,50,0,5,0,0,0,0,0,0,0,55
13417,50,0,4,0,0,0,0,0,0,0,54
13418,52,0,5,0,0,0,0,0,0,0,57
13419,56,0,5,0,0,0,0,0,0,0,61
13420,62,0,5,0,0,0,0,0,0,0,67
13421,60,0,5,0,0,0,0,0,0,0,65
13422,60,0,5,0,0,0,0,0,0,0,65
13423,60,0,5,0,0,0,0,0,0,0,65
13424,55,0,5,0,0,0,0,0,0,0,60
13425,60,0,5,0,0,0,0,0,0,0,65
13426,50,0,5,0,0,0,0,0,0,0,55
13427,60,0,5,0,0,0,0,0,0,0,65
13428,60,0,5,0,0,0,0,0,0,0,65
13429,58,0,5,0,0,0,0,0,0,0,63
13430,59,0,5,0,0,0,0,0,0,0,64
13431,60,0,5,0,0,0,0,0,0,0,65
13432,60,0,5,0,0,0,0,0,0,0,65
13433,60,0,5,0,0,0,0,0,0,0,65
13434,60,0,5,0,0,0,0,0,0,0,65
13435,60,0,5,0,0,0,0,0,0,0,65
13436,59,0,5,0,0,0,0,0,0,0,64
13437,61,0,6,0,0,0,0,0,0,0,67
13438,59,0,9,0,0,0,0,0,0,0,68
13439,62,0,8,0,0,0,0,0,0,0,70
13440,63,0,7,0,0,0,0,0,0,0,70
13441,63,0,5,0,0,0,0,0,0,0,68
13442,65,0,5,0,0,0,0,0,0,0,70
13443,62,0,5,0,0,0,0,0,0,0,67
13444,59,0,4,0,0,0,0,0,0,0,63
13445,70,0,2,0,0,0,0,0,0,0,72
13446,69,0,2,0,0,0,0,0,0,0,71
13447,71,0,2,0,0,0,0,0,0,0,73
13448,70,0,2,0,0,0,0,0,0,0,72
13449,79,0,1,0,0,0,0,0,0,0,80
13450,79,0,4,0,0,0,0,0,0,0,83
13451,88,0,2,0,0,0,0,0,0,0,90
13452,81,0,3,0,0,0,0,0,0,0,84
13453,94,0,4,0,0,0,0,0,0,0,98
13454,89,0,3,0,0,0,0,0,0,0,92
13455,85,0,1,0,0,0,0,0,0,0,86
13456,92,0,1,0,0,0,0,0,0,0,93
13457,81,0,5,0,0,0,0,0,0,0,86
13458,79,0,1,0,0,0,0,0,0,0,80
13459,76,0,2,0,0,0,0,0,0,0,78
13460,78,0,2,0,0,0,0,0,0,0,80
13461,82,0,2,0,0,0,0,0,0,0,84
13462,80,0,3,0,0,0,0,0,0,0,83
13463,79,0,2,0,0,0,0,0,0,0,81
13464,77,0,3,0,0,0,0,0,0,0,80
13465,93,0,0,0,0,0,0,0,0,0,93
13466,95,0,2,0,0,0,0,0,0,0,97
13467,97,0,2,0,0,0,0,0,0,0,99
13468,88,0,3,0,0,0,0,0,0,0,91
13469,70,0,8,0,0,0,0,0,0,0,78
13470,75,0,6,0,0,0,0,0,0,0,81
13471,74,0,0,0,0,0,0,0,0,0,74
13472,78,0,0,0,0,0,0,0,0,0,78
13473,59,0,2,0,0,0,0,0,0,0,61
13474,71,0,0,0,0,0,0,0,0,0,71
13475,69,0,0,0,0,0,0,0,0,0,69
13476,73,0,1,0,0,0,0,0,0,0,74
13477,67,0,6,0,0,0,0,0,0,0,73
13478,62,0,2,0,0,0,0,0,0,0,64
13479,52,0,0,0,0,0,0,0,0,0,52
13480,53,0,0,0,0,0,0,0,0,0,53
13481,66,0,0,0,0,0,0,0,0,0,66
13482,63,0,0,0,0,0,0,0,0,0,63
13483,62,0,0,0,0,0,0,0,0,0,62
13484,54,0,0,0,0,0,0,0,0,0,54
13485,47,0,0,0,0,0,0,0,0,0,47
13486,44,0,1,0,0,0,0,0,0,0,45
13487,43,0,2,0,0,0,0,0,0,0,45
13488,48,0,1,0,0,0,0,0,0,0,49
13489,55,0,0,0,0,0,0,0,0,0,55
13490,56,0,1,0,0,0,0,0,0,0,57
13491,60,0,0,0,0,0,0,0,0,0,60
13492,54,0,0,0,0,0,0,0,0,0,54
13493,47,0,0,0,0,0,0,0,0,0,47
13494,45,0,0,0,0,0,0,0,0,0,45
13495,45,0,0,0,0,0,0,0,0,0,45
13496,45,0,0,0,0,0,0,0,0,0,45
13497,44,0,0,0,0,0,0,0,0,0,44
13498,50,0,0,0,0,0,0,0,0,0,50
13499,50,0,0,0,0,0,0,0,0,0,50
13500,55,0,0,0,0,0,0,0,0,0,55
13501,54,0,0,0,0,0,0,0,0,0,54
13502,54,0,0,0,0,0,0,0,0,0,54
13503,55,0,0,0,0,0,0,0,0,0,55
13504,52,0,0,0,0,0,0,0,0,0,52
13505,50,0,0,0,0,0,0,0,0,0,50
13506,52,0,0,0,0,0,0,0,0,0,52
13507,53,0,0,0,0,0,0,0,0,0,53
13508,54,0,0,0,0,0,0,0,0,0,54
13509,48,0,0,0,0,0,0,0,0,0,48
13510,50,0,0,0,0,0,0,0,0,0,50
13511,50,0,0,0,0,0,0,0,0,0,50
13512,49,0,0,0,0,0,0,0,0,0,49
13513,53,0,0,0,0,0,0,0,0,0,53
13514,55,0,0,0,0,0,0,0,0,0,55
13515,64,0,0,0,0,0,0,0,0,0,64
13516,61,0,0,0,0,0,0,0,0,0,61
13517,62,0,0,0,0,0,0,0,0,0,62
13518,62,0,0,0,0,0,0,0,0,0,62
13519,68,0,0,0,0,0,0,0,0,0,68
13520,72,0,0,0,0,0,0,0,0,0,72
13521,72,0,0,0,0,0,0,0,0,0,72
13522,76,0,0,0,0,0,0,0,0,0,76
13523,80,0,0,0,0,0,0,0,0,0,80
13524,82,0,1,0,0,0,0,0,0,0,83
13525,85,0,2,0,0,0,0,0,0,0,87
13526,76,0,1,0,0,0,0,0,0,0,77
13527,75,0,0,0,0,0,0,0,0,0,75
13528,70,0,0,0,0,0,0,0,0,0,70
13529,61,0,3,0,0,0,0,0,0,0,64
13530,69,0,0,0,0,0,0,0,0,0,69
13531,74,0,0,0,0,0,0,0,0,0,74
13532,75,0,0,0,0,0,0,0,0,0,75
13533,73,0,0,0,0,0,0,0,0,0,73
13534,73,0,0,0,0,0,0,0,0,0,73
13535,76,0,1,0,0,0,0,0,0,0,77
13536,78,0,0,0,0,0,0,0,0,0,78
13537,75,0,0,0,0,0,0,0,0,0,75
13538,83,0,0,0,0,0,0,0,0,0,83
13539,76,0,0,0,0,0,0,0,0,0,76
13540,66,0,2,0,0,0,0,0,0,0,68
13541,82,0,1,0,0,0,0,0,0,0,83
13542,76,0,0,0,0,0,0,0,0,0,76
13543,83,0,2,0,0,0,0,0,0,0,85
13544,85,0,4,0,0,0,0,0,0,0,89
13545,75,0,2,0,0,0,0,0,0,0,77
13546,72,0,0,0,0,0,0,0,0,0,72
13547,72,0,2,0,0,0,0,0,0,0,74
13548,63,0,1,0,0,0,0,0,0,0,64
13549,75,0,0,0,0,0,0,0,0,0,75
13550,63,0,0,0,0,0,0,0,0,0,63
13551,60,0,0,0,0,0,0,0,0,0,60
13552,56,0,0,0,0,0,0,0,0,0,56
13553,60,0,0,0,0,0,0,0,0,0,60
13554,59,0,0,0,0,0,0,0,0,0,59
13555,64,0,0,0,0,0,0,0,0,0,64
13556,55,0,0,0,0,0,0,0,0,0,55
13557,58,0,0,0,0,0,0,0,0,0,58
13558,66,0,0,0,0,0,0,0,0,0,66
13559,64,0,0,0,0,0,0,0,0,0,64
13560,64,0,1,0,0,0,0,0,0,0,65
13561,81,0,0,0,0,0,0,0,0,0,81
13562,82,0,0,0,0,0,0,0,0,0,82
13563,78,0,1,0,0,0,0,0,0,0,79
13564,85,0,4,0,0,0,0,0,0,0,89
13565,73,0,19,0,0,0,0,0,0,0,92
13566,75,0,19,0,0,0,0,0,0,0,94
13567,81,0,9,0,0,0,0,0,0,0,90
13568,80,0,8,0,0,0,0,0,0,0,88
13569,71,0,9,0,0,0,0,0,0,0,80
13570,61,0,9,0,0,0,0,0,0,0,70
13571,69,0,8,0,0,0,0,0,0,0,77
13572,77,0,4,0,0,0,0,0,0,0,81
13573,76,0,1,0,0,0,0,0,0,0,77
13574,72,0,5,0,0,0,0,0,0,0,77
13575,78,0,7,0,0,0,0,0,0,0,85
13576,80,0,5,0,0,0,0,0,0,0,85
13577,79,0,5,0,0,0,0,0,0,0,84
13578,80,0,5,0,0,0,0,0,0,0,85
13579,79,0,4,0,0,0,0,0,0,0,83
13580,76,0,1,0,0,0,0,0,0,0,77
13581,74,0,5,0,0,0,0,0,0,0,79
13582,75,0,0,0,0,0,0,0,0,0,75
13583,68,0,4,0,0,0,0,0,0,0,72
13584,58,0,5,0,0,0,0,0,0,0,63
13585,54,0,6,0,0,0,0,0,0,0,60
13586,59,0,6,0,0,0,0,0,0,0,65
13587,50,0,10,0,0,0,0,0,0,0,60
13588,55,0,17,0,0,0,0,0,0,0,72
13589,55,0,15,0,0,0,0,0,0,0,70
13590,58,0,17,0,0,0,0,0,0,0,75
13591,62,0,10,0,0,0,0,0,0,0,72
13592,55,0,10,0,0,0,0,0,0,0,65
13593,54,0,8,0,0,0,0,0,0,0,62
13594,48,0,5,0,0,0,0,0,0,0,53
13595,56,0,5,0,0,0,0,0,0,0,61
13596,50,0,8,0,0,0,0,0,0,0,58
13597,46,0,10,0,0,0,0,0,0,0,56
13598,50,0,3,0,0,0,0,0,0,0,53
13599,48,0,5,0,0,0,0,0,0,0,53
13600,50,0,5,0,0,0,0,0,0,0,55
13601,48,0,4,0,0,0,0,0,0,0,52
13602,43,0,0,0,0,0,0,0,0,0,43
13603,42,0,5,0,0,0,0,0,0,0,47
13604,39,0,5,0,0,0,0,0,0,0,44
13605,40,0,3,0,0,0,0,0,0,0,43
13606,38,0,2,0,0,0,0,0,0,0,40
13607,34,0,3,0,0,0,0,0,0,0,37
13608,31,0,4,0,0,0,0,0,0,0,35
13609,34,0,0,0,0,0,0,0,0,0,34
13610,34,0,4,0,0,0,0,0,0,0,38
13611,26,0,6,0,0,0,0,0,0,0,32
13612,33,0,3,0,0,0,0,0,0,0,36
13613,33,0,4,0,0,0,0,0,0,0,37
13614,24,0,7,0,0,0,0,0,0,0,31
13615,34,0,4,0,0,0,0,0,0,0,38
13616,35,0,6,0,0,0,0,0,0,0,41
13617,43,0,5,0,0,0,0,0,0,0,48
13618,48,0,5,0,0,0,0,0,0,0,53
13619,45,0,6,0,0,0,0,0,0,0,51
13620,53,0,10,0,0,0,0,0,0,0,63
13621,54,0,5,0,0,0,0,0,0,0,59
13622,57,0,6,0,0,0,0,0,0,0,63
13623,54,0,5,0,0,0,0,0,0,0,59
13624,47,0,10,0,0,0,0,0,0,0,57
13625,42,0,5,0,0,0,0,0,0,0,47
13626,46,0,5,0,0,0,0,0,0,0,51
13627,52,0,9,0,0,0,0,0,0,0,61
13628,55,0,6,0,0,0,0,0,0,0,61
13629,47,0,10,0,0,0,0,0,0,0,57
13630,48,0,5,0,0,0,0,0,0,0,53
13631,55,0,5,0,0,0,0,0,0,0,60
13632,61,0,6,0,0,0,0,0,0,0,67
13633,63,0,5,0,0,0,0,0,0,0,68
13634,57,0,4,0,0,0,0,0,0,0,61
13635,65,0,2,0,0,0,0,0,0,0,67
13636,71,0,4,0,0,0,0,0,0,0,75
13637,78,0,1,0,0,0,0,0,0,0,79
13638,85,0,0,0,0,0,0,0,0,0,85
13639,79,0,5,0,0,0,0,0,0,0,84
13640,88,0,2,0,0,0,0,0,0,0,90
13641,83,0,3,0,0,0,0,0,0,0,86
13642,77,0,7,0,0,0,0,0,0,0,84
13643,79,0,5,0,0,0,0,0,0,0,84
13644,85,0,4,0,0,0,0,0,0,0,89
13645,81,0,6,0,0,0,0,0,0,0,87
13646,75,0,5,0,0,0,0,0,0,0,80
13647,64,0,7,0,0,0,0,0,0,0,71
13648,78,0,3,0,0,0,0,0,0,0,81
13649,78,0,6,0,0,0,0,0,0,0,84
13650,79,0,6,0,0,0,0,0,0,0,85
13651,74,0,5,0,0,0,0,0,0,0,79
13652,71,0,9,0,0,0,0,0,0,0,80
13653,67,0,5,0,0,0,0,0,0,0,72
13654,64,0,5,0,0,0,0,0,0,0,69
13655,69,0,4,0,0,0,0,0,0,0,73
13656,65,0,5,0,0,0,0,0,0,0,70
13657,62,0,5,0,0,0,0,0,0,0,67
13658,67,0,5,0,0,0,0,0,0,0,72
13659,67,0,5,0,0,0,0,0,0,0,72
13660,65,0,5,0,0,0,0,0,0,0,70
13661,68,0,5,0,0,0,0,0,0,0,73
13662,65,0,5,0,0,0,0,0,0,0,70
13663,56,0,8,0,0,0,0,0,0,0,64
13664,55,0,7,0,0,0,0,0,0,0,62
13665,55,0,11,0,0,0,0,0,0,0,66
13666,62,0,11,0,0,0,0,0,0,0,73
13667,69,0,12,0,0,0,0,0,0,0,81
13668,70,0,8,0,0,0,0,0,0,0,78
13669,69,0,7,0,0,0,0,0,0,0,76
13670,71,0,1,0,0,0,0,0,0,0,72
13671,86,0,3,0,0,0,0,0,0,0,89
13672,78,0,1,0,0,0,0,0,0,0,79
13673,72,0,5,0,0,0,0,0,0,0,77
13674,88,0,8,0,0,0,0,0,0,0,96
13675,86,0,9,0,0,0,0,0,0,0,95
13676,84,0,5,0,0,0,0,0,0,0,89
13677,77,0,9,0,0,0,0,0,0,0,86
13678,76,0,9,0,0,0,0,0,0,0,85
13679,81,0,6,0,0,0,0,0,0,0,87
13680,85,0,2,0,0,0,0,0,0,0,87
13681,88,0,1,0,0,0,0,0,0,0,89
13682,70,0,4,0,0,0,0,0,0,0,74
13683,74,0,2,0,0,0,0,0,0,0,76
13684,70,0,0,0,0,0,0,0,0,0,70
13685,62,0,4,0,0,0,0,0,0,0,66
13686,50,0,9,0,0,0,0,0,0,0,59
13687,42,0,7,0,0,0,0,0,0,0,49
13688,37,0,7,0,0,0,0,0,0,0,44
13689,42,0,6,0,0,0,0,0,0,0,48
13690,44,0,8,0,0,0,0,0,0,0,52
13691,57,0,10,0,0,0,0,0,0,0,67
13692,56,0,6,0,0,0,0,0,0,0,62
13693,43,0,11,0,0,0,0,0,0,0,54
13694,55,0,9,0,0,0,0,0,0,0,64
13695,65,0,5,0,0,0,0,0,0,0,70
13696,59,0,5,0,0,0,0,0,0,0,64
13697,54,0,5,0,0,0,0,0,0,0,59
13698,57,0,5,0,0,0,0,0,0,0,62
13699,55,0,8,0,0,0,0,0,0,0,63
13700,47,0,11,0,0,0,0,0,0,0,58
13701,41,0,16,0,0,0,0,0,0,0,57
13702,35,0,10,0,0,0,0,0,0,0,45
13703,37,0,11,0,0,0,0,0,0,0,48
13704,41,0,12,0,0,0,0,0,0,0,53
13705,35,0,13,0,0,0,0,0,0,0,48
13706,40,0,6,0,0,0,0,0,0,0,46
13707,38,0,8,0,0,0,0,0,0,0,46
13708,33,0,5,0,0,0,0,0,0,0,38
13709,28,0,8,0,0,0,0,0,0,0,36
13710,28,0,10,0,0,0,0,0,0,0,38
13711,21,0,10,0,0,0,0,0,0,0,31
13712,22,0,7,0,0,0,0,0,0,0,29
13713,22,0,10,0,0,0,0,0,0,0,32
13714,19,0,10,0,0,0,0,0,0,0,29
13715,24,0,6,0,0,0,0,0,0,0,30
13716,25,0,5,0,0,0,0,0,0,0,30
13717,25,0,5,0,0,0,0,0,0,0,30
13718,25,0,2,0,0,0,0,0,0,0,27
13719,25,0,4,0,0,0,0,0,0,0,29
13720,25,0,5,0,0,0,0,0,0,0,30
13721,22,0,8,0,0,0,0,0,0,0,30
13722,21,0,7,0,0,0,0,0,0,0,28
13723,20,0,5,0,0,0,0,0,0,0,25
13724,20,0,5,0,0,0,0,0,0,0,25
13725,22,0,5,0,0,0,0,0,0,0,27
13726,23,0,7,0,0,0,0,0,0,0,30
13727,22,0,7,0,0,0,0,0,0,0,29
13728,22,0,8,0,0,0,0,0,0,0,30
13729,24,0,6,0,0,0,0,0,0,0,30
13730,25,0,4,0,0,0,0,0,0,0,29
13731,26,0,2,0,0,0,0,0,0,0,28
13732,27,0,3,0,0,0,0,0,0,0,30
13733,28,0,4,0,0,0,0,0,0,0,32
13734,28,0,2,0,0,0,0,0,0,0,30
13735,34,0,5,0,0,0,0,0,0,0,39
13736,38,0,5,0,0,0,0,0,0,0,43
13737,41,0,5,0,0,0,0,0,0,0,46
13738,42,0,5,0,0,0,0,0,0,0,47
13739,54,0,5,0,0,0,0,0,0,0,59
13740,53,0,2,0,0,0,0,0,0,0,55
13741,61,0,5,0,0,0,0,0,0,0,66
13742,68,0,7,0,0,0,0,0,0,0,75
13743,65,0,10,0,0,0,0,0,0,0,75
13744,63,0,9,0,0,0,0,0,0,0,72
13745,65,0,6,0,0,0,0,0,0,0,71
13746,64,0,8,0,0,0,0,0,0,0,72
13747,70,0,5,0,0,0,0,0,0,0,75
13748,70,0,5,0,0,0,0,0,0,0,75
13749,70,0,5,0,0,0,0,0,0,0,75
13750,80,0,5,0,0,0,0,0,0,0,85
13751,83,0,5,0,0,0,0,0,0,0,88
13752,75,0,5,0,0,0,0,0,0,0,80
13753,73,0,3,0,0,0,0,0,0,0,76
13754,73,0,1,0,0,0,0,0,0,0,74
13755,75,0,5,0,0,0,0,0,0,0,80
13756,66,0,2,0,0,0,0,0,0,0,68
13757,64,0,5,0,0,0,0,0,0,0,69
13758,62,0,0,0,0,0,0,0,0,0,62
13759,55,0,0,0,0,0,0,0,0,0,55
13760,62,0,0,0,0,0,0,0,0,0,62
13761,62,0,1,0,0,0,0,0,0,0,63
13762,63,0,0,0,0,0,0,0,0,0,63
13763,60,0,0,0,0,0,0,0,0,0,60
13764,66,0,0,0,0,0,0,0,0,0,66
13765,64,0,0,0,0,0,0,0,0,0,64
13766,67,0,0,0,0,0,0,0,0,0,67
13767,63,0,0,0,0,0,0,0,0,0,63
13768,67,0,0,0,0,0,0,0,0,0,67
13769,66,0,0,0,0,0,0,0,0,0,66
13770,68,0,0,0,0,0,0,0,0,0,68
13771,74,0,0,0,0,0,0,0,0,0,74
13772,62,0,2,0,0,0,0,0,0,0,64
13773,78,0,1,0,0,0,0,0,0,0,79
13774,85,0,0,0,0,0,0,0,0,0,85
13775,94,0,2,0,0,0,0,0,0,0,96
13776,85,0,0,0,0,0,0,0,0,0,85
13777,87,0,3,0,0,0,0,0,0,0,90
13778,78,0,0,0,0,0,0,0,0,0,78
13779,87,0,0,0,0,0,0,0,0,0,87
13780,79,0,0,0,0,0,0,0,0,0,79
13781,83,0,3,0,0,0,0,0,0,0,86
13782,76,0,3,0,0,0,0,0,0,0,79
13783,75,0,6,0,0,0,0,0,0,0,81
13784,80,0,2,0,0,0,0,0,0,0,82
13785,82,0,0,0,0,0,0,0,0,0,82
13786,82,0,0,0,0,0,0,0,0,0,82
13787,80,0,0,0,0,0,0,0,0,0,80
13788,76,0,2,0,0,0,0,0,0,0,78
13789,69,0,4,0,0,0,0,0,0,0,73
13790,63,0,9,0,0,0,0,0,0,0,72
13791,72,0,5,0,0,0,0,0,0,0,77
13792,72,0,7,0,0,0,0,0,0,0,79
13793,66,0,4,0,0,0,0,0,0,0,70
13794,68,0,1,0,0,0,0,0,0,0,69
13795,70,0,0,0,0,0,0,0,0,0,70
13796,70,0,0,0,0,0,0,0,0,0,70
13797,66,0,3,0,0,0,0,0,0,0,69
13798,61,0,8,0,0,0,0,0,0,0,69
13799,74,0,3,0,0,0,0,0,0,0,77
13800,78,0,0,0,0,0,0,0,0,0,78
13801,74,0,0,0,0,0,0,0,0,0,74
13802,68,0,5,0,0,0,0,0,0,0,73
13803,60,0,6,0,0,0,0,0,0,0,66
13804,47,0,1,0,0,0,0,0,0,0,48
13805,33,0,8,0,0,0,0,0,0,0,41
13806,33,0,6,0,0,0,0,0,0,0,39
13807,41,0,0,0,0,0,0,0,0,0,41
13808,42,0,0,0,0,0,0,0,0,0,42
13809,49,0,0,0,0,0,0,0,0,0,49
13810,48,0,0,0,0,0,0,0,0,0,48
13811,47,0,0,0,0,0,0,0,0,0,47
13812,35,0,0,0,0,0,0,0,0,0,35
13813,35,0,0,0,0,0,0,0,0,0,35
13814,38,0,0,0,0,0,0,0,0,0,38
13815,45,0,0,0,0,0,0,0,0,0,45
13816,36,0,0,0,0,0,0,0,0,0,36
13817,36,0,0,0,0,0,0,0,0,0,36
13818,34,0,0,0,0,0,0,0,0,0,34
13819,44,0,0,0,0,0,0,0,0,0,44
13820,38,0,0,0,0,0,0,0,0,0,38
13821,37,0,0,0,0,0,0,0,0,0,37
13822,39,0,0,0,0,0,0,0,0,0,39
13823,39,0,0,0,0,0,0,0,0,0,39
13824,34,0,0,0,0,0,0,0,0,0,34
13825,39,0,0,0,0,0,0,0,0,0,39
13826,39,0,0,0,0,0,0,0,0,0,39
13827,46,0,0,0,0,0,0,0,0,0,46
13828,45,0,0,0,0,0,0,0,0,0,45
13829,54,0,0,0,0,0,0,0,0,0,54
13830,45,0,0,0,0,0,0,0,0,0,45
13831,44,0,0,0,0,0,0,0,0,0,44
13832,40,0,0,0,0,0,0,0,0,0,40
13833,36,0,0,0,0,0,0,0,0,0,36
13834,43,0,0,0,0,0,0,0,0,0,43
13835,41,0,0,0,0,0,0,0,0,0,41
13836,40,0,0,0,0,0,0,0,0,0,40
13837,35,0,2,0,0,0,0,0,0,0,37
13838,37,0,5,0,0,0,0,0,0,0,42
13839,40,0,5,0,0,0,0,0,0,0,45
13840,40,0,5,0,0,0,0,0,0,0,45
13841,42,0,5,0,0,0,0,0,0,0,47
13842,45,0,5,0,0,0,0,0,0,0,50
13843,45,0,5,0,0,0,0,0,0,0,50
13844,49,0,3,0,0,0,0,0,0,0,52
13845,50,0,3,0,0,0,0,0,0,0,53
13846,52,0,4,0,0,0,0,0,0,0,56
13847,55,0,4,0,0,0,0,0,0,0,59
13848,64,0,1,0,0,0,0,0,0,0,65
13849,65,0,0,0,0,0,0,0,0,0,65
13850,60,0,3,0,0,0,0,0,0,0,63
13851,55,0,5,0,0,0,0,0,0,0,60
13852,54,0,9,0,0,0,0,0,0,0,63
13853,51,0,7,0,0,0,0,0,0,0,58
13854,62,0,2,0,0,0,0,0,0,0,64
13855,67,0,0,0,0,0,0,0,0,0,67
13856,60,0,4,0,0,0,0,0,0,0,64
13857,59,0,4,0,0,0,0,0,0,0,63
13858,63,0,0,0,0,0,0,0,0,0,63
13859,56,0,0,0,0,0,0,0,0,0,56
13860,50,0,2,0,0,0,0,0,0,0,52
13861,53,0,1,0,0,0,0,0,0,0,54
13862,48,0,2,0,0,0,0,0,0,0,50
13863,49,0,0,0,0,0,0,0,0,0,49
13864,51,0,1,0,0,0,0,0,0,0,52
13865,51,0,2,0,0,0,0,0,0,0,53
13866,43,0,0,0,0,0,0,0,0,0,43
13867,45,0,0,0,0,0,0,0,0,0,45
13868,44,0,2,0,0,0,0,0,0,0,46
13869,48,0,1,0,0,0,0,0,0,0,49
13870,45,0,4,0,0,0,0,0,0,0,49
13871,52,0,4,0,0,0,0,0,0,0,56
13872,46,0,0,0,0,0,0,0,0,0,46
13873,49,0,0,0,0,0,0,0,0,0,49
13874,47,0,4,0,0,0,0,0,0,0,51
13875,51,0,0,0,0,0,0,0,0,0,51
13876,51,0,1,0,0,0,0,0,0,0,52
13877,41,0,1,0,0,0,0,0,0,0,42
13878,44,0,0,0,0,0,0,0,0,0,44
13879,41,0,4,0,0,0,0,0,0,0,45
13880,46,0,2,0,0,0,0,0,0,0,48
13881,41,0,0,0,0,0,0,0,0,0,41
13882,41,0,0,0,0,0,0,0,0,0,41
13883,42,0,0,0,0,0,0,0,0,0,42
13884,43,0,0,0,0,0,0,0,0,0,43
13885,49,0,0,0,0,0,0,0,0,0,49
13886,50,0,0,0,0,0,0,0,0,0,50
13887,50,0,0,0,0,0,0,0,0,0,50
13888,50,0,0,0,0,0,0,0,0,0,50
13889,52,0,0,0,0,0,0,0,0,0,52
13890,53,0,0,0,0,0,0,0,0,0,53
13891,49,0,0,0,0,0,0,0,0,0,49
13892,55,0,0,0,0,0,0,0,0,0,55
13893,62,0,0,0,0,0,0,0,0,0,62
13894,63,0,3,0,0,0,0,0,0,0,66
13895,68,0,3,0,0,0,0,0,0,0,71
13896,82,0,1,0,0,0,0,0,0,0,83
13897,83,0,0,0,0,0,0,0,0,0,83
13898,93,0,0,0,0,0,0,0,0,0,93
13899,95,0,0,0,0,0,0,0,0,0,95
13900,92,0,1,0,0,0,0,0,0,0,93
13901,84,0,1,0,0,0,0,0,0,0,85
13902,87,0,0,0,0,0,0,0,0,0,87
13903,89,0,3,0,0,0,0,0,0,0,92
13904,78,0,5,0,0,0,0,0,0,0,83
13905,86,0,4,0,0,0,0,0,0,0,90
13906,83,0,4,0,0,0,0,0,0,0,87
13907,89,0,1,0,0,0,0,0,0,0,90
13908,92,0,0,0,0,0,0,0,0,0,92
13909,99,0,0,0,0,0,0,0,0,0,99
13910,97,0,0,0,0,0,0,0,0,0,97
13911,104,0,0,0,0,0,0,0,0,0,104
13912,107,0,0,0,0,0,0,0,0,0,107
13913,105,0,0,0,0,0,0,0,0,0,105
13914,99,0,2,0,0,0,0,0,0,0,101
13915,86,0,5,0,0,0,0,0,0,0,91
13916,90,0,5,0,0,0,0,0,0,0,95
13917,91,0,4,0,0,0,0,0,0,0,95
13918,90,0,0,0,0,0,0,0,0,0,90
13919,90,0,0,0,0,0,0,0,0,0,90
13920,96,0,4,0,0,0,0,0,0,0,100
13921,88,0,4,0,0,0,0,0,0,0,92
13922,72,0,9,0,0,0,0,0,0,0,81
13923,78,0,3,0,0,0,0,0,0,0,81
13924,88,0,6,0,0,0,0,0,0,0,94
13925,93,0,5,0,0,0,0,0,0,0,98
13926,85,0,3,0,0,0,0,0,0,0,88
13927,89,0,0,0,0,0,0,0,0,0,89
13928,84,0,0,0,0,0,0,0,0,0,84
13929,78,0,0,0,0,0,0,0,0,0,78
13930,69,0,4,0,0,0,0,0,0,0,73
13931,73,0,0,0,0,0,0,0,0,0,73
13932,58,0,1,0,0,0,0,0,0,0,59
13933,68,0,4,0,0,0,0,0,0,0,72
13934,66,0,7,0,0,0,0,0,0,0,73
13935,79,0,5,0,0,0,0,0,0,0,84
13936,77,0,3,0,0,0,0,0,0,0,80
13937,70,0,3,0,0,0,0,0,0,0,73
13938,59,0,8,0,0,0,0,0,0,0,67
13939,53,0,5,0,0,0,0,0,0,0,58
13940,63,0,5,0,0,0,0,0,0,0,68
13941,54,0,5,0,0,0,0,0,0,0,59
13942,56,0,5,0,0,0,0,0,0,0,61
13943,59,0,2,0,0,0,0,0,0,0,61
13944,61,0,0,0,0,0,0,0,0,0,61
13945,57,0,0,0,0,0,0,0,0,0,57
13946,58,0,0,0,0,0,0,0,0,0,58
13947,63,0,0,0,0,0,0,0,0,0,63
13948,70,0,0,0,0,0,0,0,0,0,70
13949,75,0,0,0,0,0,0,0,0,0,75
13950,66,0,2,0,0,0,0,0,0,0,68
13951,62,0,0,0,0,0,0,0,0,0,62
13952,60,0,0,0,0,0,0,0,0,0,60
13953,53,0,1,0,0,0,0,0,0,0,54
13954,57,0,0,0,0,0,0,0,0,0,57
13955,54,0,0,0,0,0,0,0,0,0,54
13956,50,0,0,0,0,0,0,0,0,0,50
13957,56,0,0,0,0,0,0,0,0,0,56
13958,50,0,0,0,0,0,0,0,0,0,50
13959,50,0,0,0,0,0,0,0,0,0,50
13960,50,0,0,0,0,0,0,0,0,0,50
13961,49,0,0,0,0,0,0,0,0,0,49
13962,50,0,0,0,0,0,0,0,0,0,50
13963,53,0,0,0,0,0,0,0,0,0,53
13964,50,0,0,0,0,0,0,0,0,0,50
13965,53,0,0,0,0,0,0,0,0,0,53
13966,51,0,0,0,0,0,0,0,0,0,51
13967,60,0,0,0,0,0,0,0,0,0,60
13968,59,0,5,0,0,0,0,0,0,0,64
13969,59,0,7,0,0,0,0,0,0,0,66
13970,62,0,11,0,0,0,0,0,0,0,73
13971,58,0,11,0,0,0,0,0,0,0,69
13972,67,0,9,0,0,0,0,0,0,0,76
13973,67,0,9,0,0,0,0,0,0,0,76
13974,70,0,9,0,0,0,0,0,0,0,79
13975,68,0,6,0,0,0,0,0,0,0,74
13976,72,0,8,0,0,0,0,0,0,0,80
13977,71,0,8,0,0,0,0,0,0,0,79
13978,69,0,5,0,0,0,0,0,0,0,74
13979,68,0,6,0,0,0,0,0,0,0,74
13980,56,0,8,0,0,0,0,0,0,0,64
13981,56,0,10,0,0,0,0,0,0,0,66
13982,60,0,5,0,0,0,0,0,0,0,65
13983,59,0,9,0,0,0,0,0,0,0,68
13984,57,0,5,0,0,0,0,0,0,0,62
13985,55,0,6,0,0,0,0,0,0,0,61
13986,63,0,5,0,0,0,0,0,0,0,68
13987,65,0,5,0,0,0,0,0,0,0,70
13988,63,0,5,0,0,0,0,0,0,0,68
13989,64,0,5,0,0,0,0,0,0,0,69
13990,62,0,6,0,0,0,0,0,0,0,68
13991,53,0,6,0,0,0,0,0,0,0,59
13992,63,0,5,0,0,0,0,0,0,0,68
13993,55,0,8,0,0,0,0,0,0,0,63
13994,46,0,6,0,0,0,0,0,0,0,52
13995,48,0,5,0,0,0,0,0,0,0,53
13996,47,0,8,0,0,0,0,0,0,0,55
13997,49,0,7,0,0,0,0,0,0,0,56
13998,50,0,5,0,0,0,0,0,0,0,55
13999,53,0,5,0,0,0,0,0,0,0,58
14000,47,0,6,0,0,0,0,0,0,0,53
14001,48,0,8,0,0,0,0,0,0,0,56
14002,50,0,10,0,0,0,0,0,0,0,60
14003,43,0,10,0,0,0,0,0,0,0,53
14004,45,0,10,0,0,0,0,0,0,0,55
14005,46,0,9,0,0,0,0,0,0,0,55
14006,49,0,7,0,0,0,0,0,0,0,56
14007,48,0,5,0,0,0,0,0,0,0,53
14008,43,0,7,0,0,0,0,0,0,0,50
14009,46,0,10,0,0,0,0,0,0,0,56
14010,50,0,10,0,0,0,0,0,0,0,60
14011,49,0,8,0,0,0,0,0,0,0,57
14012,50,0,5,0,0,0,0,0,0,0,55
14013,47,0,7,0,0,0,0,0,0,0,54
14014,45,0,12,0,0,0,0,0,0,0,57
14015,53,0,10,0,0,0,0,0,0,0,63
14016,58,0,8,0,0,0,0,0,0,0,66
14017,57,0,10,0,0,0,0,0,0,0,67
14018,62,0,9,0,0,0,0,0,0,0,71
14019,67,0,10,0,0,0,0,0,0,0,77
14020,73,0,8,0,0,0,0,0,0,0,81
14021,63,0,11,0,0,0,0,0,0,0,74
14022,66,0,14,0,0,0,0,0,0,0,80
14023,60,0,10,0,0,0,0,0,0,0,70
14024,64,0,15,0,0,0,0,0,0,0,79
14025,70,0,11,0,0,0,0,0,0,0,81
14026,67,0,20,0,0,0,0,0,0,0,87
14027,68,0,15,0,0,0,0,0,0,0,83
14028,69,0,17,0,0,0,0,0,0,0,86
14029,64,0,19,0,0,0,0,0,0,0,83
14030,67,0,15,0,0,0,0,0,0,0,82
14031,65,0,18,0,0,0,0,0,0,0,83
14032,69,0,14,0,0,0,0,0,0,0,83
14033,80,0,9,0,0,0,0,0,0,0,89
14034,76,0,8,0,0,0,0,0,0,0,84
14035,81,0,9,0,0,0,0,0,0,0,90
14036,97,0,8,0,0,0,0,0,0,0,105
14037,108,0,10,0,0,0,0,0,0,0,118
14038,101,0,15,0,0,0,0,0,0,0,116
14039,90,0,11,0,0,0,0,0,0,0,101
14040,87,0,10,0,0,0,0,0,0,0,97
14041,91,0,10,0,0,0,0,0,0,0,101
14042,80,0,10,0,0,0,0,0,0,0,90
14043,81,0,7,0,0,0,0,0,0,0,88
14044,82,0,6,0,0,0,0,0,0,0,88
14045,76,0,7,0,0,0,0,0,0,0,83
14046,67,0,10,0,0,0,0,0,0,0,77
14047,72,0,10,0,0,0,0,0,0,0,82
14048,58,0,12,0,0,0,0,0,0,0,70
14049,56,0,10,0,0,0,0,0,0,0,66
14050,60,0,14,0,0,0,0,0,0,0,74
14051,64,0,9,0,0,0,0,0,0,0,73
14052,79,0,10,0,0,0,0,0,0,0,89
14053,72,0,12,0,0,0,0,0,0,0,84
14054,68,0,10,0,0,0,0,0,0,0,78
14055,62,0,6,0,0,0,0,0,0,0,68
14056,63,0,6,0,0,0,0,0,0,0,69
14057,61,0,5,0,0,0,0,0,0,0,66
14058,56,0,5,0,0,0,0,0,0,0,61
14059,60,0,5,0,0,0,0,0,0,0,65
14060,59,0,5,0,0,0,0,0,0,0,64
14061,55,0,8,0,0,0,0,0,0,0,63
14062,54,0,6,0,0,0,0,0,0,0,60
14063,52,0,5,0,0,0,0,0,0,0,57
14064,50,0,5,0,0,0,0,0,0,0,55
14065,52,0,5,0,0,0,0,0,0,0,57
14066,53,0,7,0,0,0,0,0,0,0,60
14067,58,0,9,0,0,0,0,0,0,0,67
14068,59,0,9,0,0,0,0,0,0,0,68
14069,59,0,10,0,0,0,0,0,0,0,69
14070,56,0,10,0,0,0,0,0,0,0,66
14071,48,0,10,0,0,0,0,0,0,0,58
14072,52,0,9,0,0,0,0,0,0,0,61
14073,65,0,5,0,0,0,0,0,0,0,70
14074,63,0,5,0,0,0,0,0,0,0,68
14075,65,0,5,0,0,0,0,0,0,0,70
14076,65,0,5,0,0,0,0,0,0,0,70
14077,64,0,5,0,0,0,0,0,0,0,69
14078,59,0,5,0,0,0,0,0,0,0,64
14079,54,0,5,0,0,0,0,0,0,0,59
14080,50,0,5,0,0,0,0,0,0,0,55
14081,55,0,5,0,0,0,0,0,0,0,60
14082,55,0,5,0,0,0,0,0,0,0,60
14083,51,0,5,0,0,0,0,0,2,0,56
14084,55,0,5,0,0,0,0,0,0,0,60
14085,55,0,5,0,0,0,0,0,0,0,60
14086,55,0,5,0,0,0,0,0,0,0,60
14087,56,0,5,0,0,0,0,0,0,0,61
14088,61,0,5,0,0,0,0,0,0,0,66
14089,58,0,6,0,0,0,0,0,0,0,64
14090,61,0,0,0,0,0,0,0,0,0,61
14091,60,0,5,0,0,0,0,0,0,0,65
14092,53,0,5,0,0,0,0,0,0,0,58
14093,65,0,3,0,0,0,0,0,0,0,68
14094,66,0,5,0,0,0,0,0,0,0,71
14095,73,0,4,0,0,0,0,0,0,0,77
14096,67,0,2,0,0,0,0,0,0,0,69
14097,67,0,4,0,0,0,0,0,0,0,71
14098,59,0,5,0,0,0,0,0,0,0,64
14099,68,0,1,0,0,0,0,0,3,0,69
14100,66,0,0,0,0,0,0,0,0,0,66
14101,69,0,0,0,0,0,0,0,0,0,69
14102,71,0,0,0,0,0,0,0,0,0,71
14103,74,0,0,0,0,0,0,0,0,0,74
14104,73,0,2,0,0,0,0,0,0,0,75
14105,78,0,0,0,0,0,0,0,0,0,78
14106,85,0,0,0,0,0,0,0,0,0,85
14107,90,0,0,0,0,0,0,0,0,0,90
14108,89,0,0,0,0,0,0,0,0,0,89
14109,95,0,2,0,0,0,0,0,0,0,97
14110,98,0,0,0,0,0,0,0,0,0,98
14111,93,0,1,0,0,0,0,0,0,0,94
14112,89,0,0,0,0,0,0,0,0,0,89
14113,85,0,0,0,0,0,0,0,0,0,85
14114,85,0,3,0,0,0,0,0,0,0,88
14115,79,0,1,0,0,0,0,0,0,0,80
14116,78,0,2,0,0,0,0,0,0,0,80
14117,76,0,0,0,0,0,0,0,0,0,76
14118,80,0,2,0,0,0,0,0,0,0,82
14119,85,0,2,0,0,0,0,0,0,0,87
14120,80,0,0,0,0,0,0,0,0,0,80
14121,84,0,1,0,0,0,0,0,0,0,85
14122,95,0,2,0,0,0,0,0,0,0,97
14123,85,0,1,0,0,0,0,0,0,0,86
14124,90,0,0,0,0,0,0,0,0,0,90
14125,85,0,0,0,0,0,0,0,0,0,85
14126,86,0,0,0,0,0,0,0,0,0,86
14127,80,0,0,0,0,0,0,0,0,0,80
14128,81,0,0,0,0,0,0,0,0,0,81
14129,88,0,0,0,0,0,0,0,0,0,88
14130,92,0,0,0,0,0,0,0,0,0,92
14131,92,0,0,0,0,0,0,0,0,0,92
14132,88,0,0,0,0,0,0,0,0,0,88
14133,89,0,2,0,0,0,0,0,0,0,91
14134,83,0,1,0,0,0,0,0,0,0,84
14135,76,0,0,0,0,0,0,0,0,0,76
14136,70,0,1,0,0,0,0,0,0,0,71
14137,65,0,0,0,0,0,0,0,0,0,65
14138,59,0,0,0,0,0,0,0,0,0,59
14139,67,0,0,0,0,0,0,0,0,0,67
14140,72,0,0,0,0,0,0,0,0,0,72
14141,75,0,0,0,0,0,0,0,0,0,75
14142,80,0,0,0,0,0,0,0,0,0,80
14143,71,0,0,0,0,0,0,0,0,0,71
14144,75,0,0,0,0,0,0,0,0,0,75
14145,68,0,0,0,0,0,0,0,0,0,68
14146,67,0,0,0,0,0,0,0,0,0,67
14147,69,0,0,0,0,0,0,0,0,0,69
14148,67,0,0,0,0,0,0,0,0,0,67
14149,71,0,0,0,0,0,0,0,0,0,71
14150,67,0,0,0,0,0,0,0,0,0,67
14151,67,0,0,0,0,0,0,0,0,0,67
14152,62,0,0,0,0,0,0,0,0,0,62
14153,62,0,0,0,0,0,0,0,0,0,62
14154,73,0,3,0,0,0,0,0,1,0,76
14155,77,0,5,0,0,0,0,0,0,0,82
14156,76,0,5,0,0,0,0,0,0,0,81
14157,77,0,5,0,0,0,0,0,1,0,82
14158,86,0,4,0,0,0,0,0,0,0,90
14159,83,0,5,0,0,0,0,0,1,0,88
14160,83,0,5,0,0,0,0,0,1,0,88
14161,87,0,5,0,0,0,0,0,0,0,92
14162,95,0,7,0,0,0,0,0,0,0,102
14163,91,0,9,0,0,0,0,0,0,0,100
14164,90,0,7,0,0,0,0,0,0,0,97
14165,88,0,6,0,0,0,0,0,0,0,94
14166,82,0,7,0,0,0,0,0,0,0,89
14167,76,0,11,0,0,0,0,0,0,0,87
14168,84,0,17,0,0,0,0,0,0,0,101
14169,75,0,24,0,0,0,0,0,3,0,99
14170,72,0,17,0,0,0,0,0,3,0,89
14171,80,0,15,0,0,0,0,0,3,0,95
14172,88,0,10,0,0,0,0,0,1,0,98
14173,82,0,13,0,0,0,0,0,0,0,95
14174,85,1,9,0,0,0,0,0,0,0,95
14175,92,4,11,0,0,0,0,0,0,0,107
14176,86,2,13,0,0,0,0,0,0,0,101
14177,88,0,10,0,0,0,0,0,0,0,98
14178,92,0,6,0,0,0,0,0,1,0,98
14179,89,0,5,0,0,0,0,0,0,0,94
14180,88,0,5,0,0,0,0,0,0,0,93
14181,90,0,9,0,0,0,0,0,0,0,99
14182,82,0,7,0,0,0,0,0,0,0,89
14183,83,0,8,0,0,0,0,0,0,0,91
14184,86,0,9,0,0,0,0,0,0,0,95
14185,86,0,11,0,0,0,0,0,0,0,97
14186,86,0,9,0,0,0,0,0,0,0,95
14187,75,0,11,0,0,0,0,0,0,0,86
14188,87,0,9,0,0,0,0,0,0,0,96
14189,94,0,8,0,0,0,0,0,0,0,102
14190,96,0,5,0,0,0,0,0,0,0,101
14191,95,0,1,0,0,0,0,0,0,0,96
14192,93,0,5,0,0,0,0,0,0,0,98
14193,85,0,4,0,0,0,0,0,0,0,89
14194,86,0,8,0,0,0,0,0,0,0,94
14195,73,0,12,0,0,0,0,0,0,0,85
14196,69,0,8,0,0,0,0,0,0,0,77
14197,68,0,6,0,0,0,0,0,0,0,74
14198,70,0,7,0,0,0,0,0,0,0,77
14199,70,0,12,0,0,0,0,0,0,0,82
14200,73,0,9,0,0,0,0,0,0,0,82
14201,67,0,5,0,0,0,0,0,0,0,72
14202,67,0,6,0,0,0,0,0,0,0,73
14203,74,0,2,0,0,0,0,0,0,0,76
14204,74,0,0,0,0,0,0,0,0,0,74
14205,77,0,0,0,0,0,0,0,0,0,77
14206,72,0,0,0,0,0,0,0,0,0,72
14207,70,0,0,0,0,0,0,0,0,0,70
14208,69,0,0,0,0,0,0,0,0,0,69
14209,66,0,0,0,0,0,0,0,0,0,66
14210,67,0,0,0,0,0,0,0,0,0,67
14211,58,0,0,0,0,0,0,0,0,0,58
14212,50,0,0,0,0,0,0,0,0,0,50
14213,51,0,0,0,0,0,0,0,0,0,51
14214,58,0,0,0,0,0,0,0,0,0,58
14215,63,0,0,0,0,0,0,0,0,0,63
14216,67,0,0,0,0,0,0,0,0,0,67
14217,67,0,0,0,0,0,0,0,0,0,67
14218,61,0,0,0,0,0,0,0,0,0,61
14219,68,0,0,0,0,0,0,0,0,0,68
14220,60,0,0,0,0,0,0,0,0,0,60
14221,61,0,0,0,0,0,0,0,0,0,61
14222,64,0,0,0,0,0,0,0,0,0,64
14223,57,0,0,0,0,0,0,0,0,0,57
14224,64,0,0,0,0,0,0,0,0,0,64
14225,64,0,0,0,0,0,0,0,0,0,64
14226,61,0,0,0,0,0,0,0,0,0,61
14227,76,0,0,0,0,0,0,0,0,0,76
14228,70,0,0,0,0,0,0,0,0,0,70
14229,71,0,0,0,0,0,0,0,0,0,71
14230,70,0,0,0,0,0,0,0,0,0,70
14231,62,0,0,0,0,0,0,0,0,0,62
14232,73,0,0,0,0,0,0,0,0,0,73
14233,81,0,0,0,0,0,0,0,1,0,81
14234,77,0,5,0,0,0,0,0,3,0,82
14235,86,0,1,0,0,0,0,0,2,0,87
14236,75,0,2,0,0,0,0,0,5,0,77
14237,79,0,5,0,0,0,0,0,5,0,84
14238,76,0,7,0,0,0,0,0,3,0,83
14239,75,0,10,0,0,0,0,0,5,0,85
14240,69,0,10,0,0,0,0,0,1,0,79
14241,69,0,7,0,0,0,0,0,0,0,76
14242,67,0,5,0,0,0,0,0,0,0,72
14243,73,0,5,0,0,0,0,0,0,0,78
14244,75,0,5,0,0,0,0,0,0,0,80
14245,88,0,5,0,0,0,0,0,0,0,93
14246,94,0,5,0,0,0,0,0,0,0,99
14247,92,0,5,0,0,0,0,0,0,0,97
14248,92,0,5,0,0,0,0,0,0,0,97
14249,90,0,6,0,0,0,0,0,0,0,96
14250,101,0,7,0,0,0,0,0,0,0,108
14251,96,0,10,0,0,0,0,0,0,0,106
14252,90,0,10,0,0,0,0,0,0,0,100
14253,86,0,10,0,0,0,0,0,0,0,96
14254,77,0,13,0,0,0,0,0,0,0,90
14255,77,0,9,0,0,0,0,0,0,0,86
14256,66,0,5,0,0,0,0,0,0,0,71
14257,81,0,5,0,0,0,0,0,0,0,86
14258,84,0,5,0,0,0,0,0,0,0,89
14259,85,0,10,0,0,0,0,0,0,0,95
14260,87,0,6,0,0,0,0,0,0,0,93
14261,89,0,5,0,0,0,0,0,0,0,94
14262,74,0,11,0,0,0,0,0,0,0,85
14263,76,0,7,0,0,0,0,0,0,0,83
14264,77,0,9,0,0,0,0,0,0,0,86
14265,74,0,8,0,0,0,0,0,0,0,82
14266,73,0,6,0,0,0,0,0,0,0,79
14267,68,0,13,0,0,0,0,0,0,0,81
14268,72,0,10,0,0,0,0,0,0,0,82
14269,84,0,12,0,0,0,0,0,0,0,96
14270,88,0,13,0,0,0,0,0,0,0,101
14271,96,0,9,0,0,0,0,0,0,0,105
14272,93,0,12,0,0,0,0,0,0,0,105
14273,83,0,10,0,0,0,0,0,0,0,93
14274,81,0,11,0,0,0,0,0,0,0,92
14275,74,0,10,0,0,0,0,0,0,0,84
14276,71,0,9,0,0,0,0,0,0,0,80
14277,70,0,5,0,0,0,0,0,0,0,75
14278,66,0,6,0,0,0,0,0,0,0,72
14279,65,0,5,0,0,0,0,0,0,0,70
14280,66,0,5,0,0,0,0,0,0,0,71
14281,60,0,5,0,0,0,0,0,0,0,65
14282,60,0,5,0,0,0,0,0,0,0,65
14283,60,0,5,0,0,0,0,0,0,0,65
14284,62,0,5,0,0,0,0,0,0,0,67
14285,64,0,5,0,0,0,0,0,0,0,69
14286,64,0,5,0,0,0,0,0,0,0,69
14287,61,0,5,0,0,0,0,0,0,0,66
14288,65,0,5,0,0,0,0,0,0,0,70
14289,64,0,5,0,0,0,0,0,0,0,69
14290,66,0,5,0,0,0,0,0,0,0,71
14291,66,0,6,0,0,0,0,0,0,0,72
14292,65,0,5,0,0,0,0,0,0,0,70
14293,70,0,5,0,0,0,0,0,0,0,75
14294,77,0,5,0,0,0,0,0,0,0,82
14295,68,0,5,0,0,0,0,0,0,0,73
14296,64,0,5,0,0,0,0,0,0,0,69
14297,62,0,5,0,0,0,0,0,0,0,67
14298,62,0,6,0,0,0,0,0,0,0,68
14299,60,0,10,0,0,0,0,0,0,0,70
14300,59,0,9,0,0,0,0,0,0,0,68
14301,70,0,9,0,0,0,0,0,0,0,79
14302,71,0,7,0,0,0,0,0,0,0,78
14303,73,0,8,0,0,0,0,0,0,0,81
14304,87,0,7,0,0,0,0,0,0,0,94
14305,85,0,6,0,0,0,0,0,0,0,91
14306,84,0,6,0,0,0,0,0,0,0,90
14307,83,0,5,0,0,0,0,0,0,0,88
14308,84,0,6,0,0,0,0,0,0,0,90
14309,85,0,6,0,0,0,0,0,0,0,91
14310,66,0,13,0,0,0,0,0,0,0,79
14311,58,0,12,0,0,0,0,0,0,0,70
14312,73,0,11,0,0,0,0,0,0,0,84
14313,73,0,10,0,0,0,0,0,0,0,83
14314,85,0,10,0,0,0,0,0,0,0,95
14315,82,0,6,0,0,0,0,0,0,0,88
14316,77,0,10,0,0,0,0,0,0,0,87
14317,79,0,9,0,0,0,0,0,0,0,88
14318,79,0,10,0,0,0,0,0,0,0,89
14319,75,0,9,0,0,0,0,0,0,0,84
14320,88,0,6,0,0,0,0,0,0,0,94
14321,81,0,6,0,0,0,0,0,0,0,87
14322,79,0,9,0,0,0,0,0,0,0,88
14323,75,0,14,0,0,0,0,0,0,0,89
14324,76,0,11,0,0,0,0,0,0,0,87
14325,69,0,10,0,0,0,0,0,0,0,79
14326,72,0,8,0,0,0,0,0,0,0,80
14327,74,0,5,0,0,0,0,0,0,0,79
14328,73,0,5,0,0,0,0,0,0,0,78
14329,76,0,9,0,0,0,0,0,0,0,85
14330,68,0,9,0,0,0,0,0,0,0,77
14331,80,0,13,0,0,0,0,0,0,0,93
14332,80,0,17,0,0,0,0,0,0,0,97
14333,74,0,17,0,0,0,0,0,0,0,91
14334,82,0,9,0,0,0,0,0,0,0,91
14335,84,0,3,0,0,0,0,0,0,0,87
14336,68,0,5,0,0,0,0,0,0,0,73
14337,67,0,10,0,0,0,0,0,0,0,77
14338,67,0,9,0,0,0,0,0,0,0,76
14339,61,0,7,0,0,0,0,0,0,0,68
14340,56,0,6,0,0,0,0,0,0,0,62
14341,41,0,11,0,0,0,0,0,0,0,52
14342,41,0,9,0,0,0,0,0,0,0,50
14343,49,0,12,0,0,0,0,0,0,0,61
14344,54,0,10,0,0,0,0,0,0,0,64
14345,39,0,18,0,0,0,0,0,0,0,57
14346,38,0,15,0,0,0,0,0,0,0,53
14347,39,0,15,0,0,0,0,0,0,0,54
14348,35,0,13,0,0,0,0,0,0,0,48
14349,43,0,15,0,0,0,0,0,0,0,58
14350,45,0,14,0,0,0,0,0,0,0,59
14351,43,0,10,0,0,0,0,0,0,0,53
14352,39,0,10,0,0,0,0,0,0,0,49
14353,47,0,10,0,0,0,0,0,0,0,57
14354,47,0,6,0,0,0,0,0,0,0,53
14355,47,0,5,0,0,0,0,0,0,0,52
14356,47,0,5,0,0,0,0,0,0,0,52
14357,47,0,5,0,0,0,0,0,0,0,52
14358,50,0,5,0,0,0,0,0,0,0,55
14359,49,0,1,0,0,0,0,0,0,0,50
14360,43,0,0,0,0,0,0,0,0,0,43
14361,37,0,3,0,0,0,0,0,0,0,40
14362,43,0,5,0,0,0,0,0,0,0,48
14363,47,0,4,0,0,0,0,0,0,0,51
14364,47,0,1,0,0,0,0,0,0,0,48
14365,49,0,0,0,0,0,0,0,0,0,49
14366,45,0,0,0,0,0,0,0,0,0,45
14367,47,0,0,0,0,0,0,0,0,0,47
14368,49,0,0,0,0,0,0,0,0,0,49
14369,48,0,0,0,0,0,0,0,0,0,48
14370,45,0,0,0,0,0,0,0,0,0,45
14371,46,0,0,0,0,0,0,0,0,0,46
14372,51,0,1,0,0,0,0,0,0,0,52
14373,55,0,0,0,0,0,0,0,0,0,55
14374,47,0,0,0,0,0,0,0,0,0,47
14375,55,0,0,0,0,0,0,0,0,0,55
14376,57,0,0,0,0,0,0,0,1,0,57
14377,62,0,0,0,0,0,0,0,0,0,62
14378,73,0,0,0,0,0,0,0,0,0,73
14379,81,0,0,0,0,0,0,0,0,0,81
14380,84,0,0,0,0,0,0,0,0,0,84
14381,82,0,4,0,0,0,0,0,0,0,86
14382,78,0,5,0,0,0,0,0,0,0,83
14383,82,0,1,0,0,0,0,0,0,0,83
14384,68,0,0,0,0,0,0,0,0,0,68
14385,86,0,0,0,0,0,0,0,0,0,86
14386,89,0,0,0,0,0,0,0,0,0,89
14387,78,0,1,0,0,0,0,0,0,0,79
14388,77,0,0,0,0,0,0,0,0,0,77
14389,83,0,0,0,0,0,0,0,0,0,83
14390,80,0,4,0,0,0,0,0,0,0,84
14391,69,0,2,0,0,0,0,0,0,0,71
14392,64,0,0,0,0,0,0,0,0,0,64
14393,56,0,3,0,0,0,0,0,0,0,59
14394,61,0,2,0,0,0,0,0,0,0,63
14395,60,0,0,0,0,0,0,0,0,0,60
14396,68,0,0,0,0,0,0,0,0,0,68
14397,67,0,0,0,0,0,0,0,0,0,67
14398,75,0,0,0,0,0,0,0,0,0,75
14399,69,0,0,0,0,0,0,0,0,0,69
14400,73,0,0,0,0,0,0,0,0,0,73
14401,61,0,0,0,0,0,0,0,0,0,61
14402,55,0,0,0,0,0,0,0,0,0,55
14403,55,0,0,0,0,0,0,0,0,0,55
14404,57,0,0,0,0,0,0,0,0,0,57
14405,58,0,0,0,0,0,0,0,0,0,58
14406,57,0,0,0,0,0,0,0,0,0,57
14407,53,0,0,0,0,0,0,0,0,0,53
14408,52,0,1,0,0,0,0,0,0,0,53
14409,50,0,3,0,0,0,0,0,0,0,53
14410,49,0,4,0,0,0,0,0,0,0,53
14411,49,0,2,0,0,0,0,0,0,0,51
14412,55,0,0,0,0,0,0,0,0,0,55
14413,52,0,1,0,0,0,0,0,0,0,53
14414,46,0,0,0,0,0,0,0,0,0,46
14415,43,0,1,0,0,0,0,0,0,0,44
14416,50,0,0,0,0,0,0,0,0,0,50
14417,54,0,0,0,0,0,0,0,0,0,54
14418,50,0,0,0,0,0,0,0,0,0,50
14419,49,0,0,0,0,0,0,0,0,0,49
14420,50,0,0,0,0,0,0,0,0,0,50
14421,48,0,0,0,0,0,0,0,0,0,48
14422,48,0,0,0,0,0,0,0,0,0,48
14423,53,0,0,0,0,0,0,0,0,0,53
14424,49,0,1,0,0,0,0,0,0,0,50
14425,52,0,0,0,0,0,0,0,0,0,52
14426,55,0,0,0,0,0,0,0,0,0,55
14427,50,0,0,0,0,0,0,0,0,0,50
14428,58,0,0,0,0,0,0,0,0,0,58
14429,54,0,0,0,0,0,0,0,0,0,54
14430,50,0,2,0,0,0,0,0,0,0,52
14431,54,0,1,0,0,0,0,0,0,0,55
14432,48,0,0,0,0,0,0,0,0,0,48
14433,46,0,1,0,0,0,0,0,0,0,47
14434,49,0,0,0,0,0,0,0,0,0,49
14435,49,0,0,0,0,0,0,0,0,0,49
14436,46,0,0,0,0,0,0,0,0,0,46
14437,48,0,0,0,0,0,0,0,0,0,48
14438,55,0,0,0,0,0,0,0,0,0,55
14439,54,0,1,0,0,0,0,0,0,0,55
14440,46,0,1,0,0,0,0,0,0,0,47
14441,51,0,0,0,0,0,0,0,0,0,51
14442,49,0,0,0,0,0,0,0,0,0,49
14443,51,0,0,0,0,0,0,0,0,0,51
14444,58,0,0,0,0,0,0,0,0,0,58
14445,57,0,0,0,0,0,0,0,0,0,57
14446,60,0,0,0,0,0,0,0,0,0,60
14447,51,0,0,0,0,0,0,0,0,0,51
14448,52,0,0,0,0,0,0,0,0,0,52
14449,54,0,0,0,0,0,0,0,0,0,54
14450,56,0,0,0,0,0,0,0,0,0,56
14451,51,0,0,0,0,0,0,0,0,0,51
14452,55,0,0,0,0,0,0,0,0,0,55
14453,53,0,0,0,0,0,0,0,0,0,53
14454,55,0,0,0,0,0,0,0,0,0,55
14455,53,0,0,0,0,0,0,0,0,0,53
14456,58,0,0,0,0,0,0,0,0,0,58
14457,69,0,0,0,0,0,0,0,0,0,69
14458,69,0,0,0,0,0,0,0,0,0,69
14459,71,0,2,0,0,0,0,0,0,0,73
14460,74,0,3,0,0,0,0,0,0,0,77
14461,70,0,5,0,0,0,0,0,0,0,75
14462,75,0,0,0,0,0,0,0,0,0,75
14463,73,0,0,0,0,0,0,0,0,0,73
14464,86,0,0,0,0,0,0,0,0,0,86
14465,80,0,3,0,0,0,0,0,0,0,83
14466,81,0,0,0,0,0,0,0,0,0,81
14467,75,0,4,0,0,0,0,0,0,0,79
14468,76,0,5,0,0,0,0,0,0,0,81
14469,82,0,0,0,0,0,0,0,0,0,82
14470,78,0,1,0,0,0,0,0,0,0,79
14471,87,0,0,0,0,0,0,0,0,0,87
14472,94,0,0,0,0,0,0,0,0,0,94
14473,89,0,0,0,0,0,0,0,0,0,89
14474,90,0,0,0,0,0,0,0,0,0,90
14475,94,0,0,0,0,0,0,0,0,0,94
14476,87,0,6,0,0,0,0,0,0,0,93
14477,88,0,5,0,0,0,0,0,0,0,93
14478,71,0,4,0,0,0,0,0,0,0,75
14479,85,0,7,0,0,0,0,0,0,0,92
14480,96,0,10,0,0,0,0,0,0,0,106
14481,93,0,12,0,0,0,0,0,0,0,105
14482,79,0,10,0,0,0,0,0,0,0,89
14483,82,0,9,0,0,0,0,0,0,0,91
14484,90,0,7,0,0,0,0,0,0,0,97
14485,95,0,5,0,0,0,0,0,0,0,100
14486,102,0,5,0,0,0,0,0,0,0,107
14487,98,0,5,0,0,0,0,0,0,0,103
14488,102,0,5,0,0,0,0,0,0,0,107
14489,103,0,5,0,0,0,0,0,0,0,108
14490,97,0,5,0,0,0,0,0,0,0,102
14491,87,0,5,0,0,0,0,0,0,0,92
14492,96,0,3,0,0,0,0,0,0,0,99
14493,93,0,0,0,0,0,0,0,0,0,93
14494,100,0,0,0,0,0,0,0,0,0,100
14495,105,0,0,0,0,0,0,0,0,0,105
14496,109,0,1,0,0,0,0,0,0,0,110
14497,97,0,3,0,0,0,0,0,0,0,100
14498,87,0,5,0,0,0,0,0,0,0,92
14499,79,0,9,0,0,0,0,0,0,0,88
14500,75,0,10,0,0,0,0,0,0,0,85
14501,74,0,7,0,0,0,0,0,0,0,81
14502,71,0,5,0,0,0,0,0,0,0,76
14503,77,0,5,0,0,0,0,0,0,0,82
14504,71,0,6,0,0,0,0,0,0,0,77
14505,74,0,4,0,0,0,0,0,0,0,78
14506,70,0,6,0,0,0,0,0,0,0,76
14507,72,0,5,0,0,0,0,0,0,0,77
14508,76,0,7,0,0,0,0,0,0,0,83
14509,80,0,6,0,0,0,0,0,0,0,86
14510,72,0,4,0,0,0,0,0,0,0,76
14511,73,0,3,0,0,0,0,0,0,0,76
14512,78,0,0,0,0,0,0,0,0,0,78
14513,84,0,0,0,0,0,0,0,2,0,84
14514,73,0,4,0,0,0,0,0,0,0,77
14515,67,0,9,0,0,0,0,0,0,0,76
14516,74,0,5,0,0,0,0,0,0,0,79
14517,81,0,3,0,0,0,0,0,0,0,84
14518,86,0,0,0,0,0,0,0,0,0,86
14519,81,0,4,0,0,0,0,0,0,0,85
14520,80,0,4,0,0,0,0,0,0,0,84
14521,78,0,0,0,0,0,0,0,0,0,78
14522,80,0,0,0,0,0,0,0,0,0,80
14523,75,0,4,0,0,0,0,0,0,0,79
14524,82,0,4,0,0,0,0,0,0,0,86
14525,73,0,0,0,0,0,0,0,0,0,73
14526,78,0,0,0,0,0,0,0,0,0,78
14527,90,0,0,0,0,0,0,0,0,0,90
14528,85,0,0,0,0,0,0,0,0,0,85
14529,92,0,0,0,0,0,0,0,0,0,92
14530,96,0,5,0,0,0,0,0,0,0,101
14531,84,0,0,0,0,0,0,0,0,0,84
14532,87,0,0,0,0,0,0,0,0,0,87
14533,96,0,0,0,0,0,0,0,0,0,96
14534,89,0,2,0,0,0,0,0,0,0,91
14535,84,0,3,0,0,0,0,0,0,0,87
14536,84,0,3,0,0,0,0,0,0,0,87
14537,73,0,2,0,0,0,0,0,0,0,75
14538,77,0,1,0,0,0,0,0,0,0,78
14539,80,0,5,0,0,0,0,0,0,0,85
14540,83,0,2,0,0,0,0,0,0,0,85
14541,79,0,0,0,0,0,0,0,0,0,79
14542,67,0,0,0,0,0,0,0,0,0,67
14543,66,0,4,0,0,0,0,0,0,0,70
14544,69,0,2,0,0,0,0,0,0,0,71
14545,60,0,0,0,0,0,0,0,0,0,60
14546,70,0,1,0,0,0,0,0,0,0,71
14547,77,0,1,0,0,0,0,0,0,0,78
14548,77,0,1,0,0,0,0,0,0,0,78
14549,81,0,3,0,0,0,0,0,0,0,84
14550,85,0,4,0,0,0,0,0,0,0,89
14551,92,0,1,0,0,0,0,0,0,0,93
14552,98,0,0,0,0,0,0,0,0,0,98
14553,88,0,0,0,0,0,0,0,0,0,88
14554,80,0,0,0,0,0,0,0,0,0,80
14555,73,0,1,0,0,0,0,0,0,0,74
14556,77,0,0,0,0,0,0,0,0,0,77
14557,82,0,0,0,0,0,0,0,1,0,82
14558,84,0,0,0,0,0,0,0,0,0,84
14559,96,0,2,0,0,0,0,0,0,0,98
14560,90,0,1,0,0,0,0,0,0,0,91
14561,89,0,2,0,0,0,0,0,0,0,91
14562,79,0,1,0,0,0,0,0,0,0,80
14563,69,0,2,0,0,0,0,0,0,0,71
14564,75,0,0,0,0,0,0,0,0,0,75
14565,85,0,0,0,0,0,0,0,0,0,85
14566,78,0,1,0,0,0,0,0,0,0,79
14567,75,0,1,0,0,0,0,0,0,0,76
14568,72,0,0,0,0,0,0,0,0,0,72
14569,70,0,1,0,0,0,0,0,0,0,71
14570,64,0,5,0,0,0,0,0,0,0,69
14571,77,0,0,0,0,0,0,0,0,0,77
14572,78,0,0,0,0,0,0,0,0,0,78
14573,68,0,0,0,0,0,0,0,0,0,68
14574,73,0,0,0,0,0,0,0,0,0,73
14575,75,0,0,0,0,0,0,0,0,0,75
14576,73,0,0,0,0,0,0,0,0,0,73
14577,69,0,0,0,0,0,0,0,0,0,69
14578,67,0,1,0,0,0,0,0,0,0,68
14579,62,0,0,0,0,0,0,0,0,0,62
14580,67,0,0,0,0,0,0,0,0,0,67
14581,54,0,0,0,0,0,0,0,0,0,54
14582,60,0,0,0,0,0,0,0,0,0,60
14583,68,0,1,0,0,0,0,0,0,0,69
14584,61,0,5,0,0,0,0,0,1,0,66
14585,65,0,0,0,0,0,0,0,2,0,65
14586,65,0,0,0,0,0,0,0,0,0,65
14587,66,0,0,0,0,0,0,0,0,0,66
14588,69,0,1,0,0,0,0,0,0,0,70
14589,67,0,0,0,0,0,0,0,0,0,67
14590,63,0,1,0,0,0,0,0,0,0,64
14591,69,0,0,0,0,0,0,0,0,0,69
14592,59,0,2,0,0,0,0,0,0,0,61
14593,69,0,1,0,0,0,0,0,0,0,70
14594,66,0,0,0,0,0,0,0,0,0,66
14595,56,0,0,0,0,0,0,0,0,0,56
14596,63,0,0,0,0,0,0,0,0,0,63
14597,65,0,0,0,0,0,0,0,0,0,65
14598,61,0,0,0,0,0,0,0,0,0,61
14599,63,0,3,0,0,0,0,0,0,0,66
14600,63,0,5,0,0,0,0,0,0,0,68
14601,72,0,4,0,0,0,0,0,0,0,76
14602,73,0,5,0,0,0,0,0,0,0,78
14603,74,0,5,0,0,0,0,0,0,0,79
14604,73,0,2,0,0,0,0,0,0,0,75
14605,74,0,7,0,0,0,0,0,0,0,81
14606,77,0,1,0,0,0,0,0,0,0,78
14607,65,0,9,0,0,0,0,0,0,0,74
14608,79,0,9,0,0,0,0,0,0,0,88
14609,72,0,8,0,0,0,0,0,0,0,80
14610,73,0,5,0,0,0,0,0,0,0,78
14611,80,0,5,0,0,0,0,0,0,0,85
14612,88,0,7,0,0,0,0,0,0,0,95
14613,89,0,5,0,0,0,0,0,0,0,94
14614,85,0,5,0,0,0,0,0,0,0,90
14615,91,0,5,0,0,0,0,0,0,0,96
14616,81,0,5,0,0,0,0,0,0,0,86
14617,81,0,5,0,0,0,0,0,0,0,86
14618,90,0,6,0,0,0,0,0,0,0,96
14619,79,0,6,0,0,0,0,0,0,0,85
14620,85,0,8,0,0,0,0,0,0,0,93
14621,78,0,10,0,0,0,0,0,0,0,88
14622,80,0,6,0,0,0,0,0,0,0,86
14623,82,0,5,0,0,0,0,0,0,0,87
14624,74,0,5,0,0,0,0,0,0,0,79
14625,79,0,6,0,0,0,0,0,0,0,85
14626,65,0,5,0,0,0,0,0,0,0,70
14627,76,0,5,0,0,0,0,0,0,0,81
14628,80,0,5,0,0,0,0,0,0,0,85
14629,85,0,6,0,0,0,0,0,0,0,91
14630,85,0,10,0,0,0,0,0,0,0,95
14631,79,0,10,0,0,0,0,0,0,0,89
14632,76,0,16,0,0,0,0,0,0,0,92
14633,62,0,15,0,0,0,0,0,0,0,77
14634,66,0,13,0,0,0,0,0,0,0,79
14635,68,0,14,0,0,0,0,0,0,0,82
14636,67,0,18,0,0,0,0,0,0,0,85
14637,68,0,15,0,0,0,0,0,0,0,83
14638,74,0,11,0,0,0,0,0,0,0,85
14639,84,0,12,0,0,0,0,0,0,0,96
14640,76,0,15,0,0,0,0,0,0,0,91
14641,70,0,13,0,0,0,0,0,0,0,83
14642,68,0,5,0,0,0,0,0,0,0,73
14643,72,0,5,0,0,0,0,0,0,0,77
14644,68,0,6,0,0,0,0,0,0,0,74
14645,91,0,5,0,0,0,0,0,0,0,96
14646,81,0,13,0,0,0,0,0,0,0,94
14647,57,0,7,0,0,0,0,0,0,0,64
14648,46,0,7,0,0,0,0,0,0,0,53
14649,54,0,10,0,0,0,0,0,0,0,64
14650,66,0,10,0,0,0,0,0,0,0,76
14651,54,0,10,0,0,0,0,0,0,0,64
14652,42,0,10,0,0,0,0,0,0,0,52
14653,42,0,10,0,0,0,0,0,0,0,52
14654,40,0,10,0,0,0,0,0,0,0,50
14655,44,0,12,0,0,0,0,0,0,0,56
14656,55,0,12,0,0,0,0,0,0,0,67
14657,52,0,10,0,0,0,0,0,0,0,62
14658,42,0,10,0,0,0,0,0,0,0,52
14659,48,0,10,0,0,0,0,0,0,0,58
14660,38,0,10,0,0,0,0,0,0,0,48
14661,48,0,10,0,0,0,0,0,0,0,58
14662,47,0,10,0,0,0,0,0,0,0,57
14663,55,0,10,0,0,0,0,0,0,0,65
14664,54,0,10,0,0,0,0,0,0,0,64
14665,54,0,10,0,0,0,0,0,0,0,64
14666,50,0,10,0,0,0,0,0,0,0,60
14667,43,0,10,0,0,0,0,0,0,0,53
14668,47,0,10,0,0,0,0,0,0,0,57
14669,42,0,10,0,0,0,0,0,0,0,52
14670,43,0,10,0,0,0,0,0,4,0,53
14671,30,0,10,0,0,0,0,0,0,0,40
14672,32,0,10,0,0,0,0,0,0,0,42
14673,34,0,10,0,0,0,0,0,0,0,44
14674,40,0,10,0,0,0,0,0,0,0,50
14675,41,0,7,0,0,0,0,0,0,0,48
14676,36,0,10,0,0,0,0,0,0,0,46
14677,35,0,10,0,0,0,0,0,1,0,45
14678,40,0,10,0,0,0,0,0,2,0,50
14679,43,0,10,0,0,0,0,0,2,0,53
14680,45,0,10,0,0,0,0,0,0,0,55
14681,41,0,10,0,0,0,0,0,0,0,51
14682,38,0,10,0,0,0,0,0,0,0,48
14683,35,0,10,0,0,0,0,0,0,0,45
14684,35,0,10,0,0,0,0,0,0,0,45
14685,40,0,10,0,0,0,0,0,0,0,50
14686,35,0,9,0,0,0,0,0,0,0,44
14687,42,0,5,0,0,0,0,0,0,0,47
14688,48,0,7,0,0,0,0,0,0,0,55
14689,43,0,7,0,0,0,0,0,0,0,50
14690,50,0,5,0,0,0,0,0,0,0,55
14691,44,0,10,0,0,0,0,0,0,0,54
14692,47,0,10,0,0,0,0,0,0,0,57
14693,54,0,5,0,0,0,0,0,0,0,59
14694,49,0,5,0,0,0,0,0,0,0,54
14695,49,0,5,0,0,0,0,0,2,0,54
14696,46,0,5,0,0,0,0,0,4,0,51
14697,51,0,5,0,0,0,0,0,0,0,56
14698,48,0,8,0,0,0,0,0,0,0,56
14699,50,0,4,0,0,0,0,0,0,0,54
14700,51,0,3,0,0,0,0,0,0,0,54
14701,53,0,1,0,0,0,0,0,0,0,54
14702,51,0,0,0,0,0,0,0,0,0,51
14703,54,0,0,0,0,0,0,0,0,0,54
14704,55,0,0,0,0,0,0,0,0,0,55
14705,52,0,1,0,0,0,0,0,0,0,53
14706,59,0,0,0,0,0,0,0,4,0,59
14707,69,0,0,0,0,0,0,0,0,0,69
14708,80,0,0,0,0,0,0,0,3,0,80
14709,84,0,3,0,0,0,0,0,1,0,87
14710,85,0,0,0,0,0,0,0,0,0,85
14711,95,0,0,0,0,0,0,0,0,0,95
14712,102,0,3,0,0,0,0,0,0,0,105
14713,98,0,0,0,0,0,0,0,0,0,98
14714,98,0,1,0,0,0,0,0,0,0,99
14715,91,0,6,0,0,0,0,0,0,0,97
14716,84,0,10,0,0,0,0,0,0,0,94
14717,84,0,10,0,0,0,0,0,1,0,94
14718,85,0,9,0,0,0,0,0,0,0,94
14719,90,0,7,0,0,0,0,0,0,0,97
14720,88,0,6,0,0,0,0,0,0,0,94
14721,81,0,5,0,0,0,0,0,0,0,86
14722,82,0,5,0,0,0,0,0,0,0,87
14723,92,0,5,0,0,0,0,0,0,0,97
14724,93,0,0,0,0,0,0,0,0,0,93
14725,96,0,0,0,0,0,0,0,0,0,96
14726,96,0,1,0,0,0,0,0,0,0,97
14727,99,0,0,0,0,0,0,0,0,0,99
14728,101,0,0,0,0,0,0,0,1,0,101
14729,107,0,0,0,0,0,0,0,0,0,107
14730,105,0,0,0,0,0,0,0,0,0,105
14731,103,0,0,0,0,0,0,0,0,0,103
14732,89,0,3,0,0,0,0,0,0,0,92
14733,91,0,0,0,0,0,0,0,0,0,91
14734,82,0,0,0,0,0,0,0,0,0,82
14735,78,0,0,0,0,0,0,0,0,0,78
14736,82,0,0,0,0,0,0,0,0,0,82
14737,82,0,0,0,0,0,0,0,0,0,82
14738,78,0,0,0,0,0,0,0,0,0,78
14739,90,0,0,0,0,0,0,0,0,0,90
14740,95,0,1,0,0,0,0,0,0,0,96
14741,83,0,1,0,0,0,3,0,0,0,87
14742,80,0,0,0,0,0,5,0,0,0,85
14743,77,0,0,0,0,0,0,0,4,0,77
14744,78,0,0,0,0,0,0,0,0,0,78
14745,80,0,0,0,0,0,0,0,0,0,80
14746,78,0,0,0,0,0,0,0,0,0,78
14747,80,0,0,0,0,0,0,0,0,0,80
14748,82,0,0,0,0,0,0,0,0,0,82
14749,81,0,0,0,0,0,0,0,0,0,81
14750,82,0,2,0,0,0,0,0,0,0,84
14751,69,0,9,0,0,0,0,0,0,0,78
14752,80,0,2,0,0,0,0,0,0,0,82
14753,80,0,0,0,0,0,0,0,0,0,80
14754,81,0,0,0,0,0,0,0,0,0,81
14755,85,0,0,0,0,0,0,0,0,0,85
14756,81,0,1,0,0,0,0,0,0,0,82
14757,70,0,0,0,0,0,0,0,0,0,70
14758,74,0,1,0,0,0,0,0,0,0,75
14759,77,0,0,0,0,0,0,0,0,0,77
14760,78,0,0,0,0,0,0,0,0,0,78
14761,88,0,0,0,0,0,0,0,0,0,88
14762,90,0,0,0,0,0,0,0,0,0,90
14763,87,0,0,0,0,0,0,0,0,0,87
14764,95,0,0,0,0,0,0,0,0,0,95
14765,83,0,0,0,0,0,0,0,0,0,83
14766,74,0,0,0,0,0,0,0,0,0,74
14767,69,0,0,0,0,0,0,0,0,0,69
14768,64,0,0,0,0,0,0,0,0,0,64
14769,73,0,0,0,0,0,0,0,0,0,73
14770,72,0,1,0,0,0,0,0,0,0,73
14771,67,0,5,0,0,0,0,0,0,0,72
14772,65,0,5,0,0,0,0,0,0,0,70
14773,69,0,5,0,0,0,0,0,0,0,74
14774,70,0,4,0,0,0,0,0,0,0,74
14775,68,0,0,0,0,0,0,0,0,0,68
14776,66,0,0,0,0,0,0,0,0,0,66
14777,69,0,0,0,0,0,0,0,2,0,69
14778,70,0,0,0,0,0,0,0,0,0,70
14779,66,0,5,0,0,0,0,0,0,0,71
14780,83,0,1,0,0,0,0,0,0,0,84
14781,81,0,2,0,0,0,0,0,0,0,83
14782,87,0,2,0,0,0,0,0,0,0,89
14783,89,0,1,0,0,0,0,0,0,0,90
14784,91,0,3,0,0,0,0,0,0,0,94
14785,94,0,5,0,0,0,0,0,0,0,99
14786,94,0,5,0,0,0,0,0,0,0,99
14787,91,0,4,0,0,0,0,0,0,0,95
14788,86,0,8,0,0,0,0,0,0,0,94
14789,92,0,5,0,0,0,0,0,0,0,97
14790,93,0,5,0,0,0,0,0,0,0,98
14791,97,0,5,0,0,0,0,0,0,0,102
14792,88,0,5,0,0,0,0,0,0,0,93
14793,94,0,5,0,0,0,0,0,0,0,99
14794,87,0,6,0,0,0,0,0,0,0,93
14795,76,0,9,0,0,0,0,0,0,0,85
14796,72,0,10,0,0,0,0,0,0,0,82
14797,77,0,10,0,0,0,0,0,0,0,87
14798,78,0,10,0,0,0,0,0,0,0,88
14799,79,0,10,0,0,0,0,0,0,0,89
14800,85,0,10,0,0,0,0,0,0,0,95
14801,96,0,10,0,0,0,0,0,0,0,106
14802,99,0,6,0,0,0,0,0,0,0,105
14803,104,0,2,0,0,0,0,0,0,0,106
14804,100,0,4,0,0,0,0,0,0,0,104
14805,106,0,5,0,0,0,0,0,0,0,111
14806,85,0,5,0,0,0,0,0,0,0,90
14807,90,0,5,0,0,0,0,0,0,0,95
14808,94,0,5,0,0,0,0,0,0,0,99
14809,108,0,5,0,0,0,0,0,0,0,113
14810,112,0,2,0,0,0,0,0,0,0,114
14811,102,0,2,0,0,0,0,0,0,0,104
14812,92,0,5,0,0,0,0,0,0,0,97
14813,94,0,7,0,0,0,0,0,0,0,101
14814,89,0,6,0,0,0,0,0,0,0,95
14815,81,0,5,0,0,0,0,0,0,0,86
14816,74,0,5,0,0,0,0,0,0,0,79
14817,72,0,7,0,0,0,0,0,0,0,79
14818,73,0,5,0,0,0,0,0,0,0,78
14819,63,0,8,0,0,0,0,0,0,0,71
14820,46,0,10,0,0,0,0,0,0,0,56
14821,59,0,10,0,0,0,0,0,0,0,69
14822,61,0,5,0,0,0,0,0,0,0,66
14823,57,0,5,0,0,0,0,0,0,0,62
14824,47,0,5,0,0,0,0,0,0,0,52
14825,55,0,5,0,0,0,0,0,0,0,60
14826,54,0,5,0,0,0,0,0,0,0,59
14827,55,0,5,0,0,0,0,0,0,0,60
14828,58,0,5,0,0,0,0,0,0,0,63
14829,63,0,5,0,0,0,0,0,0,0,68
14830,58,0,5,0,0,0,0,0,0,0,63
14831,75,0,5,0,0,0,0,0,0,0,80
14832,74,0,5,0,0,0,0,0,0,0,79
14833,79,0,5,0,0,0,0,0,1,0,84
14834,69,0,7,0,0,0,0,0,0,0,76
14835,58,0,15,0,0,0,0,0,2,0,73
14836,59,0,12,0,0,0,0,0,2,0,71
14837,62,0,11,0,0,0,0,0,0,0,73
14838,57,0,7,0,0,0,0,0,1,0,64
14839,60,0,5,0,0,0,0,0,0,0,65
14840,63,0,5,0,0,0,0,0,0,0,68
14841,59,0,5,0,0,0,0,0,0,0,64
14842,55,0,5,0,0,0,0,0,0,0,60
14843,60,0,5,0,0,0,0,0,0,0,65
14844,60,0,5,0,0,0,0,0,0,0,65
14845,56,0,5,0,0,0,0,0,0,0,61
14846,55,0,5,0,0,0,0,0,0,0,60
14847,60,0,5,0,0,0,0,0,0,0,65
14848,63,0,5,0,0,0,0,0,0,0,68
14849,65,0,1,0,0,0,0,0,0,0,66
14850,63,0,5,0,0,0,0,0,0,0,68
14851,63,0,5,0,0,0,0,0,0,0,68
14852,69,0,5,0,0,0,0,0,0,0,74
14853,63,0,3,0,0,0,0,0,0,0,66
14854,61,0,0,0,0,0,0,0,0,0,61
14855,60,0,5,0,0,0,0,0,0,0,65
14856,62,0,5,0,0,0,0,0,0,0,67
14857,65,0,2,0,0,0,0,0,0,0,67
14858,70,0,1,0,0,0,0,0,0,0,71
14859,60,0,5,0,0,0,0,0,0,0,65
14860,62,0,5,0,0,0,0,0,0,0,67
14861,66,0,5,0,0,0,0,0,0,0,71
14862,67,0,0,0,0,0,0,0,0,0,67
14863,53,0,3,0,0,0,0,0,0,0,56
14864,60,0,2,0,0,0,0,0,0,0,62
14865,55,0,4,0,0,0,0,0,0,0,59
14866,54,0,4,0,0,0,0,0,0,0,58
14867,61,0,0,0,0,0,0,0,0,0,61
14868,62,0,0,0,0,0,0,0,0,0,62
14869,60,0,0,0,0,0,0,0,0,0,60
14870,63,0,2,0,0,0,0,0,0,0,65
14871,65,0,0,0,0,0,0,0,0,0,65
14872,69,0,1,0,0,0,0,0,0,0,70
14873,77,0,0,0,0,0,0,0,0,0,77
14874,78,0,0,0,0,0,0,0,0,0,78
14875,75,0,0,0,0,0,0,0,0,0,75
14876,76,0,0,0,0,0,0,0,0,0,76
14877,78,0,0,0,0,0,0,0,0,0,78
14878,80,0,0,0,0,0,0,0,0,0,80
14879,80,0,0,0,0,0,0,0,0,0,80
14880,73,0,0,0,0,0,0,0,0,0,73
14881,75,0,2,0,0,0,0,0,0,0,77
14882,67,0,0,0,0,0,0,0,0,0,67
14883,69,0,0,0,0,0,0,0,0,0,69
14884,81,0,1,0,0,0,0,0,0,0,82
14885,73,0,5,0,0,0,0,0,0,0,78
14886,79,0,5,0,0,0,0,0,0,0,84
14887,83,0,3,0,0,0,0,0,0,0,86
14888,91,0,0,0,0,0,0,0,0,0,91
14889,80,0,0,0,0,0,0,0,0,0,80
14890,88,0,0,0,0,0,0,0,0,0,88
14891,89,0,2,0,0,0,0,0,0,0,91
14892,86,0,1,0,0,0,0,0,0,0,87
14893,77,0,2,0,0,0,0,0,0,0,79
14894,85,0,0,0,0,0,0,0,0,0,85
14895,84,0,0,0,0,0,0,0,1,0,84
14896,83,0,1,0,0,0,0,0,0,0,84
14897,77,0,1,0,0,0,0,0,0,0,78
14898,80,0,4,0,0,0,0,0,0,0,84
14899,85,0,4,0,0,0,0,0,0,0,89
14900,89,0,2,0,0,0,0,0,0,0,91
14901,90,0,0,0,0,0,0,0,0,0,90
14902,89,0,0,0,0,0,0,0,0,0,89
14903,88,0,2,0,0,0,0,0,0,0,90
14904,85,0,2,0,0,0,0,0,0,0,87
14905,84,0,1,0,0,0,0,0,0,0,85
14906,88,0,0,0,0,0,0,0,0,0,88
14907,87,0,0,0,0,0,0,0,0,0,87
14908,84,0,0,0,0,0,0,0,0,0,84
14909,83,0,1,0,0,0,0,0,0,0,84
14910,82,0,0,0,0,0,0,0,0,0,82
14911,70,0,0,0,0,0,0,0,0,0,70
14912,66,0,0,0,0,0,0,0,0,0,66
14913,65,0,0,0,0,0,0,0,0,0,65
14914,63,0,0,0,0,0,0,0,0,0,63
14915,60,0,0,0,0,0,0,0,0,0,60
14916,65,0,0,0,0,0,0,0,0,0,65
14917,65,0,0,0,0,0,0,0,0,0,65
14918,11,0,4,0,0,0,0,0,0,0,15
14919,8,0,4,0,0,0,0,0,0,0,12
14920,10,0,4,0,0,0,0,0,0,0,14
14921,9,0,4,0,0,0,0,0,0,0,13
14922,13,0,4,0,0,0,0,0,0,0,17
14923,13,0,8,0,0,0,0,0,0,0,21
14924,11,0,8,0,0,0,0,0,0,0,19
14925,16,0,8,0,0,0,0,0,0,0,24
14926,21,0,6,0,0,0,0,0,0,0,27
14927,27,0,8,0,0,0,0,0,0,0,35
14928,29,0,7,0,0,0,0,0,0,0,36
14929,34,0,4,0,0,0,0,0,0,0,38
14930,34,0,4,0,0,0,0,0,0,0,38
14931,33,0,4,0,0,0,0,0,0,0,37
14932,32,0,4,0,0,0,0,0,0,0,36
14933,42,0,8,0,0,0,0,0,0,0,50
14934,43,0,8,0,0,0,0,0,0,0,51
14935,41,0,8,0,0,0,0,0,0,0,49
14936,39,0,9,0,0,0,0,0,0,0,48
14937,52,0,9,0,0,0,0,0,0,0,61
14938,58,0,8,0,0,0,0,0,0,0,66
14939,53,0,9,0,0,0,0,0,0,0,62
14940,53,0,7,0,0,0,0,0,0,0,60
14941,46,0,11,0,0,0,0,0,0,0,57
14942,47,0,14,0,0,0,0,0,0,0,61
14943,60,0,13,0,0,0,0,0,0,0,73
14944,51,0,13,0,0,0,0,0,0,0,64
14945,49,0,8,0,0,0,0,0,0,0,57
14946,48,0,14,0,0,0,0,0,0,0,62
14947,54,0,16,0,0,0,0,0,0,0,70
14948,63,0,10,0,0,0,0,0,0,0,73
14949,58,0,13,0,0,0,0,0,0,0,71
14950,62,0,14,0,0,0,0,0,0,0,76
14951,65,0,12,0,0,0,0,0,0,0,77
14952,60,0,13,0,0,0,0,0,0,0,73
14953,63,0,12,0,0,0,0,0,0,0,75
14954,59,0,9,0,0,0,0,0,0,0,68
14955,53,0,9,0,0,0,0,0,0,0,62
14956,45,0,14,0,0,0,0,0,0,0,59
14957,44,0,19,0,0,0,0,0,0,0,63
14958,43,0,17,0,0,0,0,0,0,0,60
14959,43,0,21,0,0,0,0,0,0,0,64
14960,49,0,18,0,0,0,0,0,0,0,67
14961,50,0,18,0,0,0,0,0,0,0,68
14962,41,0,21,0,0,0,0,0,0,0,62
14963,38,0,15,0,0,0,0,0,0,0,53
14964,40,0,18,0,0,0,0,0,0,0,58
14965,35,0,17,0,0,0,0,0,0,0,52
14966,37,0,15,0,0,0,0,0,0,0,52
14967,38,0,15,0,0,0,0,0,0,0,53
14968,37,0,12,0,0,0,0,0,0,0,49
14969,38,0,13,0,0,0,0,0,0,0,51
14970,33,0,15,0,0,0,0,0,0,0,48
14971,36,0,18,0,0,0,0,0,0,0,54
14972,44,0,13,0,0,0,0,0,0,0,57
14973,47,0,9,0,0,0,0,0,0,0,56
14974,45,0,8,0,0,0,0,0,0,0,53
14975,50,0,5,0,0,0,0,0,0,0,55
14976,50,0,4,0,0,0,0,0,0,0,54
14977,54,0,4,0,0,0,0,0,0,0,58
14978,54,0,6,0,0,0,0,0,0,0,60
14979,58,0,8,0,0,0,0,0,0,0,66
14980,64,0,8,0,0,0,0,0,0,0,72
14981,61,0,10,0,0,0,0,0,0,0,71
14982,59,0,8,0,0,0,0,0,0,0,67
14983,53,0,12,0,0,0,0,0,0,0,65
14984,46,0,10,0,0,0,0,0,0,0,56
14985,53,0,9,0,0,0,0,0,0,0,62
14986,50,0,11,0,0,0,0,0,0,0,61
14987,51,0,12,0,0,0,0,0,0,0,63
14988,51,0,13,0,0,0,0,0,0,0,64
14989,45,0,15,0,0,0,0,0,0,0,60
14990,56,0,12,0,0,0,0,0,0,0,68
14991,50,0,14,0,0,0,0,0,0,0,64
14992,50,0,14,0,0,0,0,0,0,0,64
14993,44,0,17,0,0,0,0,0,0,0,61
14994,44,0,16,0,0,0,0,0,0,0,60
14995,44,0,15,0,0,0,0,0,0,0,59
14996,43,0,15,0,0,0,0,0,0,0,58
14997,35,0,18,0,0,0,0,0,0,0,53
14998,32,0,21,0,0,0,0,0,0,0,53
14999,36,0,16,0,0,0,0,0,0,0,52
15000,33,0,19,0,0,0,0,0,0,0,52
15001,33,0,19,0,0,0,0,0,0,0,52
15002,34,0,13,0,0,0,0,0,0,0,47
15003,32,0,13,0,0,0,0,0,0,0,45
15004,33,0,15,0,0,0,0,0,0,0,48
15005,27,0,23,0,0,0,0,0,0,0,50
15006,26,0,21,0,0,0,0,0,0,0,47
15007,29,0,22,0,0,0,0,0,0,0,51
15008,29,0,19,0,0,0,0,0,0,0,48
15009,27,0,21,0,0,0,0,0,0,0,48
15010,25,0,22,0,0,0,0,0,0,0,47
15011,22,0,24,0,0,0,0,0,0,0,46
15012,30,0,19,0,0,0,0,0,0,0,49
15013,28,0,22,0,0,0,0,0,0,0,50
15014,29,0,22,0,0,0,0,0,0,0,51
15015,27,0,24,0,0,0,0,0,0,0,51
15016,30,0,21,0,0,0,0,0,0,0,51
15017,33,0,18,0,0,0,0,0,0,0,51
15018,39,0,14,0,0,0,0,0,0,0,53
15019,35,0,15,0,0,0,0,0,0,0,50
15020,29,0,22,0,0,0,0,0,0,0,51
15021,31,0,20,0,0,0,0,0,0,0,51
15022,29,0,21,0,0,0,0,0,0,0,50
15023,27,0,24,0,0,0,0,0,0,0,51
15024,33,0,24,0,0,0,0,0,0,0,57
15025,37,0,20,0,0,0,0,0,0,0,57
15026,40,0,21,0,0,0,0,0,0,0,61
15027,36,0,19,0,0,0,0,0,0,0,55
15028,40,0,18,0,0,0,0,0,0,0,58
15029,39,0,16,0,0,0,0,0,0,0,55
15030,43,0,14,0,0,0,0,0,0,0,57
15031,38,0,18,0,0,0,0,0,0,0,56
15032,36,0,22,0,0,0,0,0,0,0,58
15033,49,0,18,0,0,0,0,0,0,0,67
15034,47,0,15,0,0,0,0,0,0,0,62
15035,57,0,15,0,0,0,0,0,0,0,72
15036,55,0,15,0,0,0,0,0,0,0,70
15037,55,0,15,0,0,0,0,0,0,0,70
15038,53,0,17,0,0,0,0,0,0,0,70
15039,63,0,15,0,0,0,0,0,0,0,78
15040,58,0,16,0,0,0,0,0,0,0,74
15041,61,0,18,0,0,0,0,0,0,0,79
15042,61,0,20,0,0,0,0,0,0,0,81
15043,57,0,20,0,0,0,0,0,0,0,77
15044,59,0,19,0,0,0,0,0,0,0,78
15045,61,0,21,0,0,0,0,0,0,0,82
15046,62,0,18,0,0,0,0,0,0,0,80
15047,62,0,22,0,0,0,0,0,0,0,84
15048,60,0,24,0,0,0,0,0,0,0,84
15049,62,0,27,0,0,0,0,0,0,0,89
15050,64,0,25,0,0,0,0,0,0,0,89
15051,70,0,22,0,0,0,0,0,0,0,92
15052,67,0,20,0,0,0,0,0,0,0,87
15053,66,0,22,0,0,0,0,0,0,0,88
15054,67,0,18,0,0,0,0,0,0,0,85
15055,62,0,20,0,0,0,0,0,0,0,82
15056,61,0,18,0,0,0,0,0,0,0,79
15057,55,0,21,0,0,0,0,0,0,0,76
15058,52,0,22,0,0,0,0,0,0,0,74
15059,50,0,24,0,0,0,0,0,0,0,74
15060,48,0,21,0,0,0,0,0,0,0,69
15061,46,0,22,0,0,0,0,0,0,0,68
15062,50,0,22,0,0,0,0,0,0,0,72
15063,59,0,24,0,0,0,0,0,0,0,83
15064,56,0,24,0,0,0,0,0,0,0,80
15065,54,0,23,0,0,0,0,0,0,0,77
15066,51,0,24,0,0,0,0,0,0,0,75
15067,49,0,25,0,0,0,0,0,0,0,74
15068,52,0,25,0,0,0,0,0,0,0,77
15069,51,0,24,0,0,0,0,0,0,0,75
15070,51,0,22,0,0,0,0,0,0,0,73
15071,55,0,20,0,0,0,0,0,0,0,75
15072,47,0,22,0,0,0,0,0,0,0,69
15073,51,0,23,0,0,0,0,0,0,0,74
15074,54,0,24,0,0,0,0,0,0,0,78
15075,54,0,19,0,0,0,0,0,0,0,73
15076,48,0,21,0,0,0,0,0,0,0,69
15077,52,0,17,0,0,0,0,0,0,0,69
15078,48,0,21,0,0,0,0,0,0,0,69
15079,52,0,20,0,0,0,0,0,0,0,72
15080,54,0,19,0,0,0,0,0,0,0,73
15081,54,0,20,0,0,0,0,0,0,0,74
15082,48,0,22,0,0,0,0,0,0,0,70
15083,39,0,22,0,0,0,0,0,0,0,61
15084,42,0,18,0,0,0,0,0,0,0,60
15085,47,0,18,0,0,0,0,0,0,0,65
15086,45,0,18,0,0,0,0,0,0,0,63
15087,35,0,15,0,0,0,0,0,0,0,50
15088,35,0,17,0,0,0,0,0,0,0,52
15089,37,0,15,0,0,0,0,0,0,0,52
15090,35,0,16,0,0,0,0,0,0,0,51
15091,34,0,17,0,0,0,0,0,0,0,51
15092,38,0,14,0,0,0,0,0,0,0,52
15093,41,0,13,0,0,0,0,0,0,0,54
15094,40,0,12,0,0,0,0,0,0,0,52
15095,35,0,9,0,0,0,0,0,0,0,44
15096,37,0,9,0,0,0,0,0,0,0,46
15097,33,0,11,0,0,0,0,0,0,0,44
15098,32,0,10,0,0,0,0,0,0,0,42
15099,27,0,16,0,0,0,0,0,0,0,43
15100,32,0,10,0,0,0,0,0,0,0,42
15101,31,0,10,0,0,0,0,0,0,0,41
15102,35,0,8,0,0,0,0,0,0,0,43
15103,36,0,8,0,0,0,0,0,0,0,44
15104,37,0,8,0,0,0,0,0,0,0,45
15105,36,0,10,0,0,0,0,0,0,0,46
15106,33,0,10,0,0,0,0,0,0,0,43
15107,34,0,12,0,0,0,0,0,0,0,46
15108,32,0,12,0,0,0,0,0,0,0,44
15109,33,0,10,0,0,0,0,0,0,0,43
15110,34,0,8,0,0,0,0,0,0,0,42
15111,30,0,8,0,0,0,0,0,0,0,38
15112,27,0,9,0,0,0,0,0,0,0,36
15113,30,0,8,0,0,0,0,0,0,0,38
15114,33,0,8,0,0,0,0,0,0,0,41
15115,29,0,9,0,0,0,0,0,0,0,38
15116,24,0,11,0,0,0,0,0,0,0,35
15117,22,0,8,0,0,0,0,0,0,0,30
15118,22,0,8,0,0,0,0,0,0,0,30
15119,29,0,8,0,0,0,0,0,0,0,37
15120,34,0,10,0,0,0,0,0,0,0,44
15121,31,0,9,0,0,0,0,0,0,0,40
15122,37,0,9,0,0,0,0,0,0,0,46
15123,29,0,12,0,0,0,0,0,0,0,41
15124,29,0,12,0,0,0,0,0,0,0,41
15125,39,0,11,0,0,0,0,0,0,0,50
15126,35,0,16,0,0,0,0,0,0,0,51
15127,27,0,17,0,0,0,0,0,0,0,44
15128,29,0,20,0,0,0,0,0,0,0,49
15129,32,0,18,0,0,0,0,0,0,0,50
15130,31,0,19,0,0,0,0,0,0,0,50
15131,30,0,16,0,0,0,0,0,0,0,46
15132,26,0,17,0,0,0,0,0,0,0,43
15133,31,0,14,0,0,0,0,0,0,0,45
15134,32,0,15,0,0,0,0,0,0,0,47
15135,45,0,15,0,0,0,0,0,0,0,60
15136,44,0,16,0,0,0,0,0,0,0,60
15137,45,0,17,0,0,0,0,0,0,0,62
15138,42,0,20,0,0,0,0,0,0,0,62
15139,36,0,25,0,0,0,0,0,0,0,61
15140,40,0,21,0,0,0,0,0,0,0,61
15141,42,0,21,0,0,0,0,0,0,0,63
15142,40,0,20,0,0,0,0,0,0,0,60
15143,39,0,17,0,0,0,0,0,0,0,56
15144,33,0,22,0,0,0,0,0,0,0,55
15145,41,0,17,0,0,0,0,0,0,0,58
15146,41,0,16,0,0,0,0,0,0,0,57
15147,41,2,17,0,0,0,0,0,0,0,60
15148,37,0,19,0,0,0,0,0,0,0,56
15149,44,1,17,0,0,0,0,0,0,0,62
15150,47,0,19,0,0,0,0,0,0,0,66
15151,45,0,19,0,0,0,0,0,0,0,64
15152,52,0,21,0,0,0,0,0,0,0,73
15153,53,0,19,0,0,0,0,0,0,0,72
15154,48,0,21,0,0,0,0,0,0,0,69
15155,50,0,18,0,0,0,0,0,0,0,68
15156,53,0,17,0,0,0,0,0,0,0,70
15157,58,0,18,0,0,0,0,0,0,0,76
15158,54,0,14,0,0,0,0,0,0,0,68
15159,51,0,19,0,0,0,0,0,0,0,70
15160,60,0,16,0,0,0,0,0,0,0,76
15161,63,0,16,0,0,0,0,0,0,0,79
15162,59,0,16,0,0,0,0,0,0,0,75
15163,62,1,11,0,0,0,0,0,0,0,74
15164,57,0,10,0,0,0,0,0,0,0,67
15165,58,0,8,0,0,0,0,0,0,0,66
15166,57,0,12,0,0,0,0,0,0,0,69
15167,50,0,6,0,0,0,0,0,0,0,56
15168,40,0,8,0,0,0,0,0,0,0,48
15169,50,0,2,0,0,0,0,0,0,0,52
15170,47,0,6,0,0,0,0,0,0,0,53
15171,54,0,4,0,0,0,0,0,0,0,58
15172,53,0,4,0,0,0,0,0,0,0,57
15173,53,0,3,0,0,0,0,0,0,0,56
15174,59,0,2,0,0,0,0,0,0,0,61
15175,55,0,7,0,0,0,0,0,0,0,62
15176,60,0,9,0,0,0,0,0,0,0,69
15177,49,0,13,0,0,0,0,0,0,0,62
15178,55,0,10,0,0,0,0,0,0,0,65
15179,61,0,7,0,0,0,0,0,0,0,68
15180,54,0,6,0,0,0,0,0,0,0,60
15181,51,0,8,0,0,0,0,0,0,0,59
15182,53,0,8,0,0,0,0,0,0,0,61
15183,49,0,5,0,0,0,0,0,0,0,54
15184,47,0,5,0,0,0,0,0,0,0,52
15185,46,0,2,0,0,0,0,0,0,0,48
15186,46,0,7,0,0,0,0,0,0,0,53
15187,34,0,2,0,0,0,0,0,0,0,36
15188,33,0,4,0,0,0,0,0,0,0,37
15189,36,0,4,0,0,0,0,0,0,0,40
15190,31,0,4,0,0,0,0,0,0,0,35
15191,22,0,3,0,0,0,0,0,0,0,25
15192,27,0,4,0,0,0,0,0,0,0,31
15193,31,0,8,0,0,0,0,0,0,0,39
15194,34,0,5,0,0,0,0,0,0,0,39
15195,34,0,4,0,0,0,0,0,0,0,38
15196,38,0,4,0,0,0,0,0,0,0,42
15197,39,0,5,0,0,0,0,0,0,0,44
15198,35,0,4,0,0,0,0,0,0,0,39
15199,32,0,4,0,0,0,0,0,0,0,36
15200,36,0,3,0,0,0,0,0,0,0,39
15201,40,0,1,0,0,0,0,0,0,0,41
15202,38,0,2,0,0,0,0,0,0,0,40
15203,35,0,8,0,0,0,0,0,0,0,43
15204,38,0,4,0,0,0,0,0,0,0,42
15205,40,0,4,0,0,0,0,0,0,0,44
15206,35,0,2,0,0,0,0,0,0,0,37
15207,32,0,2,0,0,0,0,0,0,0,34
15208,35,0,4,0,0,0,0,0,0,0,39
15209,33,0,4,0,0,0,0,0,0,0,37
15210,35,0,2,0,0,0,0,0,0,0,37
15211,36,0,5,0,0,0,0,0,0,0,41
15212,33,0,3,0,0,0,0,0,0,0,36
15213,33,0,7,0,0,0,0,0,0,0,40
15214,37,0,2,0,0,0,0,0,0,0,39
15215,37,0,3,0,0,0,0,0,0,0,40
15216,37,0,2,0,0,0,0,0,0,0,39
15217,39,0,5,0,0,0,0,0,0,0,44
15218,53,0,13,0,0,0,0,0,0,0,66
15219,62,0,22,0,0,0,0,0,0,0,84
15220,71,0,20,0,0,0,0,0,0,0,91
15221,63,0,19,0,0,0,0,0,0,0,82
15222,71,0,19,0,0,0,0,0,0,0,90
15223,63,0,18,0,0,0,0,0,0,0,81
15224,65,0,16,0,0,0,0,0,0,0,81
15225,64,0,15,0,0,0,0,0,0,0,79
15226,61,0,16,0,0,0,0,0,0,0,77
15227,57,0,18,0,0,0,0,0,0,0,75
15228,51,0,19,0,0,0,0,0,0,0,70
15229,55,0,27,0,0,0,0,0,0,0,82
15230,53,0,29,0,0,0,0,0,0,0,82
15231,56,0,28,0,0,0,0,0,0,0,84
15232,47,0,32,0,0,0,0,0,0,0,79
15233,52,0,28,0,0,0,0,0,0,0,80
15234,47,0,32,0,0,0,0,0,0,0,79
15235,62,0,29,0,0,0,0,0,0,0,91
15236,64,0,24,0,0,0,0,0,0,0,88
15237,70,1,25,0,0,0,0,0,0,0,96
15238,83,1,13,0,0,0,0,0,0,0,97
15239,71,0,14,0,0,0,0,0,0,0,85
15240,76,0,16,0,0,0,0,0,0,0,92
15241,80,0,14,0,0,0,0,0,0,0,94
15242,59,0,18,0,0,0,0,0,0,0,77
15243,76,0,17,0,0,0,0,0,0,0,93
15244,80,0,15,0,0,0,0,0,0,0,95
15245,63,0,20,0,0,0,0,0,0,0,83
15246,74,0,24,0,0,0,0,0,0,0,98
15247,77,0,26,0,0,0,0,0,0,0,103
15248,60,0,30,0,0,0,0,0,0,0,90
15249,64,0,26,0,0,0,0,0,0,0,90
15250,69,0,22,0,0,0,0,0,0,0,91
15251,81,0,26,0,0,0,0,0,0,0,107
15252,63,0,24,0,0,0,0,0,0,0,87
15253,63,0,28,0,0,0,0,0,0,0,91
15254,71,0,21,0,0,0,0,0,0,0,92
15255,68,0,21,0,0,0,0,0,0,0,89
15256,62,1,29,0,0,0,0,0,1,0,92
15257,46,0,27,0,0,0,0,0,0,0,73
15258,53,0,25,0,0,0,0,0,0,0,78
15259,60,2,26,0,0,0,0,0,0,0,88
15260,66,0,20,0,0,0,0,0,0,0,86
15261,49,1,24,0,0,0,0,0,0,0,74
15262,57,2,21,0,0,0,0,0,0,0,80
15263,61,1,20,0,0,0,0,0,0,0,82
15264,65,2,11,0,0,0,0,0,0,0,78
15265,69,4,11,0,0,0,0,0,0,0,84
15266,61,0,18,0,0,0,0,0,0,0,79
15267,51,1,28,0,0,0,0,0,0,0,80
15268,50,4,24,0,0,0,0,0,0,0,78
15269,55,1,28,0,0,0,0,0,0,0,84
15270,64,0,27,0,0,0,0,0,0,0,91
15271,62,0,25,0,0,0,0,0,0,0,87
15272,60,0,23,0,0,0,0,0,0,0,83
15273,63,1,16,0,0,0,0,0,0,0,80
15274,67,0,9,0,0,0,0,0,0,0,76
15275,67,0,9,0,0,0,0,0,0,0,76
15276,59,0,21,0,0,0,0,0,0,0,80
15277,50,0,13,0,0,0,0,0,0,0,63
15278,50,0,10,0,0,0,0,0,0,0,60
15279,51,0,7,0,0,0,0,0,0,0,58
15280,61,0,9,0,0,0,0,0,0,0,70
15281,52,0,9,0,0,0,0,0,0,0,61
15282,53,0,5,0,0,0,0,0,0,0,58
15283,52,0,8,0,0,0,0,0,0,0,60
15284,62,0,6,0,0,0,0,0,0,0,68
15285,67,0,3,0,0,0,0,0,0,0,70
15286,64,0,2,0,0,0,0,0,0,0,66
15287,72,0,7,0,0,0,0,0,0,0,79
15288,64,0,8,0,0,0,0,0,0,0,72
15289,62,0,8,0,0,0,0,0,0,0,70
15290,58,0,7,0,0,0,0,0,0,0,65
15291,54,0,11,0,0,0,0,0,0,0,65
15292,52,0,11,0,0,0,0,0,0,0,63
15293,56,0,15,0,0,0,0,0,0,0,71
15294,58,2,9,0,0,0,0,0,0,0,69
15295,62,1,18,0,0,0,0,0,0,0,81
15296,71,0,13,0,0,0,0,0,0,0,84
15297,66,2,5,0,0,0,0,0,0,0,73
15298,67,1,10,0,0,0,0,0,0,0,78
15299,69,0,14,0,0,0,0,0,0,0,83
15300,81,0,7,0,0,0,0,0,0,0,88
15301,77,2,6,0,0,0,0,0,0,0,85
15302,70,0,12,0,0,0,0,0,0,0,82
15303,62,2,5,0,0,0,0,0,0,0,69
15304,81,2,9,0,0,0,0,0,0,0,92
15305,80,1,8,0,0,0,0,0,0,0,89
15306,91,2,7,0,0,0,0,0,0,0,100
15307,94,2,8,0,0,0,0,0,0,0,104
15308,81,0,18,0,0,0,0,0,0,0,99
15309,76,0,13,0,0,0,0,0,0,0,89
15310,65,0,12,0,0,0,0,0,0,0,77
15311,72,0,9,0,0,0,0,0,0,0,81
15312,76,0,14,0,0,0,0,0,0,0,90
15313,88,0,5,0,0,0,0,0,0,0,93
15314,76,0,14,0,0,0,0,0,0,0,90
15315,83,0,13,0,0,0,0,0,0,0,96
15316,80,0,15,0,0,0,0,0,0,0,95
15317,77,0,11,0,0,0,0,0,0,0,88
15318,75,0,16,0,0,0,0,0,0,0,91
15319,72,0,20,0,0,0,0,0,0,0,92
15320,65,0,22,0,0,0,0,0,0,0,87
15321,60,0,28,0,0,0,0,0,0,0,88
15322,59,0,18,0,0,0,0,0,0,0,77
15323,65,0,23,0,0,0,0,0,0,0,88
15324,69,0,22,0,0,0,0,0,0,0,91
15325,63,0,11,0,0,0,0,0,0,0,74
15326,72,0,10,0,0,0,0,0,0,0,82
15327,74,0,21,0,0,0,0,0,0,0,95
15328,59,0,21,0,0,0,0,0,0,0,80
15329,59,0,17,0,0,0,0,0,0,0,76
15330,57,0,11,0,0,0,0,0,0,0,68
15331,50,0,9,0,0,0,0,0,0,0,59
15332,43,1,10,0,0,0,0,0,0,0,54
15333,47,3,17,0,0,0,0,0,0,0,67
15334,35,0,24,0,0,0,0,0,0,0,59
15335,47,2,12,0,0,0,0,0,0,0,61
15336,42,3,14,0,0,0,0,0,0,0,59
15337,45,3,10,0,0,0,0,0,0,0,58
15338,45,3,5,0,0,0,0,0,0,0,53
15339,45,4,5,0,0,0,0,0,0,0,54
15340,46,1,8,0,0,0,0,0,0,0,55
15341,46,0,8,0,0,0,0,0,0,0,54
15342,49,0,6,0,0,0,0,0,0,0,55
15343,55,0,6,0,0,0,0,0,0,0,61
15344,51,0,10,0,0,0,0,0,0,0,61
15345,52,0,11,0,0,0,0,0,0,0,63
15346,54,0,10,0,0,0,0,0,0,0,64
15347,59,0,11,0,0,0,0,0,0,0,70
15348,57,0,8,0,0,0,0,0,0,0,65
15349,48,0,14,0,0,0,0,0,0,0,62
15350,56,0,13,0,0,0,0,0,0,0,69
15351,52,0,14,0,0,0,0,0,0,0,66
15352,61,0,10,0,0,0,0,0,0,0,71
15353,45,0,9,0,0,0,0,0,0,0,54
15354,49,0,6,0,0,0,0,0,0,0,55
15355,38,0,8,0,0,0,0,0,0,0,46
15356,52,0,10,0,0,0,0,0,0,0,62
15357,42,0,12,0,0,0,0,0,0,0,54
15358,41,0,19,0,0,0,0,0,0,0,60
15359,45,0,13,0,0,0,0,0,0,0,58
15360,47,0,11,0,0,0,0,0,0,0,58
15361,42,0,13,0,0,0,0,0,0,0,55
15362,46,0,13,0,0,0,0,0,0,0,59
15363,57,0,10,0,0,0,0,0,0,0,67
15364,50,0,6,0,0,0,0,0,0,0,56
15365,56,0,5,0,0,0,0,0,0,0,61
15366,63,0,8,0,0,0,0,0,0,0,71
15367,46,1,11,0,0,0,0,0,2,0,58
15368,55,4,7,0,0,0,0,0,1,0,66
15369,58,10,5,0,0,0,0,0,1,0,73
15370,43,10,5,0,0,0,0,0,1,0,58
15371,52,10,5,0,0,0,0,0,0,0,67
15372,47,10,7,0,0,0,0,0,0,0,64
15373,33,10,9,0,0,0,0,0,0,0,52
15374,63,10,7,0,0,0,0,0,0,0,80
15375,46,11,7,0,0,0,0,0,0,0,64
15376,53,7,10,0,0,0,0,0,0,0,70
15377,52,5,11,0,0,0,0,0,0,0,68
15378,64,3,12,0,0,0,0,0,0,0,79
15379,69,1,12,0,0,0,0,0,0,0,82
15380,73,3,12,0,0,0,0,0,0,0,88
15381,66,5,13,0,0,0,0,0,0,0,84
15382,68,4,19,0,0,0,0,0,0,0,91
15383,63,4,20,0,0,0,0,0,0,0,87
15384,59,2,21,0,0,0,0,0,0,0,82
15385,58,1,20,0,0,0,0,0,0,0,79
15386,63,3,19,0,0,0,0,0,0,0,85
15387,54,1,17,0,0,0,0,0,0,0,72
15388,52,2,21,0,0,0,0,0,0,0,75
15389,56,0,27,0,0,0,0,0,0,0,83
15390,43,0,28,0,0,0,0,0,0,0,71
15391,49,0,16,0,0,0,0,0,0,0,65
15392,50,0,22,0,0,0,0,0,0,0,72
15393,49,1,24,0,0,0,0,0,0,0,74
15394,49,3,18,0,0,0,0,0,0,0,70
15395,54,6,21,0,0,0,0,0,0,0,81
15396,53,5,20,0,0,0,0,0,0,0,78
15397,57,3,18,0,0,0,0,0,0,0,78
15398,67,0,22,0,0,0,0,0,0,0,89
15399,75,3,17,0,0,0,0,0,0,0,95
15400,65,2,25,0,0,0,0,0,0,0,92
15401,75,0,17,0,0,0,0,0,0,0,92
15402,80,1,18,0,0,0,0,0,0,0,99
15403,80,0,15,0,0,0,0,0,0,0,95
15404,75,1,18,0,0,0,0,0,0,0,94
15405,77,0,18,0,0,0,0,0,0,0,95
15406,79,0,17,0,0,0,0,0,0,0,96
15407,74,0,15,0,0,0,0,0,0,0,89
15408,74,2,14,0,0,0,0,0,0,0,90
15409,73,2,16,0,0,0,0,0,0,0,91
15410,68,1,17,0,0,0,0,0,0,0,86
15411,70,1,18,0,0,0,0,0,0,0,89
15412,71,0,20,0,0,0,0,0,0,0,91
15413,79,2,15,0,0,0,0,0,0,0,96
15414,74,1,19,0,0,0,0,0,0,0,94
15415,62,0,20,0,0,0,0,0,0,0,82
15416,69,0,20,0,0,0,0,0,0,0,89
15417,76,2,20,0,0,0,0,0,0,0,98
15418,76,3,18,0,0,0,0,0,0,0,97
15419,75,0,24,0,0,0,0,0,0,0,99
15420,66,0,27,0,0,0,0,0,0,0,93
15421,79,0,27,0,0,0,0,0,0,0,106
15422,71,0,23,0,0,0,0,0,0,0,94
15423,73,3,15,0,0,0,0,0,0,0,91
15424,77,2,22,0,0,0,0,0,0,0,101
15425,74,5,16,0,0,0,0,0,0,0,95
15426,64,4,15,0,0,0,0,0,0,0,83
15427,62,2,21,0,0,0,0,0,0,0,85
15428,60,0,18,0,0,0,0,0,0,0,78
15429,70,0,17,0,0,0,0,0,0,0,87
15430,60,0,15,0,0,0,0,0,0,0,75
15431,68,0,14,0,0,0,0,0,0,0,82
15432,86,0,16,0,0,0,0,0,0,0,102
15433,68,0,18,0,0,0,0,0,0,0,86
15434,63,0,12,0,0,0,0,0,0,0,75
15435,75,0,9,0,0,0,0,0,0,0,84
15436,75,0,10,0,0,0,0,0,0,0,85
15437,78,0,10,0,0,0,0,0,0,0,88
15438,61,0,14,0,0,0,0,0,0,0,75
15439,66,0,6,0,0,0,0,0,0,0,72
15440,52,0,14,0,0,0,0,0,0,0,66
15441,47,0,14,0,0,0,0,0,0,0,61
15442,56,0,12,0,0,0,0,0,0,0,68
15443,44,0,12,0,0,0,0,0,0,0,56
15444,49,0,19,0,0,0,0,0,0,0,68
15445,50,0,16,0,0,0,0,0,0,0,66
15446,50,0,12,0,0,0,0,0,0,0,62
15447,41,0,13,0,0,0,0,0,0,0,54
15448,48,0,15,0,0,0,0,0,0,0,63
15449,40,0,12,0,0,0,0,0,0,0,52
15450,49,0,19,0,0,0,0,0,0,0,68
15451,54,0,14,0,0,0,0,0,0,0,68
15452,47,0,16,0,0,0,0,0,0,0,63
15453,55,0,15,0,0,0,0,0,0,0,70
15454,55,0,10,0,0,0,0,0,0,0,65
15455,55,0,17,0,0,0,0,0,0,0,72
15456,46,0,15,0,0,0,0,0,0,0,61
15457,48,0,21,0,0,0,0,0,0,0,69
15458,42,0,21,0,0,0,0,0,0,0,63
15459,53,0,21,0,0,0,0,0,0,0,74
15460,38,0,17,0,0,0,0,0,0,0,55
15461,34,0,16,0,0,0,0,0,0,0,50
15462,31,1,23,0,0,0,0,0,0,0,55
15463,37,4,17,0,0,0,0,0,0,0,58
15464,42,0,25,0,0,0,0,0,0,0,67
15465,29,0,21,0,0,0,0,0,0,0,50
15466,28,0,20,0,0,0,0,0,0,0,48
15467,42,0,21,0,0,0,0,0,0,0,63
15468,35,0,24,0,0,0,0,0,0,0,59
15469,42,0,20,0,0,0,0,0,0,0,62
15470,50,0,23,0,0,0,0,0,0,0,73
15471,64,0,20,0,0,0,0,0,0,0,84
15472,55,0,17,0,0,0,0,0,0,0,72
15473,56,1,20,0,0,0,0,0,0,0,77
15474,43,4,23,0,0,0,0,0,0,0,70
15475,59,3,22,0,0,0,0,0,0,0,84
15476,46,0,29,0,0,0,0,0,0,0,75
15477,48,0,28,0,0,0,0,0,0,0,76
15478,55,1,27,0,0,0,0,0,0,0,83
15479,48,0,27,0,0,0,0,0,0,0,75
15480,48,0,24,0,0,0,0,0,0,0,72
15481,48,1,26,0,0,0,0,0,0,0,75
15482,56,0,18,0,0,0,0,0,0,0,74
15483,53,0,16,0,0,0,0,0,0,0,69
15484,50,1,20,0,0,0,0,0,0,0,71
15485,47,0,20,0,0,0,0,0,0,0,67
15486,53,0,25,0,0,0,0,0,0,0,78
15487,62,1,19,0,0,0,0,0,0,0,82
15488,61,1,16,0,0,0,0,0,0,0,78
15489,55,5,15,0,0,0,0,0,0,0,75
15490,58,5,16,0,0,0,0,0,0,0,79
15491,60,2,19,0,0,0,0,0,0,0,81
15492,75,4,17,0,0,0,0,0,0,0,96
15493,65,1,25,0,0,0,0,0,0,0,91
15494,69,0,33,0,0,0,0,0,0,0,102
15495,84,0,23,0,0,0,0,0,0,0,107
15496,74,0,22,0,0,0,0,0,0,0,96
15497,66,0,20,0,0,0,0,0,0,0,86
15498,73,0,23,0,0,0,0,0,0,0,96
15499,64,1,18,0,0,0,0,0,0,0,83
15500,74,0,20,0,0,0,0,0,0,0,94
15501,74,1,20,0,0,0,0,0,0,0,95
15502,69,0,25,0,0,0,0,0,0,0,94
15503,73,2,22,0,0,0,0,0,0,0,97
15504,70,0,27,0,0,0,0,0,0,0,97
15505,68,1,28,0,0,0,0,0,0,0,97
15506,60,1,26,0,0,0,0,0,0,0,87
15507,57,0,31,0,0,0,0,0,0,0,88
15508,57,4,22,0,0,0,0,0,0,0,83
15509,60,0,24,0,0,0,0,0,0,0,84
15510,69,1,23,0,0,0,0,0,0,0,93
15511,69,0,19,0,0,0,0,0,0,0,88
15512,69,0,14,0,0,0,0,0,0,0,83
15513,71,2,17,0,0,0,0,0,0,0,90
15514,78,3,14,0,0,0,0,0,0,0,95
15515,66,0,15,0,0,0,0,0,0,0,81
15516,72,0,14,0,0,0,0,0,0,0,86
15517,73,0,24,0,0,0,0,0,0,0,97
15518,47,0,10,0,0,0,0,0,0,0,57
15519,43,0,8,0,0,0,0,0,0,0,51
15520,54,0,6,0,0,0,0,0,0,0,60
15521,53,0,9,0,0,0,0,0,0,0,62
15522,54,0,11,0,0,0,0,0,0,0,65
15523,67,0,10,0,0,0,0,0,0,0,77
15524,48,0,8,0,0,0,0,0,0,0,56
15525,39,1,6,0,0,0,0,0,0,0,46
15526,49,2,4,0,0,0,0,0,0,0,55
15527,50,0,4,0,0,0,0,0,0,0,54
15528,48,0,9,0,0,0,0,0,0,0,57
15529,56,0,4,0,0,0,0,0,0,0,60
15530,53,0,7,0,0,0,0,0,0,0,60
15531,44,0,8,0,0,0,0,0,0,0,52
15532,40,0,5,0,0,0,0,0,0,0,45
15533,44,0,7,0,0,0,0,0,0,0,51
15534,42,0,10,0,0,0,0,0,0,0,52
15535,43,0,11,0,0,0,0,0,0,0,54
15536,51,1,15,0,0,0,0,0,0,0,67
15537,49,3,11,0,0,0,0,0,0,0,63
15538,46,1,12,0,0,0,0,0,0,0,59
15539,50,0,10,0,0,0,0,0,0,0,60
15540,45,0,9,0,0,0,0,0,0,0,54
15541,37,1,9,0,0,0,0,0,0,0,47
15542,44,1,6,0,0,0,0,0,0,0,51
15543,55,0,8,0,0,0,0,0,0,0,63
15544,52,0,4,0,0,0,0,0,0,0,56
15545,55,0,4,0,0,0,0,0,0,0,59
15546,37,0,13,0,0,0,0,0,0,0,50
15547,36,0,5,0,0,0,0,0,0,0,41
15548,26,0,9,0,0,0,0,0,0,0,35
15549,32,0,11,0,0,0,0,0,0,0,43
15550,30,0,10,0,0,0,0,0,0,0,40
15551,26,1,10,0,0,0,0,0,0,0,37
15552,22,2,10,0,0,0,0,0,0,0,34
15553,33,0,13,0,0,0,0,0,0,0,46
15554,30,0,13,0,0,0,0,0,0,0,43
15555,30,0,14,0,0,0,0,0,0,0,44
15556,33,0,16,0,0,0,0,0,0,0,49
15557,40,0,17,0,0,0,0,0,0,0,57
15558,28,0,16,0,0,0,0,0,0,0,44
15559,36,0,14,0,0,0,0,0,0,0,50
15560,41,1,8,0,0,0,0,0,0,0,50
15561,33,0,8,0,0,0,0,0,0,0,41
15562,35,0,8,0,0,0,0,0,0,0,43
15563,32,0,9,0,0,0,0,0,0,0,41
15564,32,2,9,0,0,0,0,0,0,0,43
15565,37,2,9,0,0,0,0,0,0,0,48
15566,32,0,11,0,0,0,0,0,0,0,43
15567,36,0,10,0,0,0,0,0,0,0,46
15568,31,0,11,0,0,0,0,0,0,0,42
15569,45,0,7,0,0,0,0,0,0,0,52
15570,37,0,7,0,0,0,0,0,0,0,44
15571,33,0,5,0,0,0,1,0,0,0,39
15572,46,1,12,0,0,0,2,0,0,0,61
15573,41,0,12,0,0,0,1,0,0,0,54
15574,42,0,8,0,0,0,0,0,0,0,50
15575,41,1,17,0,0,0,0,0,0,0,59
15576,38,0,18,0,0,0,1,0,0,0,57
15577,42,0,19,0,0,0,0,0,0,0,61
15578,48,0,18,0,0,0,0,0,0,0,66
15579,40,0,23,0,0,0,0,0,0,0,63
15580,47,0,12,0,0,0,0,0,0,0,59
15581,45,0,9,0,0,0,0,0,0,0,54
15582,38,0,14,0,0,0,0,0,0,0,52
15583,46,0,16,0,0,0,0,0,0,0,62
15584,57,0,18,0,0,0,0,0,0,0,75
15585,43,0,19,0,0,0,0,0,0,0,62
15586,58,0,17,0,0,0,0,0,0,0,75
15587,59,0,13,0,0,0,0,0,0,0,72
15588,61,0,14,0,0,0,0,0,0,0,75
15589,56,0,11,0,0,0,0,0,0,0,67
15590,45,0,14,0,0,0,0,0,0,0,59
15591,44,0,13,0,0,0,0,0,0,0,57
15592,49,0,11,0,0,0,0,0,0,0,60
15593,47,0,11,0,0,0,0,0,0,0,58
15594,41,0,16,0,0,0,0,0,0,0,57
15595,56,0,13,0,0,0,0,0,0,0,69
15596,59,0,12,0,0,0,0,0,0,0,71
15597,55,0,11,0,0,0,0,0,0,0,66
15598,58,0,9,0,0,0,0,0,0,0,67
15599,52,0,9,0,0,0,0,0,0,0,61
15600,59,0,9,0,0,0,0,0,0,0,68
15601,45,0,10,0,0,0,0,0,0,0,55
15602,55,0,10,0,0,0,0,0,0,0,65
15603,49,0,8,0,0,0,0,0,0,0,57
15604,49,0,12,0,0,0,0,0,0,0,61
15605,57,0,11,0,0,0,0,0,0,0,68
15606,54,0,13,0,0,0,0,0,0,0,67
15607,61,0,11,0,0,0,0,0,0,0,72
15608,65,0,10,0,0,0,0,0,0,0,75
15609,63,0,11,0,0,0,0,0,0,0,74
15610,71,0,7,0,0,0,0,0,0,0,78
15611,65,0,7,0,0,0,0,0,0,0,72
15612,69,0,8,0,0,0,0,0,0,0,77
15613,61,0,5,0,0,0,0,0,0,0,66
15614,58,0,9,0,0,0,0,0,0,0,67
15615,63,0,8,0,0,0,0,0,0,0,71
15616,65,0,7,0,0,0,0,0,0,0,72
15617,62,0,6,0,0,0,0,0,0,0,68
15618,66,0,6,0,0,0,0,0,0,0,72
15619,69,0,8,0,0,0,0,0,0,0,77
15620,64,0,9,0,0,0,0,0,0,0,73
15621,68,0,6,0,0,0,0,0,0,0,74
15622,67,0,7,0,0,0,0,0,0,0,74
15623,71,0,6,0,0,0,0,0,0,0,77
15624,67,0,6,0,0,0,0,0,0,0,73
15625,59,0,8,0,0,0,0,0,0,0,67
15626,65,0,10,0,0,0,0,0,0,0,75
15627,68,0,6,0,0,0,0,0,0,0,74
15628,60,0,9,0,0,0,0,0,0,0,69
15629,63,0,5,0,0,0,0,0,0,0,68
15630,59,0,5,0,0,0,0,0,0,0,64
15631,56,0,6,0,0,0,0,0,0,0,62
15632,58,0,7,0,0,0,0,0,0,0,65
15633,51,0,12,0,0,0,0,0,0,0,63
15634,50,0,8,0,0,0,0,0,2,0,58
15635,43,0,5,0,0,0,0,0,0,0,48
15636,45,0,3,0,0,0,0,0,1,0,48
15637,47,0,1,0,0,0,0,0,3,0,48
15638,53,0,3,0,0,0,0,0,3,0,56
15639,50,0,8,0,0,0,0,0,2,0,58
15640,52,0,5,0,0,0,0,0,3,0,57
15641,56,0,4,0,0,0,0,0,2,0,60
15642,58,0,4,0,0,0,0,0,1,0,62
15643,51,0,4,0,0,0,0,0,3,0,55
15644,42,0,4,0,0,0,0,0,2,0,46
15645,46,0,6,0,0,0,0,0,3,0,52
15646,44,0,5,0,0,0,0,0,2,0,49
15647,49,0,5,0,0,0,0,0,3,0,54
15648,53,0,5,0,0,0,0,0,4,0,58
15649,59,0,7,0,0,0,0,0,2,0,66
15650,57,0,3,0,0,0,0,0,0,0,60
15651,55,0,6,0,0,0,0,0,2,0,61
15652,49,0,4,0,0,0,0,0,2,0,53
15653,54,0,6,0,0,0,0,0,4,0,60
15654,59,0,5,0,0,0,0,0,2,0,64
15655,52,0,8,0,0,0,0,0,3,0,60
15656,57,0,5,0,0,0,0,0,0,0,62
15657,47,0,13,0,0,0,0,0,2,0,60
15658,44,0,14,0,0,0,0,0,1,0,58
15659,50,0,8,0,0,0,0,0,2,0,58
15660,41,0,8,0,0,0,0,0,1,0,49
15661,48,0,3,0,0,0,0,0,1,0,51
15662,61,0,2,0,0,0,0,0,0,0,63
15663,68,0,1,0,0,0,0,0,0,0,69
15664,70,0,1,0,0,0,0,0,0,0,71
15665,63,0,1,0,0,0,0,0,0,0,64
15666,62,0,0,0,0,0,0,0,0,0,62
15667,62,0,3,0,0,0,0,0,0,0,65
15668,55,0,2,0,0,0,0,0,0,0,57
15669,52,0,4,0,0,0,0,0,0,0,56
15670,60,0,3,0,0,0,0,0,0,0,63
15671,57,0,0,0,0,0,0,0,0,0,57
15672,61,0,0,0,0,0,0,0,0,0,61
15673,57,0,0,0,0,0,0,0,0,0,57
15674,55,0,0,0,0,0,0,0,0,0,55
15675,59,0,0,0,0,0,0,0,0,0,59
15676,52,0,2,0,0,0,0,0,0,0,54
15677,55,0,4,0,0,0,0,0,0,0,59
15678,54,0,3,0,0,0,0,0,0,0,57
15679,57,0,2,0,0,0,0,0,0,0,59
15680,51,0,4,0,0,0,0,0,0,0,55
15681,50,0,5,0,0,0,0,0,0,0,55
15682,49,0,4,0,0,0,0,0,0,0,53
15683,50,0,5,0,0,0,0,0,0,0,55
15684,53,0,4,0,0,0,0,0,0,0,57
15685,53,0,8,0,0,0,0,0,0,0,61
15686,55,0,9,0,0,0,0,0,0,0,64
15687,44,0,5,0,0,0,0,0,0,0,49
15688,42,0,10,0,0,0,0,0,0,0,52
15689,36,0,14,0,0,0,0,0,0,0,50
15690,37,0,15,0,0,0,0,0,0,0,52
15691,38,0,12,0,0,0,0,0,0,0,50
15692,40,0,11,0,0,0,0,0,0,0,51
15693,44,1,14,0,0,0,0,0,0,0,59
15694,46,0,15,0,0,0,0,0,0,0,61
15695,44,0,16,0,0,0,0,0,0,0,60
15696,51,0,13,0,0,0,0,0,0,0,64
15697,41,0,13,0,0,0,0,0,0,0,54
15698,43,1,9,0,0,0,0,0,0,0,53
15699,44,1,11,0,0,0,0,0,0,0,56
15700,47,0,12,0,0,0,0,0,0,0,59
15701,47,0,14,0,0,0,0,0,0,0,61
15702,42,0,14,0,0,0,0,0,0,0,56
15703,35,0,16,0,0,0,0,0,0,0,51
15704,38,0,14,0,0,0,0,0,0,0,52
15705,43,0,16,0,0,0,0,0,0,0,59
15706,41,0,14,0,0,0,0,0,0,0,55
15707,44,0,16,0,0,0,0,0,0,0,60
15708,45,0,18,0,0,0,0,0,0,0,63
15709,44,0,18,0,0,0,0,0,0,0,62
15710,47,0,16,0,0,0,0,0,0,0,63
15711,43,0,17,0,0,0,0,0,0,0,60
15712,49,0,14,0,0,0,0,0,0,0,63
15713,44,0,12,0,0,0,0,0,0,0,56
15714,56,0,11,0,0,0,0,0,0,0,67
15715,65,0,13,0,0,0,0,0,0,0,78
15716,65,0,12,0,0,0,0,0,0,0,77
15717,65,0,13,0,0,0,0,0,0,0,78
15718,66,0,14,0,0,0,0,0,0,0,80
15719,66,0,9,0,0,0,0,0,0,0,75
15720,68,0,10,0,0,0,0,0,0,0,78
15721,71,0,5,0,0,0,0,0,0,0,76
15722,73,0,7,0,0,0,0,0,0,0,80
15723,72,0,9,0,0,0,0,0,0,0,81
15724,75,0,11,0,0,0,0,0,0,0,86
15725,67,0,7,0,0,0,0,0,0,0,74
15726,71,0,8,0,0,0,0,0,0,0,79
15727,76,0,8,0,0,0,0,0,0,0,84
15728,72,0,7,0,0,0,0,0,0,0,79
15729,78,0,7,0,0,0,0,0,0,0,85
15730,72,0,5,0,0,0,0,0,0,0,77
15731,73,0,3,0,0,0,0,0,0,0,76
15732,75,0,1,0,0,0,0,0,0,0,76
15733,74,0,1,0,0,0,0,0,0,0,75
15734,69,0,1,0,0,0,0,0,0,0,70
15735,70,0,0,0,0,0,0,0,0,0,70
15736,77,0,0,0,0,0,0,0,0,0,77
15737,73,0,2,0,0,0,0,0,0,0,75
15738,72,0,1,0,0,0,0,0,0,0,73
15739,75,0,0,0,0,0,0,0,0,0,75
15740,70,0,0,0,0,0,0,0,0,0,70
15741,63,0,4,0,0,0,0,0,0,0,67
15742,71,0,2,0,0,0,0,0,0,0,73
15743,69,0,3,0,0,0,0,0,0,0,72
15744,63,0,1,0,0,0,0,0,0,0,64
15745,59,0,0,0,0,0,0,0,0,0,59
15746,55,0,1,0,0,0,0,0,0,0,56
15747,53,0,0,0,0,0,0,0,0,0,53
15748,54,0,1,0,0,0,0,0,0,0,55
15749,45,0,3,0,0,0,0,0,0,0,48
15750,48,0,0,0,0,0,0,0,0,0,48
15751,49,0,1,0,0,0,0,0,0,0,50
15752,49,0,0,0,0,0,0,0,0,0,49
15753,49,0,0,0,0,0,0,0,0,0,49
15754,52,0,0,0,0,0,0,0,0,0,52
15755,52,0,0,0,0,0,0,0,0,0,52
15756,47,0,3,0,0,0,0,0,0,0,50
15757,49,0,6,0,0,0,0,0,0,0,55
15758,54,0,5,0,0,0,0,0,0,0,59
15759,57,0,5,0,0,0,0,0,0,0,62
15760,58,0,8,0,0,0,0,0,0,0,66
15761,63,0,7,0,0,0,0,0,0,0,70
15762,61,0,5,0,0,0,0,0,0,0,66
15763,63,0,8,0,0,0,0,0,0,0,71
15764,58,0,4,0,0,0,0,0,0,0,62
15765,54,0,5,0,0,0,0,0,0,0,59
15766,46,0,4,0,0,0,0,0,0,0,50
15767,54,0,5,0,0,0,0,0,0,0,59
15768,55,0,6,0,0,0,0,0,0,0,61
15769,60,0,5,0,0,0,0,0,0,0,65
15770,56,1,3,0,0,0,0,0,0,0,60
15771,59,0,5,0,0,0,0,0,0,0,64
15772,59,0,4,0,0,0,0,0,0,0,63
15773,61,0,4,0,0,0,0,0,0,0,65
15774,58,0,4,0,0,0,0,0,0,0,62
15775,48,0,5,0,0,0,0,0,0,0,53
15776,47,0,9,0,0,0,0,0,0,0,56
15777,44,0,10,0,0,0,0,0,0,0,54
15778,56,0,11,0,0,0,0,0,0,0,67
15779,45,0,12,0,0,0,0,0,0,0,57
15780,42,0,12,0,0,0,0,0,0,0,54
15781,40,4,10,0,0,0,0,0,0,0,54
15782,39,4,12,0,0,0,0,0,0,0,55
15783,27,4,12,0,0,0,0,0,0,0,43
15784,26,4,12,0,0,0,0,0,0,0,42
15785,24,7,11,0,0,0,0,0,0,0,42
15786,30,5,15,0,0,0,0,0,0,0,50
15787,25,4,20,0,0,0,0,0,0,0,49
15788,39,4,18,0,0,0,0,0,0,0,61
15789,44,4,16,0,0,0,0,0,0,0,64
15790,38,5,16,0,0,0,0,0,0,0,59
15791,34,4,19,0,0,0,0,0,0,0,57
15792,29,5,18,0,0,0,0,0,0,0,52
15793,31,4,17,0,0,0,0,0,0,0,52
15794,38,4,19,0,0,0,0,0,0,0,61
15795,35,4,20,0,0,0,0,0,0,0,59
15796,34,4,21,0,0,0,0,0,0,0,59
15797,41,4,19,0,0,0,0,0,0,0,64
15798,42,4,16,0,0,0,0,0,0,0,62
15799,36,4,21,0,0,0,0,0,0,0,61
15800,26,4,21,0,0,0,0,0,0,0,51
15801,27,5,24,0,0,0,0,0,0,0,56
15802,25,4,24,0,0,0,0,0,0,0,53
15803,21,4,24,0,0,0,0,0,0,0,49
15804,34,6,22,0,0,0,0,0,0,0,62
15805,28,6,19,0,0,0,0,0,0,0,53
15806,28,4,22,0,0,0,0,0,0,0,54
15807,25,6,19,0,0,0,0,0,0,0,50
15808,29,7,17,0,0,0,0,0,0,0,53
15809,28,8,16,0,0,0,0,0,0,0,52
15810,21,4,20,0,0,0,0,0,0,0,45
15811,24,5,22,0,0,0,0,0,0,0,51
15812,33,5,21,0,0,0,0,0,0,0,59
15813,29,4,20,0,0,0,0,0,0,0,53
15814,42,4,22,0,0,0,0,0,0,0,68
15815,38,5,24,0,0,0,0,0,0,0,67
15816,41,4,24,0,0,0,0,0,0,0,69
15817,29,4,25,0,0,0,0,0,0,0,58
15818,30,4,24,0,0,0,0,0,0,0,58
15819,27,4,25,0,0,0,1,0,0,0,57
15820,26,4,24,0,0,0,3,0,1,0,57
15821,30,8,19,0,0,0,4,0,2,0,61
15822,31,5,18,0,0,0,3,0,0,0,57
15823,36,6,15,0,0,0,4,0,0,0,61
15824,32,6,17,0,0,0,3,0,0,0,58
15825,32,4,19,0,0,0,2,0,0,0,57
15826,34,4,17,0,0,0,4,0,1,0,59
15827,27,6,10,0,0,0,1,0,1,0,44
15828,26,5,10,0,0,0,2,0,3,0,43
15829,29,3,13,0,0,0,1,0,0,0,46
15830,36,4,9,0,0,0,4,0,0,0,53
15831,41,4,6,0,0,0,2,0,1,0,53
15832,35,5,5,0,0,0,2,0,0,0,47
15833,34,4,8,0,0,0,1,0,0,0,47
15834,33,4,12,0,0,0,3,0,0,0,52
15835,39,4,11,0,0,0,0,0,0,0,54
15836,44,4,12,0,0,0,0,0,0,0,60
15837,45,4,4,0,0,0,0,0,1,0,53
15838,48,4,4,0,0,0,0,0,0,0,56
15839,43,4,5,0,0,0,0,0,0,0,52
15840,38,4,4,0,0,0,0,0,0,0,46
15841,45,4,7,0,0,0,0,0,0,0,56
15842,52,4,11,0,0,0,0,0,0,0,67
15843,46,4,9,0,0,0,0,0,0,0,59
15844,48,4,7,0,0,0,0,0,0,0,59
15845,46,4,9,0,0,0,0,0,0,0,59
15846,46,4,6,0,0,0,0,0,1,0,56
15847,44,4,5,0,0,0,0,0,0,0,53
15848,46,4,6,0,0,0,0,0,0,0,56
15849,49,4,7,0,0,0,0,0,0,0,60
15850,49,4,7,0,0,0,0,0,0,0,60
15851,45,4,7,0,0,0,0,0,0,0,56
15852,58,4,7,0,0,0,0,0,0,0,69
15853,57,4,7,0,0,0,0,0,0,0,68
15854,57,4,8,0,0,0,0,0,0,0,69
15855,61,4,8,0,0,0,0,0,0,0,73
15856,57,4,7,0,0,0,0,0,0,0,68
15857,52,4,8,0,0,0,0,0,0,0,64
15858,51,4,8,0,0,0,0,0,0,0,63
15859,53,3,12,0,0,0,0,0,0,0,68
15860,57,4,14,0,0,0,0,0,0,0,75
15861,63,4,9,0,0,0,0,0,0,0,76
15862,65,3,15,0,0,0,0,0,0,0,83
15863,66,4,12,0,0,0,0,0,0,0,82
15864,68,4,9,0,0,0,0,0,0,0,81
15865,62,4,8,0,0,0,0,0,0,0,74
15866,63,4,9,0,0,0,0,0,0,0,76
15867,60,4,10,0,0,0,0,0,0,0,74
15868,67,4,10,0,0,0,0,0,0,0,81
15869,62,4,8,0,0,0,0,0,0,0,74
15870,54,3,10,0,0,0,0,0,0,0,67
15871,53,0,12,0,0,0,0,0,0,0,65
15872,45,0,15,0,0,0,0,0,0,0,60
15873,48,0,14,0,0,0,0,0,0,0,62
15874,47,0,16,0,0,0,0,0,0,0,63
15875,41,1,19,0,0,0,0,0,0,0,61
15876,46,0,17,0,0,0,0,0,0,0,63
15877,48,1,17,0,0,0,0,0,0,0,66
15878,45,0,16,0,0,0,0,0,0,0,61
15879,51,1,16,0,0,0,0,0,0,0,68
15880,49,2,12,0,0,0,0,0,0,0,63
15881,45,0,9,0,0,0,0,0,0,0,54
15882,48,0,9,0,0,0,0,0,0,0,57
15883,43,0,14,0,0,0,0,0,0,0,57
15884,47,0,13,0,0,0,0,0,0,0,60
15885,41,0,14,0,0,0,0,0,0,0,55
15886,41,0,9,0,0,0,0,0,0,0,50
15887,42,0,6,0,0,0,0,0,0,0,48
15888,43,0,4,0,0,0,0,0,0,0,47
15889,44,0,5,0,0,0,0,0,0,0,49
15890,38,0,4,0,0,0,0,0,0,0,42
15891,44,0,4,0,0,0,0,0,0,0,48
15892,42,1,9,0,0,0,0,0,0,0,52
15893,43,0,8,0,0,0,0,0,0,0,51
15894,47,0,8,0,0,0,0,0,0,0,55
15895,42,0,10,0,0,0,0,0,0,0,52
15896,43,1,11,0,0,0,0,0,0,0,55
15897,48,0,8,0,0,0,0,0,0,0,56
15898,42,0,9,0,0,0,0,0,0,0,51
15899,37,0,8,0,0,0,0,0,0,0,45
15900,38,0,10,0,0,0,0,0,0,0,48
15901,35,0,8,0,0,0,0,0,0,0,43
15902,36,0,8,0,0,0,0,0,0,0,44
15903,40,0,5,0,0,0,0,0,0,0,45
15904,44,0,8,0,0,0,0,0,0,0,52
15905,19,0,7,0,0,0,0,0,0,0,26
15906,21,0,8,0,0,0,0,0,0,0,29
15907,36,0,6,0,0,0,0,0,0,0,42
15908,28,0,6,0,0,0,0,0,0,0,34
15909,31,0,5,0,0,0,0,0,0,0,36
15910,36,0,3,0,0,0,0,0,0,0,39
15911,33,0,3,0,0,0,0,0,0,0,36
15912,27,0,7,0,0,0,0,0,0,0,34
15913,37,0,4,0,0,0,0,0,0,0,41
15914,25,0,3,0,0,0,0,0,0,0,28
15915,20,0,4,0,0,0,2,0,0,0,26
15916,22,0,4,0,0,0,2,0,0,0,28
15917,27,0,4,0,0,0,0,0,0,0,31
15918,37,0,1,0,0,0,0,0,0,0,38
15919,31,0,0,0,0,0,0,0,0,0,31
15920,27,0,1,0,0,0,0,0,0,0,28
15921,21,0,0,0,0,0,0,0,0,0,21
15922,29,0,0,0,0,0,0,0,0,0,29
15923,27,0,3,0,0,0,0,0,0,0,30
15924,27,0,3,0,0,0,0,0,0,0,30
15925,20,0,3,0,0,0,0,0,0,0,23
15926,9,0,4,0,0,0,0,0,0,0,13
15927,13,0,4,0,0,0,0,0,0,0,17
15928,21,0,3,0,0,0,0,0,0,0,24
15929,17,0,0,0,0,0,0,0,0,0,17
15930,15,0,3,0,0,0,0,0,0,0,18
15931,11,0,4,0,0,0,0,0,0,0,15
15932,14,0,4,0,0,0,0,0,0,0,18
15933,12,0,4,0,0,0,0,0,0,0,16
15934,14,0,5,0,0,0,0,0,0,0,19
15935,8,0,5,0,0,0,0,0,0,0,13
15936,11,0,2,0,0,0,0,0,0,0,13
15937,16,0,1,0,0,0,0,0,0,0,17
15938,19,0,0,0,0,0,0,0,0,0,19
15939,22,0,0,0,0,0,0,0,0,0,22
15940,27,0,0,0,0,0,0,0,0,0,27
15941,38,0,1,0,0,0,0,0,0,0,39
15942,36,0,0,0,0,0,0,0,0,0,36
15943,25,0,0,0,0,0,0,0,0,0,25
15944,31,0,1,0,0,0,0,0,0,0,32
15945,29,0,3,0,0,0,0,0,0,0,32
15946,33,0,4,0,0,0,0,0,0,0,37
15947,38,0,1,0,0,0,0,0,0,0,39
15948,38,0,1,0,0,0,0,0,0,0,39
15949,41,0,3,0,0,0,0,0,0,0,44
15950,40,0,0,0,0,0,0,0,0,0,40
15951,34,0,4,0,0,0,0,0,0,0,38
15952,39,0,2,0,0,0,0,0,0,0,41
15953,32,0,0,0,0,0,0,0,0,0,32
15954,44,0,0,0,0,0,0,0,0,0,44
15955,38,0,0,0,0,0,0,0,0,0,38
15956,40,0,3,0,0,0,0,0,0,0,43
15957,34,0,4,0,0,0,0,0,0,0,38
15958,45,0,3,0,0,0,0,0,0,0,48
15959,46,0,3,0,0,0,0,0,0,0,49
15960,46,0,3,0,0,0,0,0,0,0,49
15961,38,0,4,0,0,0,0,0,0,0,42
15962,41,0,3,0,0,0,0,0,0,0,44
15963,45,0,1,0,0,0,0,0,0,0,46
15964,39,0,0,0,0,0,0,0,0,0,39
15965,43,1,0,0,0,0,0,0,0,0,44
15966,50,0,0,0,0,0,0,0,0,0,50
15967,56,0,0,0,0,0,0,0,0,0,56
15968,53,0,3,0,0,0,0,0,0,0,56
15969,51,0,3,0,0,0,0,0,0,0,54
15970,60,2,1,0,0,0,0,0,0,0,63
15971,60,1,0,0,0,0,0,0,0,0,61
15972,62,0,0,0,0,0,0,0,0,0,62
15973,56,0,2,0,0,0,0,0,0,0,58
15974,50,0,1,0,0,0,0,0,0,0,51
15975,56,0,5,0,0,0,0,0,0,0,61
15976,53,0,0,0,0,0,0,0,0,0,53
15977,58,0,1,0,0,0,0,0,0,0,59
15978,62,0,1,0,0,0,0,0,0,0,63
15979,65,0,1,0,0,0,0,0,0,0,66
15980,55,0,3,0,0,0,0,0,0,0,58
15981,53,0,1,0,0,0,0,0,0,0,54
15982,51,0,3,0,0,0,0,0,0,0,54
15983,53,0,0,0,0,0,0,0,0,0,53
15984,58,0,0,0,0,0,0,0,0,0,58
15985,58,0,4,0,0,0,0,0,0,0,62
15986,58,0,5,0,0,0,0,0,0,0,63
15987,65,0,4,0,0,0,0,0,0,0,69
15988,63,0,4,0,0,0,0,0,0,0,67
15989,60,0,0,0,0,0,0,0,0,0,60
15990,59,0,4,0,0,0,0,0,0,0,63
15991,57,0,1,0,0,0,0,0,0,0,58
15992,49,0,3,0,0,0,0,0,0,0,52
15993,50,0,5,0,0,0,0,0,0,0,55
15994,52,0,7,0,0,0,0,0,0,0,59
15995,68,0,7,0,0,0,0,0,0,0,75
15996,63,0,2,0,0,0,0,0,0,0,65
15997,49,0,2,0,0,0,0,0,0,0,51
15998,68,0,2,0,0,0,0,0,0,0,70
15999,68,0,0,0,0,0,0,0,0,0,68
16000,68,0,0,0,0,0,0,0,0,0,68
16001,83,0,1,0,0,0,0,0,0,0,84
16002,88,0,4,0,0,0,0,0,0,0,92
16003,80,0,0,0,0,0,0,0,0,0,80
16004,78,0,4,0,0,0,0,0,0,0,82
16005,72,0,0,0,0,0,0,0,0,0,72
16006,77,0,0,0,0,0,0,0,0,0,77
16007,73,0,1,0,0,0,0,0,0,0,74
16008,70,0,0,0,0,0,0,0,0,0,70
16009,63,0,1,0,0,0,0,0,0,0,64
16010,67,0,2,0,0,0,0,0,0,0,69
16011,61,0,2,0,0,0,0,0,0,0,63
16012,57,0,0,0,0,0,0,0,0,0,57
16013,47,0,1,0,0,0,0,0,0,0,48
16014,47,0,0,0,0,0,0,0,0,0,47
16015,50,0,0,0,0,0,0,0,0,0,50
16016,48,0,0,0,0,0,0,0,0,0,48
16017,36,0,1,0,0,0,0,0,0,0,37
16018,36,0,0,0,0,0,0,0,0,0,36
16019,34,0,0,0,0,0,0,0,0,0,34
16020,34,0,0,0,0,0,0,0,0,0,34
16021,35,0,0,0,0,0,0,0,0,0,35
16022,33,0,0,0,0,0,0,0,0,0,33
16023,37,0,0,0,0,0,0,0,0,0,37
16024,36,0,1,0,0,0,0,0,0,0,37
16025,42,0,0,0,0,0,0,0,0,0,42
16026,47,0,0,0,0,0,0,0,0,0,47
16027,44,0,2,0,0,0,0,0,0,0,46
16028,45,0,2,0,0,0,0,0,0,0,47
16029,42,0,6,0,0,0,0,0,0,0,48
16030,59,0,3,0,0,0,0,0,0,0,62
16031,56,0,2,0,0,0,0,0,0,0,58
16032,50,0,5,0,0,0,0,0,0,0,55
16033,53,0,2,0,0,0,0,0,0,0,55
16034,57,0,0,0,0,0,0,0,0,0,57
16035,56,0,3,0,0,0,0,0,0,0,59
16036,59,0,2,0,0,0,0,0,0,0,61
16037,56,0,1,0,0,0,0,0,0,0,57
16038,57,0,3,0,0,0,0,0,0,0,60
16039,56,0,0,0,0,0,0,0,0,0,56
16040,57,0,1,0,0,0,0,0,0,0,58
16041,51,3,0,0,0,0,0,0,0,0,54
16042,52,3,2,0,0,0,0,0,0,0,57
16043,63,0,5,0,0,0,0,0,0,0,68
16044,51,0,2,0,0,0,0,0,0,0,53
16045,51,2,3,0,0,0,0,0,0,0,56
16046,39,1,1,0,0,0,0,0,0,0,41
16047,40,1,0,0,0,0,0,0,0,0,41
16048,41,0,7,0,0,0,0,0,0,0,48
16049,37,0,4,0,0,0,0,0,0,0,41
16050,46,0,6,0,0,0,0,0,0,0,52
16051,24,0,4,0,0,0,0,0,0,0,28
16052,23,0,6,0,0,0,0,0,0,0,29
16053,25,0,8,0,0,0,0,0,0,0,33
16054,18,0,8,0,0,0,0,0,0,0,26
16055,21,0,8,0,0,0,0,0,0,0,29
16056,21,0,9,0,0,0,0,0,0,0,30
16057,34,0,8,0,0,0,0,0,0,0,42
16058,31,0,8,0,0,0,0,0,0,0,39
16059,31,0,8,0,0,0,0,0,0,0,39
16060,35,4,8,0,0,0,0,0,0,0,47
16061,41,4,8,0,0,0,0,0,0,0,53
16062,28,4,8,0,0,0,0,0,0,0,40
16063,26,4,8,0,0,0,0,0,0,0,38
16064,26,4,8,0,0,0,0,0,0,0,38
16065,29,4,9,0,0,0,0,0,0,0,42
16066,15,3,11,0,0,0,0,0,0,0,29
16067,12,4,11,0,0,0,0,0,0,0,27
16068,21,1,8,0,0,0,0,0,0,0,30
16069,16,2,8,0,0,0,0,0,0,0,26
16070,21,4,8,0,0,0,0,0,0,0,33
16071,23,4,9,0,0,0,0,0,0,0,36
16072,30,4,5,0,0,0,0,0,0,0,39
16073,40,4,5,0,0,0,0,0,0,0,49
16074,38,2,4,0,0,0,0,0,0,0,44
16075,32,2,4,0,0,0,0,0,0,0,38
16076,33,4,5,0,0,0,0,0,0,0,42
16077,33,0,5,0,0,0,0,0,0,0,38
16078,25,0,5,0,0,0,0,0,0,0,30
16079,40,0,5,0,0,0,0,0,0,0,45
16080,45,0,6,0,0,0,0,0,0,0,51
16081,40,0,6,0,0,0,0,0,0,0,46
16082,42,0,9,0,0,0,0,0,0,0,51
16083,35,0,8,0,0,0,0,0,0,0,43
16084,36,0,8,0,0,0,0,0,0,0,44
16085,43,0,9,0,0,0,0,0,0,0,52
16086,28,0,4,0,0,0,0,0,0,0,32
16087,38,0,5,0,0,0,0,0,0,0,43
16088,40,0,6,0,0,0,0,0,0,0,46
16089,34,0,6,0,0,0,0,0,0,0,40
16090,36,0,6,0,0,0,0,0,0,0,42
16091,38,0,13,0,0,0,0,0,0,0,51
16092,35,0,11,0,0,0,0,0,0,0,46
16093,34,0,8,0,0,0,0,0,0,0,42
16094,38,0,10,0,0,0,0,0,0,0,48
16095,51,0,6,0,0,0,0,0,0,0,57
16096,58,0,7,0,0,0,0,0,0,0,65
16097,52,0,7,0,0,0,0,0,0,0,59
16098,61,0,5,0,0,0,0,0,0,0,66
16099,50,0,7,0,0,0,0,0,0,0,57
16100,49,0,9,0,0,0,0,0,0,0,58
16101,45,0,13,0,0,0,0,0,0,0,58
16102,45,0,17,0,0,0,0,0,0,0,62
16103,49,0,15,0,0,0,0,0,0,0,64
16104,46,0,15,0,0,0,0,0,0,0,61
16105,45,0,14,0,0,0,0,0,0,0,59
16106,48,0,15,0,0,0,0,0,0,0,63
16107,48,0,21,0,0,0,0,0,0,0,69
16108,37,0,16,0,0,0,0,0,0,0,53
16109,50,0,20,0,0,0,0,0,0,0,70
16110,53,0,19,0,0,0,0,0,0,0,72
16111,53,0,19,0,0,0,0,0,0,0,72
16112,49,0,14,0,0,0,0,0,0,0,63
16113,51,0,16,0,0,0,0,0,0,0,67
16114,53,0,14,0,0,0,0,0,0,0,67
16115,43,0,9,0,0,0,0,0,0,0,52
16116,40,0,12,0,0,0,0,0,0,0,52
16117,38,0,12,0,0,0,0,0,0,0,50
16118,47,0,13,0,0,0,0,0,0,0,60
16119,43,0,17,0,0,0,0,0,0,0,60
16120,46,0,14,0,0,0,0,0,0,0,60
16121,44,0,14,0,0,0,0,0,0,0,58
16122,54,0,15,0,0,0,0,0,0,0,69
16123,57,0,17,0,0,0,0,0,0,0,74
16124,58,0,14,0,0,0,0,0,0,0,72
16125,63,0,8,0,0,0,0,0,0,0,71
16126,61,0,9,0,0,0,0,0,0,0,70
16127,71,0,9,0,0,0,0,0,0,0,80
16128,65,0,5,0,0,0,0,0,0,0,70
16129,77,0,4,0,0,0,0,0,0,0,81
16130,73,0,6,0,0,0,0,0,0,0,79
16131,70,0,11,0,0,0,0,0,0,0,81
16132,71,0,9,0,0,0,0,0,0,0,80
16133,62,0,8,0,0,0,0,0,0,0,70
16134,57,0,9,0,0,0,0,0,0,0,66
16135,52,0,11,0,0,0,0,0,0,0,63
16136,45,0,12,0,0,0,0,0,0,0,57
16137,49,0,12,0,0,0,0,0,0,0,61
16138,52,0,11,0,0,0,0,0,0,0,63
16139,68,0,12,0,0,0,0,0,0,0,80
16140,76,0,13,0,0,0,0,0,0,0,89
16141,72,0,17,0,0,0,0,0,0,0,89
16142,74,0,10,0,0,0,0,0,0,0,84
16143,60,0,15,0,0,0,0,0,0,0,75
16144,66,0,19,0,0,0,0,0,0,0,85
16145,70,0,17,0,0,0,0,0,0,0,87
16146,64,0,17,0,0,0,0,0,0,0,81
16147,61,0,17,0,0,0,0,0,0,0,78
16148,59,0,13,0,0,0,0,0,0,0,72
16149,53,0,9,0,0,0,0,0,0,0,62
16150,56,0,13,0,0,0,0,0,0,0,69
16151,52,0,19,0,0,0,0,0,0,0,71
16152,61,0,15,0,0,0,0,0,0,0,76
16153,67,0,14,0,0,0,0,0,0,0,81
16154,65,0,14,0,0,0,0,0,0,0,79
16155,67,0,12,0,0,0,0,0,0,0,79
16156,69,0,16,0,0,0,0,0,0,0,85
16157,61,0,16,0,0,0,0,0,0,0,77
16158,55,0,16,0,0,0,0,0,0,0,71
16159,52,0,11,0,0,0,0,0,0,0,63
16160,51,0,6,0,0,0,0,0,0,0,57
16161,50,0,11,0,0,0,0,0,0,0,61
16162,43,0,12,0,0,0,0,0,0,0,55
16163,45,0,6,0,0,0,0,0,0,0,51
16164,47,1,8,0,0,0,0,0,0,0,56
16165,45,1,16,0,0,0,0,0,0,0,62
16166,42,1,12,0,0,0,0,0,0,0,55
16167,42,4,8,0,0,0,0,0,0,0,54
16168,45,2,11,0,0,0,0,0,0,0,58
16169,30,2,11,0,0,0,0,0,0,0,43
16170,40,1,8,0,0,0,0,0,0,0,49
16171,44,1,11,0,0,0,0,0,0,0,56
16172,46,2,16,0,0,0,0,0,0,0,64
16173,37,0,17,0,0,0,0,0,0,0,54
16174,32,0,17,0,0,0,0,0,0,0,49
16175,30,0,20,0,0,0,0,0,0,0,50
16176,28,0,16,0,0,0,0,0,0,0,44
16177,36,3,12,0,0,0,0,0,0,0,51
16178,40,0,18,0,0,0,0,0,0,0,58
16179,32,0,20,0,0,0,0,0,0,0,52
16180,34,3,16,0,0,0,0,0,0,0,53
16181,32,0,18,0,0,0,0,0,0,0,50
16182,29,1,14,0,0,0,0,0,0,0,44
16183,27,2,18,0,0,0,0,0,0,0,47
16184,33,3,9,0,0,0,0,0,0,0,45
16185,24,4,7,0,0,0,0,0,0,0,35
16186,18,4,6,0,0,0,0,0,0,0,28
16187,22,4,6,0,0,0,0,0,0,0,32
16188,20,4,9,0,0,0,0,0,0,0,33
16189,23,3,7,0,0,0,0,0,0,0,33
16190,20,4,8,0,0,0,0,0,0,0,32
16191,17,5,11,0,0,0,0,0,0,0,33
16192,16,7,8,0,0,0,0,0,0,0,31
16193,19,5,7,0,0,0,0,0,0,0,31
16194,14,8,9,0,0,0,0,0,0,0,31
16195,15,6,8,0,0,0,0,0,0,0,29
16196,19,7,12,0,0,0,0,0,0,0,38
16197,16,6,16,0,0,0,0,0,0,0,38
16198,16,1,20,0,0,0,0,0,0,0,37
16199,18,1,18,0,0,0,0,0,0,0,37
16200,14,0,18,0,0,0,0,0,0,0,32
16201,19,3,18,0,0,0,0,0,0,0,40
16202,18,4,17,0,0,0,0,0,0,0,39
16203,20,4,19,0,0,0,0,0,0,0,43
16204,20,0,19,0,0,0,0,0,0,0,39
16205,17,0,19,0,0,0,0,0,0,0,36
16206,16,0,19,0,0,0,0,0,0,0,35
16207,20,0,17,0,0,0,0,0,0,0,37
16208,15,0,12,0,0,0,0,0,0,0,27
16209,17,0,12,0,0,0,0,0,0,0,29
16210,14,0,16,0,0,0,0,0,0,0,30
16211,21,0,16,0,0,0,0,0,0,0,37
16212,21,0,13,0,0,0,0,0,0,0,34
16213,29,0,13,0,0,0,0,0,0,0,42
16214,39,0,12,0,0,0,0,0,0,0,51
16215,35,0,13,0,0,0,0,0,0,0,48
16216,30,0,14,0,0,0,0,0,0,0,44
16217,26,0,9,0,0,0,0,0,0,0,35
16218,30,0,9,0,0,0,0,0,0,0,39
16219,38,0,9,0,0,0,0,0,0,0,47
16220,37,0,8,0,0,0,0,0,0,0,45
16221,36,0,8,0,0,0,0,0,0,0,44
16222,33,0,12,0,0,0,0,0,0,0,45
16223,34,0,14,0,0,0,0,0,0,0,48
16224,31,0,12,0,0,0,0,0,0,0,43
16225,37,0,12,0,0,0,0,0,0,0,49
16226,43,0,11,0,0,0,0,0,0,0,54
16227,43,0,7,0,0,0,0,0,0,0,50
16228,36,0,8,0,0,0,0,0,0,0,44
16229,36,0,11,0,0,0,0,0,0,0,47
16230,45,0,10,0,0,0,0,0,0,0,55
16231,37,0,12,0,0,0,0,0,1,0,49
16232,32,0,7,0,0,0,0,0,0,0,39
16233,38,0,4,0,0,0,0,0,0,0,42
16234,36,0,4,0,0,0,0,0,4,0,40
16235,35,0,9,0,0,0,0,0,4,0,44
16236,37,0,10,0,0,0,0,0,3,0,47
16237,38,0,7,0,0,0,0,0,3,0,45
16238,48,0,7,0,0,0,0,0,2,0,55
16239,52,1,8,0,0,0,0,0,2,0,61
16240,53,0,10,0,0,0,0,0,1,0,63
16241,45,0,9,0,0,0,0,0,0,0,54
16242,43,2,9,0,0,0,0,0,0,0,54
16243,55,0,10,0,0,0,0,0,0,0,65
16244,56,0,12,0,0,0,0,0,0,0,68
16245,55,0,8,0,0,0,0,0,0,0,63
16246,49,0,7,0,0,0,0,0,0,0,56
16247,53,0,9,0,0,0,0,0,0,0,62
16248,43,0,13,0,0,0,0,0,0,0,56
16249,47,0,14,0,0,0,0,0,0,0,61
16250,38,0,13,0,0,0,0,0,0,0,51
16251,45,0,11,0,0,0,0,0,0,0,56
16252,50,0,12,0,0,0,0,0,0,0,62
16253,47,0,15,0,0,0,0,0,0,0,62
16254,39,0,12,0,0,0,0,0,0,0,51
16255,37,0,13,0,0,0,0,0,0,0,50
16256,36,0,14,0,0,0,0,0,0,0,50
16257,34,1,12,0,0,0,0,0,0,0,47
16258,34,0,16,0,0,0,0,0,0,0,50
16259,36,0,18,0,0,0,0,0,0,0,54
16260,33,0,21,0,0,0,0,0,0,0,54
16261,35,0,22,0,0,0,0,0,0,0,57
16262,39,0,13,0,0,0,0,0,0,0,52
16263,43,0,15,0,0,0,0,0,0,0,58
16264,50,0,14,0,0,0,0,0,0,0,64
16265,51,0,15,0,0,0,0,0,0,0,66
16266,43,0,15,0,0,0,0,0,0,0,58
16267,52,1,15,0,0,0,0,0,0,0,68
16268,58,0,12,0,0,0,0,0,0,0,70
16269,56,1,13,0,0,0,0,0,0,0,70
16270,61,2,12,0,0,0,0,0,0,0,75
16271,56,0,16,0,0,0,0,0,0,0,72
16272,56,0,13,0,0,0,0,0,0,0,69
16273,57,0,15,0,0,0,0,0,0,0,72
16274,56,1,15,0,0,0,0,0,0,0,72
16275,60,4,10,0,0,0,0,0,0,0,74
16276,62,2,13,0,0,0,0,0,0,0,77
16277,63,1,12,0,0,0,0,0,0,0,76
16278,62,4,9,0,0,0,0,0,0,0,75
16279,74,4,8,0,0,0,0,0,0,0,86
16280,67,4,4,0,0,0,0,0,0,0,75
16281,70,4,3,0,0,0,0,0,0,0,77
16282,70,3,4,0,0,0,0,0,0,0,77
16283,61,0,9,0,0,0,0,0,0,0,70
16284,61,3,7,0,0,0,0,0,0,0,71
16285,57,2,5,0,0,0,0,0,0,0,64
16286,55,0,7,0,0,0,0,0,0,0,62
16287,53,1,8,0,0,0,0,0,0,0,62
16288,58,3,3,0,0,0,0,0,0,0,64
16289,53,4,9,0,0,0,0,0,0,0,66
16290,48,2,11,0,0,0,0,0,0,0,61
16291,55,4,9,0,0,0,0,0,0,0,68
16292,55,3,7,0,0,0,0,0,0,0,65
16293,65,3,9,0,0,0,0,0,0,0,77
16294,52,4,9,0,0,0,0,0,0,0,65
16295,53,4,1,0,0,0,0,0,0,0,58
16296,58,1,10,0,0,0,0,0,0,0,69
16297,54,4,10,0,0,0,0,0,0,0,68
16298,46,0,8,0,0,0,0,0,0,0,54
16299,39,0,5,0,0,0,0,0,0,0,44
16300,42,0,11,0,0,0,0,0,0,0,53
16301,32,0,7,0,0,0,0,0,0,0,39
16302,34,0,6,0,0,0,0,0,0,0,40
16303,32,2,2,0,0,0,0,0,0,0,36
16304,31,0,6,0,0,0,0,0,0,0,37
16305,29,0,6,0,0,0,0,0,0,0,35
16306,25,0,6,0,0,0,0,0,0,0,31
16307,20,0,7,0,0,0,0,0,0,0,27
16308,21,0,7,0,0,0,0,0,0,0,28
16309,24,0,9,0,0,0,0,0,0,0,33
16310,27,0,8,0,0,0,0,0,0,0,35
16311,17,0,11,0,0,0,0,0,0,0,28
16312,21,1,8,0,0,0,0,0,0,0,30
16313,31,3,7,0,0,0,0,0,0,0,41
16314,40,1,4,0,0,0,0,0,0,0,45
16315,35,2,10,0,0,0,0,0,0,0,47
16316,29,3,14,0,0,0,0,0,0,0,46
16317,45,6,9,0,0,0,0,0,0,0,60
16318,35,8,4,0,0,0,0,0,0,0,47
16319,31,0,8,0,0,0,0,0,0,0,39
16320,31,2,6,0,0,0,0,0,0,0,39
16321,37,4,4,0,0,0,0,0,0,0,45
16322,36,8,5,0,0,0,0,0,0,0,49
16323,36,5,3,0,0,0,0,0,0,0,44
16324,28,4,2,0,0,0,0,0,0,0,34
16325,24,4,4,0,0,0,0,0,0,0,32
16326,29,4,3,0,0,0,0,0,0,0,36
16327,28,3,4,0,0,0,0,0,0,0,35
16328,27,3,3,0,0,0,0,0,0,0,33
16329,28,3,5,0,0,0,0,0,0,0,36
16330,35,4,3,0,0,0,0,0,0,0,42
16331,37,4,3,0,0,0,0,0,0,0,44
16332,37,4,4,0,0,0,0,0,0,0,45
16333,34,4,2,0,0,0,0,0,0,0,40
16334,38,3,3,0,0,0,0,0,0,0,44
16335,38,0,2,0,0,0,0,0,0,0,40
16336,31,0,3,0,0,0,0,0,0,0,34
16337,31,0,2,0,0,0,0,0,0,0,33
16338,32,0,3,0,0,0,0,0,0,0,35
16339,31,0,2,0,0,0,0,0,0,0,33
16340,33,0,3,0,0,0,0,0,0,0,36
16341,33,0,4,0,0,0,0,0,0,0,37
16342,25,0,1,0,0,0,0,0,0,0,26
16343,38,0,6,0,0,0,0,0,0,0,44
16344,35,0,8,0,0,0,0,0,0,0,43
16345,36,0,7,0,0,0,0,0,0,0,43
16346,35,0,8,0,0,0,0,0,0,0,43
16347,34,0,7,0,0,0,0,0,0,0,41
16348,28,0,11,0,0,0,0,0,0,0,39
16349,35,0,10,0,0,0,0,0,0,0,45
16350,40,0,4,0,0,0,0,0,0,0,44
16351,46,0,7,0,0,0,0,0,0,0,53
16352,48,0,5,0,0,0,0,0,0,0,53
16353,51,0,8,0,0,0,0,0,0,0,59
16354,39,0,5,0,0,0,0,0,0,0,44
16355,42,0,5,0,0,0,0,0,0,0,47
16356,40,0,4,0,0,0,0,0,0,0,44
16357,40,0,3,0,0,0,0,0,0,0,43
16358,39,0,4,0,0,0,0,0,0,0,43
16359,32,0,6,0,0,0,0,0,0,0,38
16360,33,0,7,0,0,0,0,0,0,0,40
16361,39,0,11,0,0,0,0,0,0,0,50
16362,41,0,10,0,0,0,0,0,0,0,51
16363,37,0,8,0,0,0,0,0,0,0,45
16364,35,0,8,0,0,0,0,0,0,0,43
16365,42,1,9,0,0,0,0,0,0,0,52
16366,44,0,8,0,0,0,0,0,0,0,52
16367,52,0,8,0,0,0,0,0,0,0,60
16368,59,0,9,0,0,0,0,0,0,0,68
16369,51,0,11,0,0,0,0,0,0,0,62
16370,49,0,14,0,0,0,0,0,0,0,63
16371,58,0,14,0,0,0,0,0,0,0,72
16372,54,0,16,0,0,0,0,0,0,0,70
16373,49,0,16,0,0,0,0,0,0,0,65
16374,52,0,18,0,0,0,0,0,0,0,70
16375,54,0,19,0,0,0,0,0,0,0,73
16376,50,0,24,0,0,0,0,0,0,0,74
16377,53,0,24,0,0,0,0,0,0,0,77
16378,56,0,22,0,0,0,0,0,0,0,78
16379,55,0,23,0,0,0,0,0,0,0,78
16380,52,0,24,0,0,0,0,0,0,0,76
16381,54,0,24,0,0,0,0,0,0,0,78
16382,55,0,25,0,0,0,0,0,0,0,80
16383,58,0,26,0,0,0,0,0,0,0,84
16384,53,0,23,0,0,0,0,0,0,0,76
16385,50,0,23,0,0,0,0,0,0,0,73
16386,58,0,20,0,0,0,0,0,0,0,78
16387,48,0,20,0,0,0,0,0,0,0,68
16388,45,0,21,0,0,0,0,0,0,0,66
16389,53,0,20,0,0,0,0,0,0,0,73
16390,50,0,21,0,0,0,0,0,0,0,71
16391,49,0,18,0,0,0,0,0,0,0,67
16392,54,0,18,0,0,0,0,0,0,0,72
16393,56,0,18,0,0,0,0,0,0,0,74
16394,58,0,15,0,0,0,0,0,0,0,73
16395,67,0,12,0,0,0,0,0,0,0,79
16396,50,0,12,0,0,0,0,0,0,0,62
16397,48,0,12,0,0,0,0,0,0,0,60
16398,49,0,10,0,0,0,0,0,0,0,59
16399,51,0,9,0,0,0,0,0,0,0,60
16400,47,0,5,0,0,0,0,0,0,0,52
16401,52,0,6,0,0,0,0,0,0,0,58
16402,48,0,8,0,0,0,0,0,0,0,56
16403,40,0,8,0,0,0,0,0,0,0,48
16404,42,0,6,0,0,0,0,0,0,0,48
16405,38,0,2,0,0,0,0,0,0,0,40
16406,33,0,6,0,0,0,0,0,0,0,39
16407,33,0,3,0,0,0,0,0,0,0,36
16408,33,0,5,0,0,0,0,0,0,0,38
16409,38,0,5,0,0,0,0,0,0,0,43
16410,44,0,4,0,0,0,0,0,0,0,48
16411,43,0,5,0,0,0,0,0,0,0,48
16412,53,0,7,0,0,0,0,0,0,0,60
16413,52,0,6,0,0,0,0,0,0,0,58
16414,50,0,9,0,0,0,0,0,0,0,59
16415,53,0,10,0,0,0,0,0,0,0,63
16416,60,0,9,0,0,0,0,0,0,0,69
16417,53,0,12,0,0,0,0,0,0,0,65
16418,43,0,9,0,0,0,0,0,0,0,52
16419,46,0,9,0,0,0,0,0,0,0,55
16420,54,0,5,0,0,0,0,0,0,0,59
16421,50,0,5,0,0,0,0,0,0,0,55
16422,57,0,7,0,0,0,0,0,0,0,64
16423,56,0,9,0,0,0,0,0,0,0,65
16424,52,0,7,0,0,0,0,0,0,0,59
16425,56,0,8,0,0,0,0,0,0,0,64
16426,50,0,7,0,0,0,0,0,0,0,57
16427,45,0,7,0,0,0,0,0,0,0,52
16428,49,0,12,0,0,0,0,0,0,0,61
16429,35,0,11,0,0,0,0,0,0,0,46
16430,37,0,13,0,0,0,0,0,0,0,50
16431,41,0,12,0,0,0,0,0,0,0,53
16432,38,0,12,0,0,0,0,0,0,0,50
16433,43,0,12,0,0,0,0,0,0,0,55
16434,48,0,11,0,0,0,0,0,0,0,59
16435,54,0,9,0,0,0,0,0,0,0,63
16436,55,0,7,0,0,0,0,0,0,0,62
16437,50,0,6,0,0,0,0,0,0,0,56
16438,48,0,8,0,0,0,0,0,0,0,56
16439,45,0,4,0,0,0,0,0,0,0,49
16440,40,0,7,0,0,0,0,0,0,0,47
16441,36,0,8,0,0,0,0,0,0,0,44
16442,36,0,8,0,0,0,0,0,0,0,44
16443,33,0,8,0,0,0,0,0,0,0,41
16444,35,0,9,0,0,0,0,0,0,0,44
16445,41,0,9,0,0,0,0,0,0,0,50
16446,40,0,10,0,0,0,0,0,0,0,50
16447,37,0,12,0,0,0,0,0,0,0,49
16448,34,0,14,0,0,0,0,0,0,0,48
16449,35,0,12,0,0,0,0,0,0,0,47
16450,32,0,11,0,0,0,0,0,0,0,43
16451,24,0,9,0,0,0,0,0,0,0,33
16452,25,0,14,0,0,0,0,0,0,0,39
16453,24,0,12,0,0,0,0,0,0,0,36
16454,25,0,12,0,0,0,0,0,0,0,37
16455,26,0,12,0,0,0,0,0,0,0,38
16456,33,0,13,0,0,0,0,0,0,0,46
16457,36,0,16,0,0,0,0,0,0,0,52
16458,35,0,15,0,0,0,0,0,0,0,50
16459,38,0,13,0,0,0,0,0,0,0,51
16460,30,0,14,0,0,0,0,0,0,0,44
16461,43,0,12,0,0,0,0,0,0,0,55
16462,41,0,12,0,0,0,0,0,0,0,53
16463,34,0,9,0,0,0,0,0,0,0,43
16464,38,0,9,0,0,0,0,0,0,0,47
16465,40,0,7,0,0,0,0,0,0,0,47
16466,43,0,5,0,0,0,0,0,0,0,48
16467,49,0,3,0,0,0,0,0,0,0,52
16468,44,0,5,0,0,0,0,0,0,0,49
16469,45,0,4,0,0,0,0,0,0,0,49
16470,37,0,5,0,0,0,0,0,0,0,42
16471,43,0,5,0,0,0,0,0,0,0,48
16472,38,0,12,0,0,0,0,0,0,0,50
16473,39,0,13,0,0,0,0,0,0,0,52
16474,38,0,9,0,0,0,0,0,0,0,47
16475,42,0,9,0,0,0,0,0,0,0,51
16476,41,0,7,0,0,0,0,0,0,0,48
16477,35,0,7,0,0,0,0,0,0,0,42
16478,29,0,5,0,0,0,0,0,0,0,34
16479,35,0,0,0,0,0,0,0,0,0,35
16480,38,0,1,0,0,0,0,0,0,0,39
16481,44,0,0,0,0,0,0,0,0,0,44
16482,39,0,0,0,0,0,0,0,0,0,39
16483,43,0,0,0,0,0,0,0,0,0,43
16484,52,0,0,0,0,0,0,0,0,0,52
16485,57,0,6,0,0,0,0,0,0,0,63
16486,44,0,2,0,0,0,0,0,0,0,46
16487,41,0,2,0,0,0,0,0,0,0,43
16488,48,0,1,0,0,0,0,0,0,0,49
16489,47,0,3,0,0,0,0,0,0,0,50
16490,43,0,1,0,0,0,0,0,0,0,44
16491,45,0,1,0,0,0,0,0,0,0,46
16492,46,0,1,0,0,0,0,0,0,0,47
16493,47,0,1,0,0,0,0,0,0,0,48
16494,51,0,1,0,0,0,0,0,0,0,52
16495,42,0,0,0,0,0,0,0,0,0,42
16496,48,0,3,0,0,0,0,0,0,0,51
16497,42,0,4,0,0,0,0,0,0,0,46
16498,38,0,2,0,0,0,0,0,0,0,40
16499,30,0,3,0,0,0,0,0,0,0,33
16500,38,0,1,0,0,0,0,0,0,0,39
16501,37,0,3,0,0,0,0,0,0,0,40
16502,33,0,0,0,0,0,0,0,0,0,33
16503,42,0,1,0,0,0,0,0,0,0,43
16504,48,0,2,0,0,0,0,0,0,0,50
16505,48,0,2,0,0,0,0,0,0,0,50
16506,41,0,3,0,0,0,0,0,0,0,44
16507,37,0,0,0,0,0,0,0,0,0,37
16508,46,0,2,0,0,0,0,0,0,0,48
16509,54,0,1,0,0,0,0,0,0,0,55
16510,54,0,0,0,0,0,0,0,0,0,54
16511,45,0,1,0,0,0,0,0,0,0,46
16512,31,0,2,0,0,0,0,0,0,0,33
16513,38,0,2,0,0,0,0,0,0,0,40
16514,35,0,2,0,0,0,0,0,0,0,37
16515,38,0,0,0,0,0,0,0,0,0,38
16516,36,0,4,0,0,0,0,0,0,0,40
16517,42,0,4,0,0,0,0,0,0,0,46
16518,51,0,2,0,0,0,0,0,0,0,53
16519,52,0,3,0,0,0,0,0,0,0,55
16520,53,0,0,0,0,0,0,0,0,0,53
16521,55,0,1,0,0,0,0,0,0,0,56
16522,64,0,0,0,0,0,0,0,0,0,64
16523,67,0,1,0,0,0,0,0,0,0,68
16524,82,0,0,0,0,0,0,0,0,0,82
16525,78,0,0,0,0,0,0,0,0,0,78
16526,79,0,1,0,0,0,0,0,0,0,80
16527,72,0,0,0,0,0,0,0,0,0,72
16528,62,0,0,0,0,0,0,0,0,0,62
16529,58,0,0,0,0,0,0,0,0,0,58
16530,58,0,0,0,0,0,0,0,0,0,58
16531,53,0,0,0,0,0,0,0,0,0,53
16532,49,0,0,0,0,0,0,0,0,0,49
16533,41,0,0,0,0,0,0,0,0,0,41
16534,43,0,0,0,0,0,0,0,0,0,43
16535,45,0,0,0,0,0,0,0,0,0,45
16536,56,0,0,0,0,0,0,0,0,0,56
16537,48,0,0,0,0,0,0,0,0,0,48
16538,49,0,0,0,0,0,0,0,0,0,49
16539,52,0,0,0,0,0,0,0,0,0,52
16540,60,0,0,0,0,0,0,0,0,0,60
16541,59,0,0,0,0,0,0,0,0,0,59
16542,56,0,1,0,0,0,0,0,0,0,57
16543,57,0,2,0,0,0,0,0,0,0,59
16544,55,0,4,0,0,0,0,0,0,0,59
16545,55,0,4,0,0,0,0,0,0,0,59
16546,52,0,4,0,0,0,0,0,0,0,56
16547,54,0,4,0,0,0,0,0,0,0,58
16548,52,0,4,0,0,0,0,0,0,0,56
16549,57,0,4,0,0,0,0,0,0,0,61
16550,60,0,4,0,0,0,0,0,0,0,64
16551,54,0,6,0,0,0,0,0,0,0,60
16552,57,0,5,0,0,0,0,0,0,0,62
16553,68,0,4,0,0,0,0,0,0,0,72
16554,65,0,4,0,0,0,0,0,0,0,69
16555,45,0,1,0,0,0,0,0,0,0,46
16556,51,0,1,0,0,0,0,0,0,0,52
16557,46,0,3,0,0,0,0,0,0,0,49
16558,52,0,1,0,0,0,0,0,0,0,53
16559,50,0,6,0,0,0,0,0,0,0,56
16560,71,0,5,0,0,0,0,0,0,0,76
16561,48,0,9,0,0,0,0,0,0,0,57
16562,61,0,7,0,0,0,0,0,0,0,68
16563,42,0,8,0,0,0,0,0,0,0,50
16564,39,0,8,0,0,0,0,0,0,0,47
16565,38,0,8,0,0,0,0,0,0,0,46
16566,43,0,8,0,0,0,0,0,0,0,51
16567,41,0,8,0,0,0,0,0,0,0,49
16568,43,0,12,0,0,0,0,0,0,0,55
16569,41,0,12,0,0,0,0,0,0,0,53
16570,41,0,11,0,0,0,0,0,0,0,52
16571,32,0,13,0,0,0,0,0,0,0,45
16572,30,0,11,0,0,0,0,0,0,0,41
16573,32,0,10,0,0,0,0,0,0,0,42
16574,32,0,9,0,0,0,0,0,0,0,41
16575,34,0,8,0,0,0,0,0,0,0,42
16576,32,0,10,0,0,0,0,0,0,0,42
16577,28,0,12,0,0,0,0,0,0,0,40
16578,27,0,8,0,0,0,0,0,0,0,35
16579,30,0,8,0,0,0,0,0,0,0,38
16580,30,2,6,0,0,0,0,0,0,0,38
16581,26,0,8,0,0,0,0,0,0,0,34
16582,30,0,8,0,0,0,0,0,0,0,38
16583,27,0,7,0,0,0,0,0,0,0,34
16584,30,0,11,0,0,0,0,0,0,0,41
16585,28,0,12,0,0,0,0,0,0,0,40
16586,31,0,12,0,0,0,0,0,0,0,43
16587,35,0,12,0,0,0,0,0,0,0,47
16588,30,0,12,0,0,0,0,0,0,0,42
16589,32,0,12,0,0,0,0,0,0,0,44
16590,26,0,13,0,0,0,1,0,1,0,40
16591,23,0,10,0,0,0,0,0,1,0,33
16592,22,0,7,0,0,0,2,0,3,0,31
16593,22,0,8,0,0,0,3,0,3,0,33
16594,26,0,8,0,0,0,4,0,3,0,38
16595,25,0,12,0,0,0,2,0,0,0,39
16596,25,0,10,0,0,0,0,0,0,0,35
16597,23,0,12,0,0,0,0,0,0,0,35
16598,31,0,11,0,0,0,0,0,0,0,42
16599,39,0,6,0,0,0,0,0,0,0,45
16600,39,0,6,0,0,0,0,0,0,0,45
16601,37,0,7,0,0,0,0,0,0,0,44
16602,37,0,8,0,0,0,0,0,0,0,45
16603,27,0,8,0,0,0,0,0,0,0,35
16604,25,0,10,0,0,0,0,0,0,0,35
16605,25,0,11,0,0,0,0,0,0,0,36
16606,32,0,7,0,0,0,0,0,0,0,39
16607,27,0,11,0,0,0,0,0,0,0,38
16608,21,0,10,0,0,0,0,0,0,0,31
16609,24,0,11,0,0,0,0,0,0,0,35
16610,20,0,9,0,0,0,0,0,0,0,29
16611,24,0,6,0,0,0,0,0,0,0,30
16612,25,0,5,0,0,0,0,0,0,0,30
16613,18,0,4,0,0,0,0,0,0,0,22
16614,27,0,2,0,0,0,0,0,0,0,29
16615,33,0,2,0,0,0,0,0,0,0,35
16616,37,0,1,0,0,0,0,0,0,0,38
16617,31,0,3,0,0,0,0,0,0,0,34
16618,35,0,7,0,0,0,0,0,0,0,42
16619,38,0,4,0,0,0,0,0,0,0,42
16620,37,0,8,0,0,0,0,0,0,0,45
16621,33,1,6,0,0,0,0,0,0,0,40
16622,28,0,4,0,0,0,0,0,0,0,32
16623,23,2,10,0,0,0,0,0,0,0,35
16624,23,0,10,0,0,0,0,0,0,0,33
16625,30,0,8,0,0,0,0,0,0,0,38
16626,26,0,10,0,0,0,0,0,0,0,36
16627,26,0,13,0,0,0,0,0,0,0,39
16628,33,0,14,0,0,0,0,0,0,0,47
16629,33,0,9,0,0,0,0,0,0,0,42
16630,34,0,7,0,0,0,0,0,0,0,41
16631,37,1,7,0,0,0,0,0,0,0,45
16632,38,0,10,0,0,0,0,0,0,0,48
16633,38,1,10,0,0,0,0,0,0,0,49
16634,50,0,12,0,0,0,0,0,0,0,62
16635,47,0,10,0,0,0,0,0,0,0,57
16636,59,0,9,0,0,0,0,0,0,0,68
16637,54,0,11,0,0,0,0,0,0,0,65
16638,53,0,10,0,0,0,0,0,0,0,63
16639,47,0,15,0,0,0,0,0,0,0,62
16640,47,0,18,0,0,0,0,0,0,0,65
16641,40,0,21,0,0,0,0,0,0,0,61
16642,37,0,20,0,0,0,0,0,0,0,57
16643,40,0,19,0,0,0,0,0,0,0,59
16644,38,0,21,0,0,0,0,0,0,0,59
16645,40,0,21,0,0,0,0,0,0,0,61
16646,35,0,24,0,0,0,0,0,0,0,59
16647,45,0,20,0,0,0,0,0,0,0,65
16648,48,0,19,0,0,0,0,0,0,0,67
16649,50,0,20,0,0,0,0,0,0,0,70
16650,52,0,18,0,0,0,0,0,0,0,70
16651,52,0,13,0,0,0,0,0,0,0,65
16652,52,0,15,0,0,0,0,0,0,0,67
16653,50,0,15,0,0,0,0,0,0,0,65
16654,46,0,16,0,0,0,0,0,0,0,62
16655,53,0,15,0,0,0,0,0,0,0,68
16656,59,0,15,0,0,0,0,0,0,0,74
16657,56,0,15,0,0,0,0,0,0,0,71
16658,57,0,12,0,0,0,0,0,0,0,69
16659,62,0,15,0,0,0,0,0,0,0,77
16660,60,0,13,0,0,0,0,0,0,0,73
16661,57,0,12,0,0,0,0,0,0,0,69
16662,59,0,17,0,0,0,0,0,0,0,76
16663,59,0,16,0,0,0,0,0,0,0,75
16664,55,0,20,0,0,0,0,0,0,0,75
16665,55,0,16,0,0,0,0,0,0,0,71
16666,53,0,13,0,0,0,0,0,0,0,66
16667,49,0,14,0,0,0,0,0,0,0,63
16668,48,0,9,0,0,0,0,0,0,0,57
16669,56,0,9,0,0,0,0,0,0,0,65
16670,59,0,7,0,0,0,0,0,0,0,66
16671,39,0,10,0,0,0,0,0,0,0,49
16672,55,0,10,0,0,0,0,0,0,0,65
16673,61,0,8,0,0,0,0,0,0,0,69
16674,54,0,5,0,0,0,0,0,0,0,59
16675,60,0,5,0,0,0,0,0,0,0,65
16676,66,0,5,0,0,0,0,0,0,0,71
16677,56,0,4,0,0,0,0,0,0,0,60
16678,50,0,7,0,0,0,0,0,0,0,57
16679,57,0,8,0,0,0,0,0,0,0,65
16680,54,0,8,0,0,0,0,0,0,0,62
16681,53,0,12,0,0,0,0,0,0,0,65
16682,55,0,13,0,0,0,0,0,0,0,68
16683,46,0,8,0,0,0,0,0,0,0,54
16684,51,0,10,0,0,0,0,0,0,0,61
16685,52,0,11,0,0,0,0,0,0,0,63
16686,60,0,10,0,0,0,0,0,0,0,70
16687,49,0,10,0,0,0,0,0,0,0,59
16688,46,0,11,0,0,0,0,0,0,0,57
16689,50,0,12,0,0,0,0,0,0,0,62
16690,49,0,10,0,0,0,0,0,0,0,59
16691,50,0,11,0,0,0,0,0,0,0,61
16692,40,1,10,0,0,0,0,0,0,0,51
16693,39,0,3,0,0,0,0,0,0,0,42
16694,42,0,9,0,0,0,0,0,0,0,51
16695,33,0,4,0,0,0,0,0,0,0,37
16696,45,0,6,0,0,0,0,0,0,0,51
16697,43,0,4,0,0,0,0,0,0,0,47
16698,56,0,5,0,0,0,0,0,0,0,61
16699,54,0,9,0,0,0,0,0,0,0,63
16700,50,0,9,0,0,0,0,0,0,0,59
16701,39,0,7,0,0,0,0,0,0,0,46
16702,37,0,7,0,0,0,0,0,0,0,44
16703,36,0,4,0,0,0,0,0,0,0,40
16704,37,0,7,0,0,0,0,0,0,0,44
16705,38,0,8,0,0,0,0,0,0,0,46
16706,31,0,9,0,0,0,0,0,0,0,40
16707,40,0,8,0,0,0,0,0,0,0,48
16708,39,0,9,0,0,0,0,0,0,0,48
16709,41,0,9,0,0,0,0,0,0,0,50
16710,47,0,8,0,0,0,0,0,0,0,55
16711,41,0,8,0,0,0,0,0,0,0,49
16712,44,0,8,0,0,0,0,0,0,0,52
16713,40,0,8,0,0,0,0,0,0,0,48
16714,43,0,9,0,0,0,0,0,0,0,52
16715,33,0,11,0,0,0,0,0,0,0,44
16716,30,0,9,0,0,0,0,0,0,0,39
16717,31,1,8,0,0,0,0,0,0,0,40
16718,34,1,9,0,0,0,0,0,0,0,44
16719,27,0,11,0,0,0,0,0,0,0,38
16720,35,0,13,0,0,0,0,0,0,0,48
16721,34,0,10,0,0,0,0,0,0,0,44
16722,33,0,8,0,0,0,0,0,0,0,41
16723,33,0,7,0,0,0,0,0,0,0,40
16724,23,0,13,0,0,0,0,0,0,0,36
16725,32,0,11,0,0,0,0,0,0,0,43
16726,30,0,5,0,0,0,0,0,0,0,35
16727,20,2,10,0,0,0,0,0,0,0,32
16728,24,0,8,0,0,0,0,0,0,0,32
16729,27,0,7,0,0,0,0,0,0,0,34
16730,33,0,5,0,0,0,0,0,0,0,38
16731,31,0,9,0,0,0,0,0,0,0,40
16732,31,0,8,0,0,0,0,0,0,0,39
16733,28,0,8,0,0,0,0,0,0,0,36
16734,21,0,9,0,0,0,0,0,0,0,30
16735,34,0,6,0,0,0,0,0,0,0,40
16736,30,1,5,0,0,0,0,0,0,0,36
16737,25,0,8,0,0,0,0,0,0,0,33
16738,26,0,8,0,0,0,0,0,0,0,34
16739,23,0,9,0,0,0,0,0,0,0,32
16740,31,0,9,0,0,0,0,0,0,0,40
16741,30,0,9,0,0,0,0,0,0,0,39
16742,36,0,4,0,0,0,0,0,0,0,40
16743,37,0,5,0,0,0,0,0,0,0,42
16744,36,0,4,0,0,0,0,0,0,0,40
16745,33,0,5,0,0,0,0,0,0,0,38
16746,33,0,4,0,0,0,0,0,0,0,37
16747,24,0,8,0,0,0,0,0,0,0,32
16748,22,0,4,0,0,0,0,0,0,0,26
16749,18,0,3,0,0,0,0,0,0,0,21
16750,18,0,2,0,0,0,0,0,0,0,20
16751,25,0,2,0,0,0,0,0,0,0,27
16752,29,0,6,0,0,0,0,0,0,0,35
16753,32,0,6,0,0,0,0,0,0,0,38
16754,37,0,5,0,0,0,0,0,0,0,42
16755,38,0,8,0,0,0,0,0,0,0,46
16756,45,0,12,0,0,0,0,0,0,0,57
16757,37,0,14,0,0,0,0,0,0,0,51
16758,40,0,18,0,0,0,0,0,0,0,58
16759,41,0,17,0,0,0,0,0,0,0,58
16760,44,0,18,0,0,0,0,0,0,0,62
16761,51,0,16,0,0,0,0,0,0,0,67
16762,46,0,18,0,0,0,0,0,0,0,64
16763,48,0,17,0,0,0,0,0,0,0,65
16764,38,0,16,0,0,0,0,0,0,0,54
16765,38,0,15,0,0,0,0,0,0,0,53
16766,26,0,19,0,0,0,0,0,0,0,45
16767,35,0,23,0,0,0,0,0,0,0,58
16768,29,0,18,0,0,0,0,0,0,0,47
16769,38,0,20,0,0,0,0,0,0,0,58
16770,41,0,15,0,0,0,0,0,0,0,56
16771,33,0,14,0,0,0,0,0,0,0,47
16772,23,0,19,0,0,0,0,0,0,0,42
16773,25,0,20,0,0,0,0,0,0,0,45
16774,21,0,19,0,0,0,0,0,0,0,40
16775,27,0,20,0,0,0,0,0,0,0,47
16776,26,0,20,0,0,0,0,0,0,0,46
16777,34,0,16,0,0,0,0,0,0,0,50
16778,31,0,20,0,0,0,0,0,0,0,51
16779,37,0,21,0,0,0,0,0,0,0,58
16780,35,0,17,0,0,0,0,0,0,0,52
16781,38,0,14,0,0,0,0,0,0,0,52
16782,35,0,21,0,0,0,0,0,0,0,56
16783,41,0,14,0,0,0,0,0,0,0,55
16784,36,0,12,0,0,0,0,0,0,0,48
16785,33,0,12,0,0,0,0,0,0,0,45
16786,37,0,12,0,0,0,0,0,0,0,49
16787,44,0,21,0,0,0,0,0,0,0,65
16788,51,0,14,0,0,0,0,0,0,0,65
16789,45,0,14,0,0,0,0,0,0,0,59
16790,49,0,12,0,0,0,0,0,0,0,61
16791,50,0,14,0,0,0,0,0,0,0,64
16792,55,0,12,0,0,0,0,0,0,0,67
16793,58,0,12,0,0,0,0,0,0,0,70
16794,57,0,14,0,0,0,0,0,0,0,71
16795,54,0,19,0,0,0,0,0,0,0,73
16796,53,0,16,0,0,0,0,0,0,0,69
16797,48,0,13,0,0,0,0,0,0,0,61
16798,53,0,15,0,0,0,0,0,0,0,68
16799,59,0,11,0,0,0,0,0,0,0,70
16800,57,0,5,0,0,0,0,0,0,0,62
16801,53,0,9,0,0,0,0,0,0,0,62
16802,55,0,15,0,0,0,0,0,0,0,70
16803,56,0,10,0,0,0,0,0,0,0,66
16804,57,0,7,0,0,0,0,0,0,0,64
16805,55,0,7,0,0,0,0,0,0,0,62
16806,54,0,3,0,0,0,0,0,0,0,57
16807,48,0,4,0,0,0,0,0,0,0,52
16808,53,0,3,0,0,0,0,0,0,0,56
16809,53,0,5,0,0,0,0,0,0,0,58
16810,49,0,5,0,0,0,0,0,0,0,54
16811,38,0,4,0,0,0,0,0,1,0,42
16812,45,0,4,0,0,0,0,0,1,0,49
16813,51,0,7,0,0,0,0,0,0,0,58
16814,58,0,5,0,0,0,0,0,0,0,63
16815,57,0,5,0,0,0,0,0,0,0,62
16816,43,0,4,0,0,0,0,0,0,0,47
16817,28,0,4,0,0,0,0,0,0,0,32
16818,34,0,6,0,0,0,0,0,0,0,40
16819,36,0,6,0,0,0,0,0,0,0,42
16820,40,0,7,0,0,0,0,0,0,0,47
16821,38,0,6,0,0,0,0,0,0,0,44
16822,35,0,8,0,0,0,0,0,0,0,43
16823,38,0,4,0,0,0,0,0,0,0,42
16824,25,0,4,0,0,0,0,0,0,0,29
16825,31,0,1,0,0,0,0,0,0,0,32
16826,28,0,1,0,0,0,0,0,0,0,29
16827,20,0,0,0,0,0,0,0,0,0,20
16828,16,0,1,0,0,0,0,0,0,0,17
16829,18,0,8,0,0,0,0,0,0,0,26
16830,19,0,8,0,0,0,0,0,0,0,27
16831,16,0,6,0,0,0,0,0,0,0,22
16832,14,0,3,0,0,0,0,0,0,0,17
16833,20,0,3,0,0,0,0,0,0,0,23
16834,25,0,3,0,0,0,0,0,0,0,28
16835,34,0,5,0,0,0,0,0,0,0,39
16836,36,0,6,0,0,0,0,0,0,0,42
16837,36,0,10,0,0,0,0,0,0,0,46
16838,33,0,6,0,0,0,0,0,0,0,39
16839,32,0,4,0,0,0,0,0,0,0,36
16840,23,0,5,0,0,0,0,0,0,0,28
16841,24,0,8,0,0,0,0,0,0,0,32
16842,25,0,8,0,0,0,0,0,0,0,33
16843,24,0,8,0,0,0,0,0,0,0,32
16844,24,0,9,0,0,0,0,0,0,0,33
16845,21,0,12,0,0,0,0,0,0,0,33
16846,24,0,10,0,0,0,0,0,0,0,34
16847,32,0,9,0,0,0,0,0,0,0,41
16848,33,0,8,0,0,0,0,0,0,0,41
16849,26,0,9,0,0,0,0,0,0,0,35
16850,26,0,9,0,0,0,0,0,0,0,35
16851,26,0,6,0,0,0,0,0,0,0,32
16852,24,0,9,0,0,0,0,0,0,0,33
16853,29,0,11,0,0,0,0,0,0,0,40
16854,29,0,9,0,0,0,0,0,0,0,38
16855,26,0,10,0,0,0,0,0,0,0,36
16856,24,0,9,0,0,0,0,0,0,0,33
16857,31,0,10,0,0,0,0,0,0,0,41
16858,46,0,11,0,0,0,0,0,0,0,57
16859,50,0,10,0,0,0,0,0,0,0,60
16860,39,0,11,0,0,0,0,0,0,0,50
16861,38,0,11,0,0,0,0,0,0,0,49
16862,34,0,9,0,0,0,0,0,0,0,43
16863,31,0,17,0,0,0,0,0,0,0,48
16864,30,0,15,0,0,0,0,0,0,0,45
16865,30,0,11,0,0,0,0,0,0,0,41
16866,30,0,5,0,0,0,0,0,0,0,35
16867,31,0,5,0,0,0,0,0,0,0,36
16868,28,0,4,0,0,0,0,0,0,0,32
16869,29,0,4,0,0,0,0,0,0,0,33
16870,30,0,4,0,0,0,0,0,0,0,34
16871,25,0,4,0,0,0,0,0,0,0,29
16872,43,0,3,0,0,0,0,0,0,0,46
16873,35,0,2,0,0,0,0,0,0,0,37
16874,33,0,4,0,0,0,0,0,0,0,37
16875,35,0,3,0,0,0,0,0,0,0,38
16876,23,0,1,0,0,0,0,0,0,0,24
16877,21,0,0,0,0,0,0,0,0,0,21
16878,22,0,0,0,0,0,0,0,0,0,22
16879,27,0,0,0,0,0,0,0,0,0,27
16880,17,0,0,0,0,0,0,0,0,0,17
16881,27,0,1,0,0,0,0,0,0,0,28
16882,29,0,0,0,0,0,0,0,0,0,29
16883,31,0,2,0,0,0,0,0,0,0,33
16884,35,0,0,0,0,0,0,0,0,0,35
16885,38,0,5,0,0,0,0,0,0,0,43
16886,28,0,6,0,0,0,0,0,0,0,34
16887,40,0,4,0,0,0,0,0,0,0,44
16888,40,0,3,0,0,0,0,0,0,0,43
16889,39,0,8,0,0,0,0,0,0,0,47
16890,46,0,6,0,0,0,0,0,0,0,52
16891,50,0,9,0,0,0,0,0,0,0,59
16892,44,0,9,0,0,0,0,0,0,0,53
16893,50,0,13,0,0,0,0,0,0,0,63
16894,51,0,14,0,0,0,0,0,0,0,65
16895,57,0,12,0,0,0,0,0,0,0,69
16896,52,0,11,0,0,0,0,0,0,0,63
16897,63,0,10,0,0,0,0,0,0,0,73
16898,57,0,13,0,0,0,0,0,0,0,70
16899,49,0,13,0,0,0,0,0,0,0,62
16900,57,0,8,0,0,0,0,0,0,0,65
16901,59,1,14,0,0,0,0,0,0,0,74
16902,57,0,14,0,0,0,0,0,0,0,71
16903,57,0,15,0,0,0,0,0,0,0,72
16904,54,0,14,0,0,0,0,0,0,0,68
16905,57,0,16,0,0,0,0,0,0,0,73
16906,61,2,10,0,0,0,0,0,0,0,73
16907,55,0,12,0,0,0,0,0,0,0,67
16908,52,0,14,0,0,0,0,0,0,0,66
16909,51,1,12,0,0,0,0,0,0,0,64
16910,55,0,12,0,0,0,0,0,1,0,67
16911,54,0,16,0,0,0,0,0,4,0,70
16912,53,0,11,0,0,0,0,0,4,0,64
16913,50,2,10,0,0,0,0,0,4,0,62
16914,50,2,13,0,0,0,0,0,4,0,65
16915,48,0,13,0,0,0,0,0,4,0,61
16916,44,0,15,0,0,0,0,0,4,0,59
16917,51,0,15,0,0,0,0,0,4,0,66
16918,55,0,17,0,0,0,0,0,4,0,72
16919,47,0,11,0,0,0,0,0,4,0,58
16920,50,0,17,0,0,0,0,0,4,0,67
16921,68,0,16,0,0,0,0,0,4,0,84
16922,67,0,15,0,0,0,0,0,4,0,82
16923,60,0,17,0,0,0,0,0,4,0,77
16924,58,0,15,0,0,0,0,0,4,0,73
16925,53,0,16,0,0,0,0,0,4,0,69
16926,49,1,15,0,0,0,0,0,4,0,65
16927,53,0,14,0,0,0,0,0,4,0,67
16928,53,0,12,0,0,0,0,0,4,0,65
16929,56,0,18,0,0,0,0,0,4,0,74
16930,51,0,18,0,0,0,0,0,4,0,69
16931,48,0,14,0,0,0,0,0,0,0,62
16932,43,0,15,0,0,0,0,0,0,0,58
16933,58,0,13,0,0,0,0,0,1,0,71
16934,63,0,12,0,0,0,0,0,1,0,75
16935,60,0,14,0,0,0,0,0,0,0,74
16936,65,0,12,0,0,0,0,0,3,0,77
16937,63,0,20,0,0,0,0,0,0,0,83
16938,45,0,21,0,0,0,0,0,0,0,66
16939,42,0,17,0,0,0,0,0,0,0,59
16940,46,0,15,0,0,0,0,0,0,0,61
16941,46,0,12,0,0,0,0,0,0,0,58
16942,55,0,15,0,0,0,0,0,0,0,70
16943,38,0,12,0,0,0,0,0,0,0,50
16944,46,0,14,0,0,0,0,0,0,0,60
16945,37,0,13,0,0,0,0,0,0,0,50
16946,32,0,14,0,0,0,0,0,0,0,46
16947,34,0,9,0,0,0,0,0,0,0,43
16948,31,0,16,0,0,0,0,0,0,0,47
16949,27,0,17,0,0,0,0,0,0,0,44
16950,26,0,14,0,0,0,0,0,0,0,40
16951,38,0,13,0,0,0,0,0,0,0,51
16952,38,0,17,0,0,0,0,0,0,0,55
16953,34,0,16,0,0,0,0,0,0,0,50
16954,42,0,16,0,0,0,0,0,0,0,58
16955,35,2,18,0,0,0,0,0,0,0,55
16956,36,0,21,0,0,0,0,0,0,0,57
16957,33,0,22,0,0,0,0,0,0,0,55
16958,27,1,21,0,0,0,0,0,0,0,49
16959,22,1,20,0,0,0,0,0,0,0,43
16960,22,0,23,0,0,0,0,0,0,0,45
16961,26,0,23,0,0,0,0,0,0,0,49
16962,20,0,18,0,0,0,0,0,0,0,38
16963,22,0,24,0,0,0,0,0,0,0,46
16964,28,0,18,0,0,0,0,0,0,0,46
16965,30,0,17,0,0,0,0,0,0,0,47
16966,34,0,18,0,0,0,0,0,0,0,52
16967,34,0,18,0,0,0,0,0,0,0,52
16968,41,0,16,0,0,0,0,0,0,0,57
16969,34,0,13,0,0,0,0,0,0,0,47
16970,31,0,12,0,0,0,0,0,0,0,43
16971,34,0,13,0,0,0,0,0,0,0,47
16972,32,0,12,0,0,0,0,0,0,0,44
16973,36,0,12,0,0,0,0,0,0,0,48
16974,32,0,12,0,0,0,0,0,0,0,44
16975,35,0,12,0,0,0,0,0,0,0,47
16976,31,0,15,0,0,0,0,0,0,0,46
16977,35,0,12,0,0,0,0,0,0,0,47
16978,35,1,9,0,0,0,0,0,0,0,45
16979,29,3,9,0,0,0,0,0,0,0,41
16980,26,2,10,0,0,0,0,0,0,0,38
16981,32,3,9,0,0,0,0,0,0,0,44
16982,27,1,10,0,0,0,0,0,0,0,38
16983,32,1,12,0,0,0,0,0,0,0,45
16984,30,1,11,0,0,0,0,0,0,0,42
16985,32,2,9,0,0,0,0,0,0,0,43
16986,36,0,11,0,0,0,0,0,0,0,47
16987,34,4,13,0,0,0,0,0,0,0,51
16988,26,4,8,0,0,0,0,0,0,0,38
16989,27,3,9,0,0,0,0,0,0,0,39
16990,33,4,9,0,0,0,0,0,0,0,46
16991,24,3,9,0,0,0,0,0,0,0,36
16992,22,2,13,0,0,0,0,0,0,0,37
16993,24,3,14,0,0,0,0,0,0,0,41
16994,28,0,15,0,0,0,0,0,0,0,43
16995,35,1,11,0,0,0,0,0,0,0,47
16996,38,3,11,0,0,0,0,0,0,0,52
16997,33,1,10,0,0,0,0,0,0,0,44
16998,34,1,13,0,0,0,0,0,0,0,48
16999,37,0,7,0,0,0,0,0,0,0,44
17000,44,0,3,0,0,0,0,0,0,0,47
17001,41,0,6,0,0,0,0,0,0,0,47
17002,40,0,4,0,0,0,0,0,0,0,44
17003,35,0,4,0,0,0,0,0,0,0,39
17004,32,0,5,0,0,0,2,0,0,0,39
17005,31,0,9,0,0,0,0,0,0,0,40
17006,28,0,14,0,0,0,0,0,0,0,42
17007,31,0,8,0,0,0,0,0,0,0,39
17008,31,0,8,0,0,0,0,0,0,0,39
17009,32,0,2,0,0,0,0,0,0,0,34
17010,27,0,3,0,0,0,0,0,0,0,30
17011,33,0,4,0,0,0,0,0,0,0,37
17012,29,0,0,0,0,0,0,0,0,0,29
17013,31,0,1,0,0,0,0,0,0,0,32
17014,41,0,3,0,0,0,0,0,0,0,44
17015,45,0,3,0,0,0,0,0,0,0,48
17016,48,0,2,0,0,0,0,0,0,0,50
17017,47,0,3,0,0,0,0,0,0,0,50
17018,52,0,2,0,0,0,0,0,0,0,54
17019,53,0,6,0,0,0,0,0,0,0,59
17020,49,0,10,0,0,0,0,0,0,0,59
17021,40,0,11,0,0,0,0,0,0,0,51
17022,44,0,11,0,0,0,0,0,0,0,55
17023,36,0,8,0,0,0,0,0,0,0,44
17024,36,0,9,0,0,0,0,0,0,0,45
17025,34,0,9,0,0,0,0,0,0,0,43
17026,29,0,11,0,0,0,0,0,0,0,40
17027,29,0,13,0,0,0,0,0,0,0,42
17028,32,0,15,0,0,0,0,0,0,0,47
17029,30,0,15,0,0,0,0,0,0,0,45
17030,28,0,17,0,0,0,0,0,0,0,45
17031,30,0,18,0,0,0,0,0,0,0,48
17032,37,0,17,0,0,0,0,0,0,0,54
17033,33,0,17,0,0,0,0,0,0,0,50
17034,42,0,14,0,0,0,0,0,0,0,56
17035,36,0,13,0,0,0,0,0,0,0,49
17036,37,0,15,0,0,0,0,0,0,0,52
17037,42,0,15,0,0,0,0,0,0,0,57
17038,48,0,16,0,0,0,0,0,0,0,64
17039,46,0,20,0,0,0,0,0,0,0,66
17040,41,0,20,0,0,0,0,0,0,0,61
17041,37,0,20,0,0,0,0,0,0,0,57
17042,36,0,22,0,0,0,0,0,0,0,58
17043,41,0,21,0,0,0,0,0,0,0,62
17044,37,0,22,0,0,0,0,0,0,0,59
17045,42,0,22,0,0,0,0,0,0,0,64
17046,44,0,20,0,0,0,0,0,0,0,64
17047,55,0,23,0,0,0,0,0,0,0,78
17048,62,0,20,0,0,0,0,0,0,0,82
17049,60,0,12,0,0,0,0,0,0,0,72
17050,51,0,15,0,0,0,0,0,0,0,66
17051,56,0,14,0,0,0,0,0,0,0,70
17052,58,0,15,0,0,0,0,0,0,0,73
17053,40,0,17,0,0,0,0,0,0,0,57
17054,44,0,14,0,0,0,0,0,0,0,58
17055,45,0,14,0,0,0,0,0,0,0,59
17056,47,0,10,0,0,0,0,0,0,0,57
17057,42,0,17,0,0,0,0,0,0,0,59
17058,38,0,22,0,0,0,0,0,0,0,60
17059,37,0,17,0,0,0,0,0,0,0,54
17060,43,0,18,0,0,0,0,0,0,0,61
17061,42,0,16,0,0,0,0,0,0,0,58
17062,45,0,14,0,0,0,0,0,0,0,59
17063,41,0,13,0,0,0,0,0,0,0,54
17064,38,0,6,0,0,0,0,0,0,0,44
17065,41,0,8,0,0,0,0,0,0,0,49
17066,49,0,4,0,0,0,0,0,0,0,53
17067,58,0,2,0,0,0,0,0,0,0,60
17068,43,0,1,0,0,0,0,0,0,0,44
17069,35,0,3,0,0,0,0,0,0,0,38
17070,32,0,1,0,0,0,0,0,0,0,33
17071,39,0,0,0,0,0,0,0,0,0,39
17072,45,0,3,0,0,0,0,0,0,0,48
17073,46,0,1,0,0,0,0,0,0,0,47
17074,41,0,3,0,0,0,0,0,0,0,44
17075,45,0,4,0,0,0,0,0,0,0,49
17076,39,0,7,0,0,0,0,0,0,0,46
17077,38,0,10,0,0,0,0,0,0,0,48
17078,32,0,10,0,0,0,0,0,0,0,42
17079,36,0,9,0,0,0,0,0,0,0,45
17080,38,0,7,0,0,0,0,0,0,0,45
17081,37,0,4,0,0,0,0,0,0,0,41
17082,42,2,0,0,0,0,0,0,0,0,44
17083,40,1,6,0,0,0,0,0,0,0,47
17084,40,0,4,0,0,0,0,0,0,0,44
17085,35,0,6,0,0,0,0,0,0,0,41
17086,35,0,4,0,0,0,0,0,0,0,39
17087,42,0,5,0,0,0,0,0,0,0,47
17088,41,1,7,0,0,0,0,0,0,0,49
17089,39,1,5,0,0,0,0,0,0,0,45
17090,38,1,9,0,0,0,0,0,0,0,48
17091,35,0,13,0,0,0,0,0,0,0,48
17092,36,3,7,0,0,0,0,0,0,0,46
17093,39,1,7,0,0,0,0,0,0,0,47
17094,44,0,8,0,0,0,0,0,0,0,52
17095,41,0,8,0,0,0,0,0,0,0,49
17096,46,0,8,0,0,0,0,0,0,0,54
17097,51,0,8,0,0,0,0,0,0,0,59
17098,52,0,2,0,0,0,0,0,0,0,54
17099,59,0,7,0,0,0,0,0,0,0,66
17100,45,0,8,0,0,0,0,0,0,0,53
17101,46,0,7,0,0,0,0,0,0,0,53
17102,49,0,9,0,0,0,0,0,0,0,58
17103,45,0,11,0,0,0,0,0,0,0,56
17104,31,0,12,0,0,0,0,0,0,0,43
17105,37,2,9,0,0,0,0,0,0,0,48
17106,33,0,14,0,0,0,0,0,0,0,47
17107,46,0,12,0,0,0,0,0,0,0,58
17108,50,0,14,0,0,0,0,0,0,0,64
17109,43,0,12,0,0,0,0,0,0,0,55
17110,51,0,11,0,0,0,0,0,0,0,62
17111,45,0,12,0,0,0,0,0,0,0,57
17112,40,0,11,0,0,0,0,0,0,0,51
17113,42,0,16,0,0,0,0,0,0,0,58
17114,39,0,11,0,0,0,0,0,0,0,50
17115,42,0,12,0,0,0,0,0,0,0,54
17116,58,0,11,0,0,0,0,0,0,0,69
17117,45,0,13,0,0,0,0,0,0,0,58
17118,43,0,12,0,0,0,0,0,0,0,55
17119,35,0,12,0,0,0,0,0,0,0,47
17120,41,1,12,0,0,0,0,0,0,0,54
17121,41,0,12,0,0,0,0,0,0,0,53
17122,46,0,14,0,0,0,0,0,0,0,60
17123,49,0,15,0,0,0,0,0,0,0,64
17124,47,0,14,0,0,0,0,0,0,0,61
17125,46,0,13,0,0,0,0,0,0,0,59
17126,44,0,13,0,0,0,0,0,0,0,57
17127,41,0,12,0,0,0,0,0,0,0,53
17128,34,0,14,0,0,0,0,0,0,0,48
17129,41,0,21,0,0,0,0,0,0,0,62
17130,41,0,20,0,0,0,0,0,0,0,61
17131,47,0,20,0,0,0,0,0,0,0,67
17132,43,0,19,0,0,0,0,0,0,0,62
17133,44,0,20,0,0,0,0,0,0,0,64
17134,37,0,18,0,0,0,0,0,0,0,55
17135,40,0,15,0,0,0,0,0,0,0,55
17136,44,0,16,0,0,0,0,0,0,0,60
17137,46,0,14,0,0,0,0,0,0,0,60
17138,43,1,12,0,0,0,0,0,0,0,56
17139,40,1,14,0,0,0,0,0,0,0,55
17140,52,2,14,0,0,0,0,0,0,0,68
17141,54,3,10,0,0,0,0,0,0,0,67
17142,44,4,12,0,0,0,0,0,0,0,60
17143,55,0,14,0,0,0,0,0,0,0,69
17144,55,0,10,0,0,0,0,0,0,0,65
17145,47,0,12,0,0,0,0,0,0,0,59
17146,51,0,16,0,0,0,0,0,0,0,67
17147,51,0,16,0,0,0,0,0,0,0,67
17148,37,0,13,0,0,0,0,0,0,0,50
17149,34,0,10,0,0,0,0,0,0,0,44
17150,34,0,11,0,0,0,0,0,0,0,45
17151,28,0,19,0,0,0,0,0,0,0,47
17152,33,2,13,0,0,0,0,0,0,0,48
17153,23,2,12,0,0,0,0,0,0,0,37
17154,34,2,5,0,0,0,0,0,0,0,41
17155,21,0,5,0,0,0,0,0,0,0,26
17156,24,1,9,0,0,0,0,0,0,0,34
17157,22,0,11,0,0,0,0,0,0,0,33
17158,24,0,8,0,0,0,0,0,0,0,32
17159,27,0,4,0,0,0,0,0,0,0,31
17160,23,0,10,0,0,0,0,0,0,0,33
17161,49,0,8,0,0,0,0,0,0,0,57
17162,53,4,4,0,0,0,0,0,0,0,61
17163,41,2,4,0,0,0,0,0,0,0,47
17164,50,4,2,0,0,0,0,0,0,0,56
17165,46,3,10,0,0,0,0,0,0,0,59
17166,49,0,9,0,0,0,0,0,0,0,58
17167,62,1,9,0,0,0,0,0,0,0,72
17168,53,0,12,0,0,0,0,0,0,0,65
17169,47,0,16,0,0,0,0,0,0,0,63
17170,46,0,12,0,0,0,0,0,0,0,58
17171,51,0,10,0,0,0,0,0,0,0,61
17172,39,0,6,0,0,0,0,0,0,0,45
17173,50,0,9,0,0,0,0,0,0,0,59
17174,51,0,7,0,0,0,0,0,0,0,58
17175,57,0,10,0,0,0,0,0,0,0,67
17176,59,0,11,0,0,0,0,0,0,0,70
17177,61,0,10,0,0,0,0,0,0,0,71
17178,55,0,11,0,0,0,0,0,0,0,66
17179,54,0,5,0,0,0,0,0,0,0,59
17180,60,0,9,0,0,0,0,0,0,0,69
17181,64,0,11,0,0,0,0,0,0,0,75
17182,59,0,4,0,0,0,0,0,0,0,63
17183,57,0,9,0,0,0,0,0,0,0,66
17184,55,0,9,0,0,0,0,0,0,0,64
17185,57,2,7,0,0,0,0,0,0,0,66
17186,57,3,6,0,0,0,0,0,0,0,66
17187,55,0,8,0,0,0,0,0,0,0,63
17188,53,0,8,0,0,0,0,0,0,0,61
17189,46,0,5,0,0,0,0,0,0,0,51
17190,45,0,8,0,0,0,0,0,0,0,53
17191,49,0,12,0,0,0,0,0,0,0,61
17192,41,0,11,0,0,0,0,0,0,0,52
17193,41,0,11,0,0,0,0,0,0,0,52
17194,47,0,11,0,0,0,0,0,0,0,58
17195,36,0,12,0,0,0,0,0,0,0,48
17196,41,0,10,0,0,0,0,0,0,0,51
17197,40,0,11,0,0,0,0,0,0,0,51
17198,39,0,7,0,0,0,0,0,0,0,46
17199,53,0,8,0,0,0,0,0,0,0,61
17200,47,0,7,0,0,0,0,0,0,0,54
17201,50,0,12,0,0,0,0,0,0,0,62
17202,41,0,10,0,0,0,0,0,0,0,51
17203,34,0,8,0,0,0,0,0,0,0,42
17204,33,0,5,0,0,0,0,0,0,0,38
17205,33,0,7,0,0,0,0,0,0,0,40
17206,31,0,9,0,0,0,0,0,0,0,40
17207,30,0,9,0,0,0,0,0,0,0,39
17208,32,0,7,0,0,0,0,0,0,0,39
17209,37,0,8,0,0,0,0,0,0,0,45
17210,34,0,13,0,0,0,0,0,0,0,47
17211,33,0,11,0,0,0,0,0,0,0,44
17212,26,0,10,0,0,0,0,0,0,0,36
17213,32,0,9,0,0,0,0,0,0,0,41
17214,35,0,6,0,0,0,0,0,0,0,41
17215,41,0,6,0,0,0,0,0,0,0,47
17216,33,0,6,0,0,0,0,0,0,0,39
17217,30,0,16,0,0,0,0,0,0,0,46
17218,20,0,14,0,0,0,0,0,0,0,34
17219,25,0,7,0,0,0,0,0,0,0,32
17220,21,0,12,0,0,0,0,0,0,0,33
17221,21,0,12,0,0,0,0,0,0,0,33
17222,28,0,6,0,0,0,0,0,0,0,34
17223,24,0,8,0,0,0,0,0,0,0,32
17224,26,0,3,0,0,0,0,0,0,0,29
17225,28,0,1,0,0,0,0,0,0,0,29
17226,32,0,3,0,0,0,0,0,0,0,35
17227,33,0,4,0,0,0,0,0,0,0,37
17228,44,0,4,0,0,0,0,0,0,0,48
17229,42,0,1,0,0,0,0,0,0,0,43
17230,38,0,0,0,0,0,0,0,0,0,38
17231,38,0,2,0,0,0,0,0,0,0,40
17232,38,0,4,0,0,0,0,0,0,0,42
17233,35,0,5,0,0,0,0,0,0,0,40
17234,38,0,5,0,0,0,0,0,0,0,43
17235,35,0,7,0,0,0,0,0,0,0,42
17236,39,0,6,0,0,0,0,0,0,0,45
17237,31,0,4,0,0,0,0,0,0,0,35
17238,33,0,4,0,0,0,0,0,0,0,37
17239,29,0,4,0,0,0,0,0,0,0,33
17240,27,0,4,0,0,0,0,0,0,0,31
17241,24,0,5,0,0,0,0,0,0,0,29
17242,24,0,5,0,0,0,0,0,0,0,29
17243,24,0,4,0,0,0,0,0,0,0,28
17244,28,0,4,0,0,0,0,0,0,0,32
17245,31,0,4,0,0,0,0,0,0,0,35
17246,36,0,6,0,0,0,0,0,0,0,42
17247,35,0,5,0,0,0,0,0,0,0,40
17248,32,0,7,0,0,0,0,0,0,0,39
17249,37,0,9,0,0,0,0,0,0,0,46
17250,27,0,10,0,0,0,0,0,0,0,37
17251,24,0,9,0,0,0,0,0,0,0,33
17252,30,0,8,0,0,0,0,0,0,0,38
17253,31,0,11,0,0,0,0,0,0,0,42
17254,29,0,16,0,0,0,0,0,0,0,45
17255,23,0,12,0,0,0,0,0,0,0,35
17256,19,0,12,0,0,0,0,0,0,0,31
17257,30,0,11,0,0,0,0,0,0,0,41
17258,24,0,12,0,0,0,0,0,0,0,36
17259,34,0,4,0,0,0,0,0,0,0,38
17260,30,0,7,0,0,0,0,0,0,0,37
17261,33,0,8,0,0,0,0,0,0,0,41
17262,37,1,11,0,0,0,0,0,0,0,49
17263,29,0,12,0,0,0,0,0,0,0,41
17264,30,0,10,0,0,0,0,0,0,0,40
17265,32,0,11,0,0,0,0,0,0,0,43
17266,33,1,12,0,0,0,0,0,0,0,46
17267,46,1,10,0,0,0,0,0,0,0,57
17268,38,2,12,0,0,0,0,0,0,0,52
17269,42,2,15,0,0,0,0,0,0,0,59
17270,44,0,14,0,0,0,0,0,0,0,58
17271,37,0,23,0,0,0,0,0,0,0,60
17272,34,2,16,0,0,0,0,0,0,0,52
17273,38,1,12,0,0,0,0,0,0,0,51
17274,32,0,13,0,0,0,0,0,0,0,45
17275,38,0,12,0,0,0,0,0,0,0,50
17276,41,2,13,0,0,0,0,0,0,0,56
17277,28,4,9,0,0,0,0,0,0,0,41
17278,36,2,9,0,0,0,0,0,0,0,47
17279,40,2,10,0,0,0,0,0,0,0,52
17280,30,3,10,0,0,0,0,0,0,0,43
17281,27,3,11,0,0,0,0,0,0,0,41
17282,32,3,14,0,0,0,0,0,0,0,49
17283,34,1,15,0,0,0,0,0,0,0,50
17284,31,0,15,0,0,0,0,0,0,0,46
17285,28,0,19,0,0,0,0,0,0,0,47
17286,32,0,19,0,0,0,0,0,0,0,51
17287,35,4,20,0,0,0,0,0,0,0,59
17288,37,4,16,0,0,0,0,0,0,0,57
17289,37,4,16,0,0,0,0,0,0,0,57
17290,37,4,14,0,0,0,0,0,0,0,55
17291,37,2,12,0,0,0,0,0,0,0,51
17292,36,0,20,0,0,0,0,0,0,0,56
17293,40,0,20,0,0,0,0,0,0,0,60
17294,40,0,18,0,0,0,0,0,0,0,58
17295,39,0,18,0,0,0,0,0,0,0,57
17296,50,1,19,0,0,0,0,0,0,0,70
17297,55,0,17,0,0,0,0,0,0,0,72
17298,47,0,17,0,0,0,0,0,0,0,64
17299,46,0,16,0,0,0,0,0,0,0,62
17300,45,0,19,0,0,0,0,0,0,0,64
17301,50,0,20,0,0,0,0,0,0,0,70
17302,39,0,25,0,0,0,0,0,0,0,64
17303,39,0,24,0,0,0,0,0,0,0,63
17304,49,0,22,0,0,0,0,0,0,0,71
17305,47,0,22,0,0,0,0,0,0,0,69
17306,37,0,24,0,0,0,0,0,0,0,61
17307,43,0,23,0,0,0,0,0,0,0,66
17308,46,0,24,0,0,0,0,0,0,0,70
17309,42,0,23,0,0,0,0,0,0,0,65
17310,40,0,20,0,0,0,0,0,0,0,60
17311,50,0,21,0,0,0,0,0,0,0,71
17312,36,0,22,0,0,0,0,0,0,0,58
17313,33,0,23,0,0,0,0,0,0,0,56
17314,33,0,22,0,0,0,0,0,0,0,55
17315,33,0,26,0,0,0,0,0,0,0,59
17316,31,0,21,0,0,0,0,0,0,0,52
17317,33,0,23,0,0,0,0,0,0,0,56
17318,26,0,0,0,0,0,0,0,4,0,26
17319,22,0,0,0,0,0,0,0,0,0,22
17320,17,0,0,0,0,0,0,0,1,0,17
17321,15,0,0,0,0,0,0,0,0,0,15
17322,15,0,0,0,0,0,0,0,0,0,15
17323,15,0,0,0,0,0,0,0,2,0,15
17324,11,0,0,0,0,0,0,0,0,0,11
17325,10,0,0,0,0,0,0,0,0,0,10
17326,10,0,0,0,0,0,0,0,0,0,10
17327,10,0,0,0,0,0,0,0,0,0,10
17328,6,0,0,0,0,0,0,0,0,0,6
17329,5,0,0,0,0,0,0,0,0,0,5
17330,5,0,0,0,0,0,0,0,0,0,5
17331,10,0,0,0,0,0,0,0,0,0,10
17332,8,0,0,0,0,0,0,0,0,0,8
17333,5,0,0,0,0,0,0,0,0,0,5
17334,9,0,0,0,0,0,0,0,0,0,9
17335,10,0,0,0,0,0,0,0,0,0,10
17336,6,0,0,0,0,0,0,0,0,0,6
17337,8,0,0,0,0,0,0,0,0,0,8
17338,7,0,3,0,0,0,0,0,0,0,10
17339,9,0,1,0,0,0,0,0,3,0,10
17340,13,0,1,0,0,0,0,0,0,0,14
17341,10,0,0,0,0,0,0,0,0,0,10
17342,10,0,0,0,0,0,0,0,0,0,10
17343,10,0,0,0,0,0,0,0,0,0,10
17344,10,0,0,0,0,0,0,0,0,0,10
17345,9,0,0,0,0,0,0,0,0,0,9
17346,11,0,0,0,0,0,0,0,0,0,11
17347,10,0,1,0,0,0,0,0,0,0,11
17348,6,0,4,0,0,0,0,0,0,0,10
17349,9,0,5,0,0,0,0,0,0,0,14
17350,9,0,0,0,0,0,0,0,0,0,9
17351,10,0,0,0,0,0,0,0,0,0,10
17352,10,0,0,0,0,0,0,0,0,0,10
17353,14,0,0,0,0,0,0,0,0,0,14
17354,15,0,0,0,0,0,0,0,2,0,15
17355,20,0,0,0,0,0,0,0,5,0,20
17356,19,0,0,0,0,0,0,0,1,0,19
17357,16,0,0,0,0,0,0,0,1,0,16
17358,12,0,1,0,0,0,0,0,0,0,13
17359,7,0,4,0,0,0,0,0,5,0,11
17360,15,0,0,0,0,0,0,0,0,0,15
17361,24,3,0,0,0,0,0,0,0,0,27
17362,21,2,1,0,0,0,0,0,1,0,24
17363,22,0,4,0,0,0,0,0,0,0,26
17364,26,0,0,0,0,0,0,0,0,0,26
17365,26,0,0,0,0,0,0,0,3,0,26
17366,24,0,0,0,0,0,0,0,4,0,24
17367,24,0,0,0,0,0,0,0,0,0,24
17368,33,0,0,0,0,0,0,0,0,0,33
17369,37,0,0,0,0,0,0,0,0,0,37
17370,26,0,0,0,0,0,1,0,0,0,27
17371,30,0,0,0,0,0,0,0,0,0,30
17372,25,0,0,0,0,0,0,0,0,0,25
17373,22,0,0,0,0,0,0,0,0,0,22
17374,24,0,0,0,0,0,0,0,1,0,24
17375,31,0,0,0,0,0,0,0,0,0,31
17376,25,0,0,0,0,0,0,0,0,0,25
17377,37,0,0,0,0,0,0,0,0,0,37
17378,43,0,0,0,0,0,0,0,1,0,43
17379,31,0,0,0,0,0,0,0,0,0,31
17380,42,0,0,0,0,0,0,0,0,0,42
17381,44,0,0,0,0,0,0,0,0,0,44
17382,51,0,0,0,0,0,0,0,0,0,51
17383,56,0,0,0,0,0,0,0,0,0,56
17384,46,0,1,0,0,0,0,0,3,0,47
17385,54,0,0,0,0,0,0,0,5,0,54
17386,50,0,0,0,0,0,1,0,2,0,51
17387,47,0,0,0,0,0,1,0,3,0,48
17388,56,0,0,0,0,0,0,0,5,0,56
17389,47,0,0,0,0,0,0,0,4,0,47
17390,38,0,0,0,0,0,1,0,0,0,39
17391,32,0,0,0,0,0,2,0,0,0,34
17392,39,0,0,0,0,0,0,0,0,0,39
17393,44,0,0,0,0,0,0,0,2,0,44
17394,43,0,0,0,0,0,0,0,3,0,43
17395,31,0,3,0,0,0,0,0,2,0,34
17396,32,0,3,0,0,0,0,0,1,0,35
17397,38,0,1,0,0,0,0,0,5,0,39
17398,42,0,0,0,0,0,0,0,1,0,42
17399,45,0,0,0,0,0,0,0,0,0,45
17400,41,0,1,0,0,0,0,0,0,0,42
17401,37,0,4,0,0,0,0,0,0,0,41
17402,29,0,3,0,0,0,0,0,0,0,32
17403,33,0,0,0,0,0,0,0,1,0,33
17404,30,0,0,0,0,0,0,0,4,0,30
17405,34,0,0,0,0,0,0,0,5,0,34
17406,38,0,2,0,0,0,0,0,5,0,40
17407,29,0,5,0,0,0,0,0,1,0,34
17408,37,0,5,0,0,0,0,0,0,0,42
17409,37,0,4,0,0,0,0,0,0,0,41
17410,29,0,4,0,0,0,0,0,0,0,33
17411,29,0,0,0,0,0,0,0,1,0,29
17412,22,0,3,0,0,0,0,0,1,0,25
17413,11,0,4,0,0,0,0,0,0,0,15
17414,15,0,0,0,0,0,0,0,1,0,15
17415,20,0,0,0,0,0,0,0,0,0,20
17416,16,0,3,0,0,0,0,0,0,0,19
17417,23,0,0,0,0,0,0,0,0,0,23
17418,21,0,0,0,0,0,0,0,0,0,21
17419,22,0,0,0,0,0,0,0,0,0,22
17420,20,0,0,0,0,0,0,0,0,0,20
17421,22,0,0,0,0,0,0,0,2,0,22
17422,12,0,3,0,0,0,0,0,5,0,15
17423,6,0,5,0,0,0,0,0,0,0,11
17424,12,0,5,0,0,0,0,0,2,0,17
17425,18,0,4,0,0,0,0,0,0,0,22
17426,23,0,0,0,0,0,0,0,0,0,23
17427,20,0,0,0,0,0,0,0,0,0,20
17428,20,0,0,0,0,0,0,0,0,0,20
17429,29,0,0,0,0,0,0,0,5,0,29
17430,31,0,2,0,0,0,0,0,5,0,33
17431,35,0,3,0,0,0,0,0,5,0,38
17432,29,0,5,0,0,0,0,0,3,0,34
17433,31,0,5,0,0,0,0,0,0,0,36
17434,31,0,4,0,0,0,0,0,0,0,35
17435,33,0,2,0,0,0,0,0,0,0,35
17436,24,0,2,0,0,0,0,0,0,0,26
17437,31,0,2,0,0,0,0,0,0,0,33
17438,35,0,0,0,0,0,0,0,0,0,35
17439,37,0,0,0,0,0,0,0,0,0,37
17440,42,0,0,0,0,0,0,0,0,0,42
17441,47,0,0,0,0,0,0,0,0,0,47
17442,46,0,0,0,0,0,0,0,0,0,46
17443,42,0,0,0,0,0,0,0,0,0,42
17444,43,0,0,0,0,0,0,0,1,0,43
17445,46,0,0,0,0,0,0,0,4,0,46
17446,50,0,0,0,0,0,0,0,0,0,50
17447,42,0,0,0,0,0,0,0,0,0,42
17448,48,0,0,0,0,0,0,0,0,0,48
17449,51,0,0,0,0,0,0,0,0,0,51
17450,38,0,4,0,0,0,0,0,0,0,42
17451,44,0,4,0,0,0,0,0,0,0,48
17452,40,0,0,0,0,0,0,0,0,0,40
17453,39,0,0,0,0,0,0,0,0,0,39
17454,40,0,0,0,0,0,0,0,0,0,40
17455,42,0,0,0,0,0,0,0,0,0,42
17456,51,0,1,0,0,0,0,0,0,0,52
17457,58,0,3,0,0,0,0,0,0,0,61
17458,49,0,4,0,0,0,0,0,3,0,53
17459,38,0,5,0,0,0,0,0,0,0,43
17460,32,0,5,0,0,0,0,0,0,0,37
17461,31,0,4,0,0,0,0,0,0,0,35
17462,38,0,0,0,0,0,0,0,1,0,38
17463,38,0,0,0,0,0,0,0,0,0,38
17464,48,0,0,0,0,0,0,0,0,0,48
17465,38,0,2,0,0,0,0,0,0,0,40
17466,37,1,3,0,0,0,0,0,1,0,41
17467,31,4,1,0,0,0,0,0,0,0,36
17468,21,5,0,0,0,0,0,0,2,0,26
17469,18,5,1,0,0,0,0,0,0,0,24
17470,12,5,4,0,0,0,0,0,0,0,21
17471,12,5,5,0,0,0,0,0,0,0,22
17472,20,3,6,0,0,0,0,0,0,0,29
17473,34,2,0,0,0,0,0,0,0,0,36
17474,27,0,0,0,0,0,1,0,1,0,28
17475,31,0,0,0,0,0,0,0,3,0,31
17476,34,0,0,0,0,0,0,0,2,0,34
17477,34,0,3,0,0,0,0,0,4,0,37
17478,31,0,4,0,0,0,0,0,4,0,35
17479,34,0,2,0,0,0,0,0,0,0,36
17480,40,0,0,0,0,0,0,0,1,0,40
17481,41,0,1,0,0,0,2,0,5,0,44
17482,35,0,2,0,0,0,1,0,5,0,38
17483,45,0,0,0,0,0,0,0,4,0,45
17484,44,0,0,0,0,0,0,0,0,0,44
17485,39,0,0,0,0,0,0,0,0,0,39
17486,40,0,0,0,0,0,0,0,0,0,40
17487,42,0,0,0,0,0,0,0,1,0,42
17488,44,0,0,0,0,0,0,0,4,0,44
17489,39,0,0,0,0,0,0,0,1,0,39
17490,40,0,0,0,0,0,0,0,5,0,40
17491,36,0,0,0,0,0,0,0,0,0,36
17492,27,0,0,0,0,0,0,0,0,0,27
17493,24,0,0,0,0,0,0,0,0,0,24
17494,18,0,0,0,0,0,0,0,5,0,18
17495,18,0,0,0,0,0,0,0,0,0,18
17496,14,0,0,0,0,0,0,0,0,0,14
17497,20,0,0,0,0,0,0,0,3,0,20
17498,21,0,0,0,0,0,0,0,6,0,21
17499,18,0,0,0,0,0,0,0,5,0,18
17500,25,0,1,0,0,0,0,0,4,0,26
17501,25,0,5,0,0,0,0,0,2,0,30
17502,24,0,3,0,0,0,0,0,0,0,27
17503,24,0,2,0,0,0,0,0,4,0,26
17504,23,0,3,0,0,0,0,0,2,0,26
17505,29,0,3,0,0,0,0,0,5,0,32
17506,25,0,0,0,0,0,0,0,5,0,25
17507,30,0,5,0,0,0,0,0,5,0,35
17508,40,0,5,0,0,0,0,0,4,0,45
17509,39,0,5,0,0,0,0,0,0,0,44
17510,47,0,5,0,0,0,0,0,2,0,52
17511,53,0,5,0,0,0,0,0,5,0,58
17512,44,0,8,0,0,0,0,0,4,0,52
17513,47,0,5,0,0,0,0,0,1,0,52
17514,55,0,4,0,0,0,0,0,1,0,59
17515,56,0,1,0,0,0,0,0,2,0,57
17516,57,0,0,0,0,0,0,0,0,0,57
17517,57,0,0,0,0,0,0,0,0,0,57
17518,59,0,0,0,0,0,0,0,2,0,59
17519,54,0,0,0,0,0,0,0,5,0,54
17520,59,0,0,0,0,0,0,0,5,0,59
17521,67,0,0,0,0,0,0,0,5,0,67
17522,60,0,0,0,0,0,0,0,5,0,60
17523,54,0,0,0,0,0,1,0,5,0,55
17524,55,0,0,0,0,0,1,0,5,0,56
17525,55,0,0,0,0,0,0,0,5,0,55
17526,64,0,0,0,0,0,0,0,5,0,64
17527,52,0,0,0,0,0,0,0,5,0,52
17528,48,0,0,0,0,0,0,0,5,0,48
17529,49,0,0,0,0,0,0,0,3,0,49
17530,57,0,0,0,0,0,0,0,0,0,57
17531,55,0,0,0,0,0,0,0,0,0,55
17532,52,0,0,0,0,0,0,0,5,0,52
17533,45,0,0,0,0,0,0,0,1,0,45
17534,44,0,0,0,0,0,0,0,2,0,44
17535,38,0,0,0,0,0,0,0,4,0,38
17536,31,0,0,0,0,0,0,0,3,0,31
17537,35,0,0,0,0,0,0,0,5,0,35
17538,34,0,0,0,0,0,2,0,2,0,36
17539,38,0,0,0,0,0,0,0,2,0,38
17540,34,0,4,0,0,0,0,0,4,0,38
17541,37,0,1,0,0,0,0,0,0,0,38
17542,38,0,0,0,0,0,0,0,2,0,38
17543,34,0,1,0,0,0,0,0,0,0,35
17544,51,0,0,0,0,0,0,0,0,0,51
17545,56,0,5,0,0,0,0,0,3,0,61
17546,39,0,5,0,0,0,1,0,0,0,45
17547,40,0,3,0,0,0,3,0,2,0,46
17548,38,0,0,0,0,0,0,0,5,0,38
17549,39,0,0,0,0,0,0,0,5,0,39
17550,47,0,0,0,0,0,0,0,4,0,47
17551,50,0,0,0,0,0,0,0,4,0,50
17552,50,0,3,0,0,0,0,0,0,0,53
17553,47,1,3,0,0,0,0,0,1,0,51
17554,41,4,1,0,0,0,0,0,0,0,46
17555,46,5,0,0,0,0,0,0,3,0,51
17556,40,5,0,0,0,0,0,0,2,0,45
17557,42,5,0,0,0,0,0,0,4,0,47
17558,41,5,0,0,0,0,0,0,5,0,46
17559,30,5,5,0,0,0,0,0,4,0,40
17560,23,5,9,0,0,0,0,0,6,0,37
17561,27,5,5,0,0,0,0,0,4,0,37
17562,35,5,5,0,0,0,0,0,5,0,45
17563,34,5,2,0,0,0,0,0,4,0,41
17564,31,5,0,0,0,0,0,0,0,0,36
17565,31,5,0,0,0,0,0,0,0,0,36
17566,34,5,0,0,0,0,0,0,0,0,39
17567,34,5,0,0,0,0,0,0,0,0,39
17568,35,5,0,0,0,0,0,0,1,0,40
17569,37,5,1,0,0,0,0,0,2,0,43
17570,29,1,0,0,0,0,0,0,0,0,30
17571,30,0,0,0,0,0,0,0,0,0,30
17572,37,0,0,0,0,0,0,0,0,0,37
17573,43,0,0,0,0,0,0,0,3,0,43
17574,46,0,0,0,0,0,0,0,2,0,46
17575,39,0,0,0,0,0,0,0,0,0,39
17576,35,0,0,0,0,0,0,0,1,0,35
17577,43,0,0,0,0,0,0,0,0,0,43
17578,42,0,0,0,0,0,0,0,0,0,42
17579,41,0,1,0,0,0,0,0,0,0,42
17580,40,0,0,0,0,0,0,0,5,0,40
17581,32,0,0,0,0,0,0,0,0,0,32
17582,30,0,0,0,0,0,2,0,0,0,32
17583,31,0,0,0,0,0,2,0,3,0,33
17584,28,0,2,0,0,0,0,0,1,0,30
17585,20,0,5,0,0,0,0,0,0,0,25
17586,21,0,5,0,0,0,0,0,0,0,26
17587,28,0,3,0,0,0,0,0,0,0,31
17588,37,0,0,0,0,0,0,0,0,0,37
17589,27,0,0,0,0,0,2,0,0,0,29
17590,35,0,0,0,0,0,1,0,3,0,36
17591,41,0,0,0,0,0,0,0,4,0,41
17592,38,0,0,0,0,0,0,0,1,0,38
17593,37,0,4,0,0,0,0,0,4,0,41
17594,41,0,0,0,0,0,0,0,0,0,41
17595,49,0,0,0,0,0,0,0,0,0,49
17596,65,0,0,0,0,0,0,0,0,0,65
17597,53,0,0,0,0,0,0,0,0,0,53
17598,51,0,0,0,0,0,0,0,0,0,51
17599,56,0,0,0,0,0,0,0,0,0,56
17600,41,0,0,0,0,0,0,0,0,0,41
17601,39,0,0,0,0,0,0,0,3,0,39
17602,37,0,0,0,0,0,0,0,1,0,37
17603,47,0,0,0,0,0,0,0,1,0,47
17604,39,0,0,0,0,0,0,0,5,0,39
17605,49,0,0,0,0,0,0,0,5,0,49
17606,44,0,0,0,0,0,0,0,5,0,44
17607,44,0,1,0,0,0,0,0,5,0,45
17608,46,0,0,0,0,0,0,0,6,0,46
17609,47,0,0,0,0,0,0,0,6,0,47
17610,54,0,0,0,0,0,0,0,1,0,54
17611,52,0,0,0,0,0,0,0,1,0,52
17612,51,0,0,0,0,0,0,0,2,0,51
17613,53,0,0,0,0,0,0,0,1,0,53
17614,57,0,0,0,0,0,0,0,5,0,57
17615,55,0,0,0,0,0,0,0,3,0,55
17616,58,0,0,0,0,0,0,0,5,0,58
17617,57,0,0,0,0,0,0,0,5,0,57
17618,65,9,5,0,0,0,0,0,0,0,79
17619,69,9,4,0,0,0,0,0,0,0,82
17620,68,9,2,0,0,0,0,0,0,0,79
17621,76,10,0,0,0,0,0,0,0,0,86
17622,74,10,3,0,0,0,0,0,0,0,87
17623,79,9,1,0,0,0,0,0,0,0,89
17624,82,6,0,0,0,0,0,0,0,0,88
17625,85,7,1,0,0,0,0,0,0,0,93
17626,86,6,7,0,0,0,0,0,0,0,99
17627,81,9,0,0,0,0,0,0,0,0,90
17628,82,10,0,0,0,0,0,0,0,0,92
17629,86,6,4,0,0,0,0,0,0,0,96
17630,88,6,4,0,0,0,0,0,0,0,98
17631,88,5,7,0,0,0,0,0,0,0,100
17632,81,6,4,0,0,0,0,0,0,0,91
17633,81,9,1,0,0,0,0,0,0,0,91
17634,80,8,3,0,0,0,0,0,0,0,91
17635,72,4,7,0,0,0,0,0,0,0,83
17636,66,5,5,0,0,0,0,0,0,0,76
17637,74,5,5,0,0,0,0,0,0,0,84
17638,78,9,2,0,0,0,0,0,0,0,89
17639,82,9,0,0,0,0,0,0,0,0,91
17640,80,9,1,0,0,0,0,0,0,0,90
17641,86,5,5,0,0,0,0,0,0,0,96
17642,92,7,3,0,0,0,0,0,0,0,102
17643,90,10,4,0,0,0,0,0,0,0,104
17644,76,5,4,0,0,0,0,0,3,0,85
17645,74,6,4,0,0,0,0,0,2,0,84
17646,73,6,5,0,0,0,0,0,3,0,84
17647,83,4,6,0,0,0,0,0,0,0,93
17648,90,0,6,0,0,0,0,0,0,0,96
17649,90,0,5,0,0,0,0,0,0,0,95
17650,93,0,5,0,0,0,0,0,0,0,98
17651,95,0,5,0,0,0,0,0,0,0,100
17652,103,0,5,0,0,0,0,0,0,0,108
17653,91,0,5,0,0,0,0,0,0,0,96
17654,96,0,5,0,0,0,0,0,0,0,101
17655,93,0,5,0,0,0,0,0,0,0,98
17656,84,0,5,0,0,0,0,0,0,0,89
17657,89,0,5,0,0,0,0,0,0,0,94
17658,85,0,5,0,0,0,0,0,0,0,90
17659,83,4,5,0,0,0,0,0,0,0,92
17660,83,2,0,0,0,0,0,0,0,0,85
17661,89,0,1,0,0,0,0,0,0,0,90
17662,90,0,3,0,0,0,0,0,0,0,93
17663,82,0,0,0,0,0,0,0,0,0,82
17664,85,0,3,0,0,0,0,0,0,0,88
17665,88,0,5,0,0,0,0,0,0,0,93
17666,92,1,3,0,0,0,0,0,0,0,96
17667,90,5,0,0,0,0,0,0,0,0,95
17668,88,5,2,0,0,0,0,0,0,0,95
17669,86,5,0,0,0,0,0,0,0,0,91
17670,86,4,0,0,0,0,0,0,0,0,90
17671,85,2,3,0,0,0,0,0,0,0,90
17672,89,0,5,0,0,0,0,0,0,0,94
17673,86,0,6,0,0,0,0,0,0,0,92
17674,94,0,5,0,0,0,0,0,0,0,99
17675,89,0,5,0,0,0,0,0,0,0,94
17676,81,0,5,0,0,0,0,0,0,0,86
17677,81,3,2,0,0,0,0,0,0,0,86
17678,72,5,0,0,0,0,1,0,0,0,78
17679,78,5,0,0,0,0,0,0,0,0,83
17680,78,5,0,0,0,0,0,0,1,0,83
17681,77,5,0,0,0,0,0,0,0,0,82
17682,80,5,0,0,0,0,0,0,5,0,85
17683,88,4,1,0,0,0,0,0,0,0,93
17684,90,5,0,0,0,0,0,0,0,0,95
17685,85,5,0,0,0,0,0,0,1,0,90
17686,77,5,0,0,0,0,0,0,1,0,82
17687,77,5,0,0,0,0,0,0,1,0,82
17688,85,5,0,0,0,0,0,0,0,0,90
17689,79,5,0,0,0,0,0,0,0,0,84
17690,76,5,0,0,0,0,0,0,0,0,81
17691,78,5,0,0,0,0,0,0,0,0,83
17692,78,5,0,0,0,0,0,0,0,0,83
17693,75,5,0,0,0,0,0,0,0,0,80
17694,77,5,0,0,0,0,0,0,0,0,82
17695,86,5,0,0,0,0,0,0,0,0,91
17696,83,5,0,0,0,0,0,0,0,0,88
17697,83,5,0,0,0,0,0,0,0,0,88
17698,81,1,2,0,0,0,0,0,0,0,84
17699,78,0,2,0,0,0,0,0,0,0,80
17700,82,0,5,0,0,0,0,0,0,0,87
17701,77,0,3,0,0,0,0,0,0,0,80
17702,67,0,4,0,0,0,0,0,0,0,71
17703,71,0,5,0,0,0,0,0,0,0,76
17704,74,0,6,0,0,0,0,0,0,0,80
17705,84,0,4,0,0,0,0,0,0,0,88
17706,86,0,3,0,0,0,0,0,0,0,89
17707,91,0,4,0,0,0,0,0,0,0,95
17708,87,0,6,0,0,0,0,0,0,0,93
17709,83,0,2,0,0,0,0,0,0,0,85
17710,89,0,0,0,0,0,0,0,3,0,89
17711,84,0,1,0,0,0,0,0,4,0,85
17712,83,0,4,0,0,0,0,0,3,0,87
17713,85,0,0,0,0,0,0,0,4,0,85
17714,80,0,0,0,0,0,0,0,1,0,80
17715,80,0,0,0,0,0,0,0,0,0,80
17716,91,0,0,0,0,0,0,0,0,0,91
17717,90,0,0,0,0,0,0,0,0,0,90
17718,86,0,1,0,0,0,0,0,0,0,87
17719,83,0,0,0,0,0,0,0,0,0,83
17720,80,0,0,0,0,0,0,0,0,0,80
17721,84,0,0,0,0,0,0,0,0,0,84
17722,93,0,0,0,0,0,0,0,0,0,93
17723,95,0,0,0,0,0,0,0,0,0,95
17724,95,0,0,0,0,0,0,0,0,0,95
17725,85,0,3,0,0,0,0,0,0,0,88
17726,86,0,3,0,0,0,0,0,0,0,89
17727,95,0,3,0,0,0,0,0,0,0,98
17728,93,0,3,0,0,0,0,0,0,0,96
17729,102,0,2,0,0,0,0,0,0,0,104
17730,97,0,8,0,0,0,0,0,0,0,105
17731,95,0,10,0,0,0,0,0,0,0,105
17732,92,0,4,0,0,0,0,0,0,0,96
17733,87,0,4,0,0,0,0,0,0,0,91
17734,90,0,4,0,0,0,0,0,0,0,94
17735,94,0,5,0,0,0,0,0,0,0,99
17736,91,0,2,0,0,0,0,0,0,0,93
17737,91,0,1,0,0,0,0,0,0,0,92
17738,90,0,0,0,0,0,0,0,0,0,90
17739,88,0,0,0,0,0,0,0,0,0,88
17740,84,0,0,0,0,0,0,0,0,0,84
17741,84,0,0,0,0,0,0,0,1,0,84
17742,84,0,0,0,0,0,0,0,2,0,84
17743,86,0,0,0,0,0,0,0,0,0,86
17744,86,0,0,0,0,0,0,0,0,0,86
17745,83,0,0,0,0,0,0,0,0,0,83
17746,80,0,4,0,0,0,0,0,0,0,84
17747,75,0,4,0,0,0,0,0,0,0,79
17748,70,0,5,0,0,0,0,0,0,0,75
17749,84,0,5,0,0,0,0,0,0,0,89
17750,84,0,2,0,0,0,0,0,0,0,86
17751,91,0,5,0,0,0,0,0,0,0,96
17752,95,0,5,0,0,0,0,0,0,0,100
17753,96,0,4,0,0,0,0,0,0,0,100
17754,93,0,5,0,0,0,0,0,0,0,98
17755,99,0,5,0,0,0,0,0,0,0,104
17756,96,0,5,0,0,0,0,0,0,0,101
17757,98,0,5,0,0,0,0,0,0,0,103
17758,100,0,5,0,0,0,0,0,0,0,105
17759,95,0,5,0,0,0,0,0,0,0,100
17760,92,0,5,0,0,0,0,0,0,0,97
17761,102,0,0,0,0,0,0,0,0,0,102
17762,97,0,0,0,0,0,0,0,0,0,97
17763,94,0,0,0,0,0,0,0,0,0,94
17764,107,0,0,0,0,0,0,0,0,0,107
17765,109,0,0,0,0,0,0,0,0,0,109
17766,104,0,0,0,0,0,0,0,0,0,104
17767,98,0,0,0,0,0,0,0,0,0,98
17768,86,0,6,0,0,0,0,0,0,0,92
17769,89,0,0,0,0,0,0,0,0,0,89
17770,85,0,0,0,0,0,0,0,0,0,85
17771,88,0,1,0,0,0,0,0,0,0,89
17772,84,0,1,0,0,0,0,0,0,0,85
17773,90,0,0,0,0,0,0,0,0,0,90
17774,94,0,0,0,0,0,0,0,0,0,94
17775,93,0,0,0,0,0,0,0,0,0,93
17776,99,0,0,0,0,0,0,0,0,0,99
17777,92,0,0,0,0,0,0,0,0,0,92
17778,99,0,0,0,0,0,0,0,0,0,99
17779,103,0,0,0,0,0,0,0,0,0,103
17780,104,0,0,0,0,0,0,0,0,0,104
17781,103,0,2,0,0,0,0,0,0,0,105
17782,103,0,0,0,0,0,0,0,0,0,103
17783,110,0,0,0,0,0,0,0,0,0,110
17784,106,0,0,0,0,0,0,0,0,0,106
17785,106,0,0,0,0,0,0,0,0,0,106
17786,108,0,0,0,0,0,0,0,0,0,108
17787,103,0,0,0,0,0,0,0,0,0,103
17788,98,0,0,0,0,0,0,0,0,0,98
17789,103,0,0,0,0,0,0,0,0,0,103
17790,110,0,0,0,0,0,0,0,0,0,110
17791,103,0,0,0,0,0,0,0,1,0,103
17792,113,0,0,0,0,0,0,0,1,0,113
17793,101,0,8,0,0,0,0,0,1,0,109
17794,111,0,2,0,0,0,0,0,1,0,113
17795,105,0,5,0,0,0,0,0,0,0,110
17796,106,0,5,0,0,0,0,0,0,0,111
17797,106,0,6,0,0,0,0,0,0,0,112
17798,108,0,5,0,0,0,0,0,3,0,113
17799,100,0,5,0,0,0,0,0,3,0,105
17800,94,0,3,0,0,0,0,0,9,0,97
17801,94,0,2,0,0,0,0,0,8,0,96
17802,104,0,0,0,0,0,0,0,10,0,104
17803,99,0,0,0,0,0,0,0,10,0,99
17804,100,0,0,0,0,0,0,0,9,0,100
17805,96,0,0,0,0,0,0,0,10,0,96
17806,100,0,0,0,0,0,0,0,10,0,100
17807,99,0,0,0,0,0,0,0,10,0,99
17808,101,0,0,0,0,0,0,0,10,0,101
17809,95,0,0,0,0,0,0,0,11,0,95
17810,93,0,0,0,0,0,0,0,15,0,93
17811,96,0,0,0,0,0,0,0,15,0,96
17812,95,0,0,0,0,0,0,0,12,0,95
17813,93,0,0,0,0,0,0,0,10,0,93
17814,86,0,0,0,0,0,0,0,15,0,86
17815,91,0,0,0,0,0,0,0,15,0,91
17816,99,0,0,0,0,0,0,0,15,0,99
17817,101,0,0,0,0,0,0,0,13,0,101
17818,104,0,0,0,0,0,0,0,10,0,104
17819,106,0,0,0,0,0,0,0,11,0,106
17820,101,0,0,0,0,0,0,0,7,0,101
17821,101,0,0,0,0,0,0,0,10,0,101
17822,90,0,0,0,0,0,0,0,8,0,90
17823,88,0,2,0,0,0,0,0,2,0,90
17824,89,0,3,0,0,0,0,0,0,0,92
17825,92,0,0,0,0,0,0,0,0,0,92
17826,97,0,0,0,0,0,0,0,0,0,97
17827,94,0,0,0,0,0,0,0,0,0,94
17828,95,0,0,0,0,0,0,0,0,0,95
17829,90,0,0,0,0,0,0,0,0,0,90
17830,102,0,0,0,0,0,0,0,0,0,102
17831,91,0,0,0,0,0,0,0,0,0,91
17832,104,0,0,0,0,0,0,0,0,0,104
17833,102,0,0,0,0,0,0,0,0,0,102
17834,107,0,0,0,0,0,0,0,4,0,107
17835,114,0,0,0,0,0,0,0,2,0,114
17836,106,0,0,0,0,0,0,0,0,0,106
17837,95,0,0,0,0,0,0,0,0,0,95
17838,95,0,0,0,0,0,0,0,0,0,95
17839,93,0,0,0,0,0,0,0,0,0,93
17840,94,0,0,0,0,0,0,0,0,0,94
17841,103,0,0,0,0,0,0,0,0,0,103
17842,104,0,0,0,0,0,0,0,0,0,104
17843,108,0,0,0,0,0,0,0,0,0,108
17844,111,0,0,0,0,0,0,0,0,0,111
17845,114,0,0,0,0,0,0,0,0,0,114
17846,101,0,0,0,0,0,0,0,0,0,101
17847,102,0,3,0,0,0,0,0,0,0,105
17848,91,0,5,0,0,0,0,0,0,0,96
17849,97,0,5,0,0,0,0,0,0,0,102
17850,101,0,1,0,0,0,0,0,0,0,102
17851,102,0,0,0,0,0,0,0,0,0,102
17852,88,0,2,0,0,0,0,0,0,0,90
17853,91,0,4,0,0,0,0,0,0,0,95
17854,94,0,4,0,0,0,0,0,0,0,98
17855,97,0,0,0,0,0,0,0,0,0,97
17856,103,0,0,0,0,0,0,0,0,0,103
17857,101,0,0,0,0,0,0,0,0,0,101
17858,103,0,0,0,0,0,0,0,0,0,103
17859,103,0,0,0,0,0,0,0,0,0,103
17860,100,0,0,0,0,0,0,0,0,0,100
17861,105,0,0,0,0,0,0,0,1,0,105
17862,95,0,0,0,0,0,0,0,1,0,95
17863,94,0,2,0,0,0,0,0,2,0,96
17864,91,0,0,0,0,0,0,0,3,0,91
17865,97,0,0,0,0,0,0,0,0,0,97
17866,94,0,0,0,0,0,0,0,1,0,94
17867,92,0,0,0,0,0,0,0,1,0,92
17868,94,0,1,0,0,0,0,0,8,0,95
17869,97,0,1,0,0,0,0,0,7,0,98
17870,95,0,0,0,0,0,0,0,3,0,95
17871,93,0,0,0,0,0,0,0,0,0,93
17872,89,0,0,0,0,0,0,0,0,0,89
17873,92,0,0,0,0,0,0,0,0,0,92
17874,94,0,0,0,0,0,0,0,0,0,94
17875,94,0,0,0,0,0,0,0,0,0,94
17876,92,0,0,0,0,0,0,0,0,0,92
17877,91,0,0,0,0,0,0,0,0,0,91
17878,97,0,0,0,0,0,0,0,0,0,97
17879,90,0,1,0,0,0,0,0,0,0,91
17880,94,0,0,0,0,0,0,0,0,0,94
17881,93,0,0,0,0,0,0,0,0,0,93
17882,92,0,0,0,0,0,0,0,0,0,92
17883,95,0,0,0,0,0,0,0,0,0,95
17884,90,0,0,0,0,0,0,0,0,0,90
17885,88,0,0,0,0,0,0,0,0,0,88
17886,84,0,0,0,0,0,0,0,0,0,84
17887,85,0,0,0,0,0,0,0,0,0,85
17888,84,0,3,0,0,0,0,0,0,0,87
17889,86,0,3,0,0,0,0,0,0,0,89
17890,86,0,0,0,0,0,0,0,0,0,86
17891,85,0,0,0,0,0,0,0,0,0,85
17892,86,0,0,0,0,0,0,0,0,0,86
17893,89,0,0,0,0,0,0,0,0,0,89
17894,82,0,0,0,0,0,0,0,0,0,82
17895,82,0,0,0,0,0,0,0,0,0,82
17896,78,0,0,0,0,0,0,0,0,0,78
17897,81,0,0,0,0,0,0,0,0,0,81
17898,83,0,0,0,0,0,0,0,0,0,83
17899,87,0,0,0,0,0,0,0,1,0,87
17900,88,0,0,0,0,0,0,0,5,0,88
17901,88,0,0,0,0,0,0,0,5,0,88
17902,87,0,0,0,0,0,0,0,5,0,87
17903,91,0,1,0,0,0,0,0,5,0,92
17904,89,0,2,0,0,0,0,0,5,0,91
17905,94,0,0,0,0,0,0,0,5,0,94
17906,94,0,1,0,0,0,0,0,5,0,95
17907,94,0,0,0,0,0,0,0,5,0,94
17908,92,0,0,0,0,0,0,0,5,0,92
17909,87,0,0,0,0,0,0,0,5,0,87
17910,89,0,0,0,0,0,0,0,5,0,89
17911,85,0,0,0,0,0,0,0,5,0,85
17912,83,0,0,0,0,0,0,0,5,0,83
17913,78,0,0,0,0,0,0,0,5,0,78
17914,75,0,0,0,0,0,0,0,5,0,75
17915,72,0,0,0,0,0,0,0,4,0,72
17916,71,0,0,0,0,0,0,0,2,0,71
17917,72,0,2,0,0,0,0,0,5,0,74
